outcome,model,term,estimate,ci_low,ci_high,std_err,p_value,n_obs,n_refits,note
fan_vote_index_mean,ols,Intercept,-1.060107485946934,-2.2488752836336205,0.1286603117397529,0.6041026731223879,0.0802962511827279,421,15,fan_line_refit_1
fan_vote_index_mean,ols,C(industry)[T.Astronaut],0.1354390881353759,-1.786660702043109,2.057538878313861,0.9767640270155069,0.8898101382710053,421,15,fan_line_refit_1
fan_vote_index_mean,ols,C(industry)[T.Athlete],-0.022104976448476345,-0.26316095848523846,0.21895100558828576,0.12249874483808214,0.8569194352368803,421,15,fan_line_refit_1
fan_vote_index_mean,ols,C(industry)[T.Beauty Pagent],-1.121945458187347,-1.9578094427686945,-0.28608147360599934,0.42476560051083007,0.0086865768946531,421,15,fan_line_refit_1
fan_vote_index_mean,ols,C(industry)[T.Comedian],-0.09373355496357112,-0.6079495553516611,0.4204824454245188,0.26131197446738075,0.7200666137294819,421,15,fan_line_refit_1
fan_vote_index_mean,ols,C(industry)[T.Con artist],-1.0605783646338467,-1.8810530962318843,-0.24010363303580906,0.4169451591406438,0.011465555868432713,421,15,fan_line_refit_1
fan_vote_index_mean,ols,C(industry)[T.Conservationist],-0.09509289661664842,-0.9476766359985357,0.7574908427652388,0.43326217031076253,0.8264230127333809,421,15,fan_line_refit_1
fan_vote_index_mean,ols,C(industry)[T.Entrepreneur],0.8239886880977069,0.0007766978975760619,1.6472006782978377,0.4183361669066428,0.049785599100208064,421,15,fan_line_refit_1
fan_vote_index_mean,ols,C(industry)[T.Fashion Designer],-0.4114348971706886,-2.021962564286147,1.1990927699447695,0.8184307067665344,0.6155319889047797,421,15,fan_line_refit_1
fan_vote_index_mean,ols,C(industry)[T.Fitness Instructor],0.7273756833501941,-0.8648639963629905,2.3196153630633787,0.8091371995759452,0.36939192985449903,421,15,fan_line_refit_1
fan_vote_index_mean,ols,C(industry)[T.Journalist],-0.1576268687219698,-1.8287359332049733,1.5134821957610338,0.849216688824966,0.8528713315553469,421,15,fan_line_refit_1
fan_vote_index_mean,ols,C(industry)[T.Magician],0.524125431471317,-1.0938023030727586,2.1420531660153923,0.8221912397517085,0.5242976213293364,421,15,fan_line_refit_1
fan_vote_index_mean,ols,C(industry)[T.Military],0.9186498026564202,-0.7251899647780508,2.562489570090891,0.8353591000904428,0.2723329954544738,421,15,fan_line_refit_1
fan_vote_index_mean,ols,C(industry)[T.Model],-0.3445219845674143,-0.8090088481729949,0.11996487903816638,0.23604084538662778,0.1454397668923963,421,15,fan_line_refit_1
fan_vote_index_mean,ols,C(industry)[T.Motivational Speaker],0.8600733034123035,-0.759780003202971,2.479926610027578,0.8231697683068769,0.29693390558845467,421,15,fan_line_refit_1
fan_vote_index_mean,ols,C(industry)[T.Musician],0.8914155401990168,-0.7118669453552623,2.494698025753296,0.8147488829848988,0.2747807763197313,421,15,fan_line_refit_1
fan_vote_index_mean,ols,C(industry)[T.News Anchor],-0.45393778137308144,-1.395728141607062,0.4878525788608991,0.4785947897018946,0.34364079446722245,421,15,fan_line_refit_1
fan_vote_index_mean,ols,C(industry)[T.Politician],0.4171045642202489,-0.5171852864948066,1.3513944149353043,0.4747832145069912,0.3803599730921472,421,15,fan_line_refit_1
fan_vote_index_mean,ols,C(industry)[T.Producer],0.5209575510295619,-1.1096777563038014,2.151592858362925,0.8286489169413537,0.5300301907907048,421,15,fan_line_refit_1
fan_vote_index_mean,ols,C(industry)[T.Racing Driver],0.050906034983780005,-0.8051179355480117,0.9069300055155717,0.43501041150459396,0.9069196985737777,421,15,fan_line_refit_1
fan_vote_index_mean,ols,C(industry)[T.Radio Personality],-0.7786925971066071,-1.6446944934800616,0.08730929926684727,0.44008094898457545,0.07782789340824128,421,15,fan_line_refit_1
fan_vote_index_mean,ols,C(industry)[T.Singer/Rapper],0.05256335350658678,-0.20712487598093085,0.3122515829941044,0.13196719655185055,0.6906849976081685,421,15,fan_line_refit_1
fan_vote_index_mean,ols,C(industry)[T.Social Media Personality],0.16886144027501782,-0.4322917461475716,0.7700146266976072,0.305491322679353,0.5808396655731034,421,15,fan_line_refit_1
fan_vote_index_mean,ols,C(industry)[T.Social media personality],-0.2535721267423988,-1.0944950691942978,0.5873508157095002,0.42733643896957774,0.5533707417127931,421,15,fan_line_refit_1
fan_vote_index_mean,ols,C(industry)[T.Sports Broadcaster],0.2733249342424607,-1.3585778048562156,1.9052276733411369,0.8292929947157649,0.7419390936355984,421,15,fan_line_refit_1
fan_vote_index_mean,ols,C(industry)[T.TV Personality],-0.04676840028853942,-0.3034178715578649,0.2098810709807861,0.13042297406689196,0.7201513972113052,421,15,fan_line_refit_1
fan_vote_index_mean,ols,age,-0.0071762606238057886,-0.04146576664988098,0.0271132454022694,0.01742508696038699,0.6807515504733394,421,15,fan_line_refit_1
fan_vote_index_mean,ols,age_sq,-9.108277035521677e-05,-0.0004826754568024829,0.00030050991609204935,0.00019899781026901537,0.647490708686691,421,15,fan_line_refit_1
fan_vote_index_mean,ols,is_us,1.2570920587785852,-0.3174753294092534,2.831659446966424,0.8001565739470926,0.11721290047664125,421,15,fan_line_refit_1
fan_vote_index_mean,ols,log_state_pop,-0.07419384639318427,-0.16913522873795472,0.020747535951586182,0.048246884695245504,0.12514219134137328,421,15,fan_line_refit_1
fan_vote_index_mean,ols,Intercept,-0.805270304810537,-1.9759241584817449,0.3653835488606709,0.5948976105173659,0.17686382499645137,421,15,fan_line_refit_2
fan_vote_index_mean,ols,C(industry)[T.Astronaut],0.6157722750486432,-1.277039366460935,2.508583916558221,0.9618805073440263,0.5225423357509565,421,15,fan_line_refit_2
fan_vote_index_mean,ols,C(industry)[T.Athlete],-0.18244998010947544,-0.4198328524172331,0.054932892198282235,0.12063216045526035,0.13146197620456013,421,15,fan_line_refit_2
fan_vote_index_mean,ols,C(industry)[T.Beauty Pagent],-0.502964665853092,-1.3260921063837636,0.3201627746775797,0.4182932008358666,0.2301391384348047,421,15,fan_line_refit_2
fan_vote_index_mean,ols,C(industry)[T.Comedian],-0.18770264157364017,-0.6940832346929439,0.3186779515456636,0.2573302124401056,0.46630627345516495,421,15,fan_line_refit_2
fan_vote_index_mean,ols,C(industry)[T.Con artist],-0.9859251866299834,-1.793897869145599,-0.1779525041143678,0.4105919240640414,0.016942475748654238,421,15,fan_line_refit_2
fan_vote_index_mean,ols,C(industry)[T.Conservationist],-0.0653684506279307,-0.9049608773634593,0.7742239761075979,0.42666030347662875,0.8783349755116767,421,15,fan_line_refit_2
fan_vote_index_mean,ols,C(industry)[T.Entrepreneur],0.0322060517408805,-0.7784621801808266,0.8428742836625877,0.41196173623839716,0.9377386282109221,421,15,fan_line_refit_2
fan_vote_index_mean,ols,C(industry)[T.Fashion Designer],0.3468473722909107,-1.2391397512009075,1.9328344957827288,0.8059598036753111,0.667244676044026,421,15,fan_line_refit_2
fan_vote_index_mean,ols,C(industry)[T.Fitness Instructor],0.11627663896225991,-1.451701161792163,1.6842544397166825,0.7968079070408669,0.8840752064744328,421,15,fan_line_refit_2
fan_vote_index_mean,ols,C(industry)[T.Journalist],-0.3844088860800933,-2.030054293071104,1.2612365209109175,0.8362766818796905,0.6460848156722825,421,15,fan_line_refit_2
fan_vote_index_mean,ols,C(industry)[T.Magician],-0.08351808480551041,-1.6767925166090065,1.5097563469979858,0.8096630352395564,0.9179108429773231,421,15,fan_line_refit_2
fan_vote_index_mean,ols,C(industry)[T.Military],0.5833317741219093,-1.0354598539066409,2.2021234021504594,0.8226302492574166,0.47880415416172334,421,15,fan_line_refit_2
fan_vote_index_mean,ols,C(industry)[T.Model],-0.3145631558706853,-0.7719723638906675,0.14284605214929685,0.2324441542018397,0.1769733895328243,421,15,fan_line_refit_2
fan_vote_index_mean,ols,C(industry)[T.Motivational Speaker],-0.15794480052577645,-1.7531154633426438,1.437225862291091,0.810626653387915,0.8456465619714717,421,15,fan_line_refit_2
fan_vote_index_mean,ols,C(industry)[T.Musician],0.836679349762714,-0.7421729911991203,2.4155316907245483,0.8023340819768452,0.29786912121336745,421,15,fan_line_refit_2
fan_vote_index_mean,ols,C(industry)[T.News Anchor],0.12902412263864457,-0.7984156319574701,1.0564638772347592,0.47130216346855447,0.7844548659520942,421,15,fan_line_refit_2
fan_vote_index_mean,ols,C(industry)[T.Politician],-0.8538268526014458,-1.773880387289927,0.0662266820870353,0.4675486674543166,0.068807490285302,421,15,fan_line_refit_2
fan_vote_index_mean,ols,C(industry)[T.Producer],0.18905068462460398,-1.4167376873155073,1.7948390565647154,0.8160223130586004,0.8169480517990955,421,15,fan_line_refit_2
fan_vote_index_mean,ols,C(industry)[T.Racing Driver],0.5990431768497512,-0.24393706023948336,1.4420234139389856,0.4283819057060028,0.16301987369131907,421,15,fan_line_refit_2
fan_vote_index_mean,ols,C(industry)[T.Radio Personality],-0.7121923182809023,-1.5649984417719374,0.14061380521013278,0.4333751804672099,0.10134527429432384,421,15,fan_line_refit_2
fan_vote_index_mean,ols,C(industry)[T.Singer/Rapper],0.02047048818901216,-0.23526072121470987,0.27620169759273416,0.1299563358817755,0.8749413808514189,421,15,fan_line_refit_2
fan_vote_index_mean,ols,C(industry)[T.Social Media Personality],-0.13906775343080405,-0.7310608202869182,0.45292531342531017,0.3008363743143344,0.6442191783518525,421,15,fan_line_refit_2
fan_vote_index_mean,ols,C(industry)[T.Social media personality],0.08430793657051956,-0.7438013755571501,0.9124172486981893,0.4208248659388039,0.8413492970789329,421,15,fan_line_refit_2
fan_vote_index_mean,ols,C(industry)[T.Sports Broadcaster],-0.21044913188466338,-1.817485622997599,1.3965873592282725,0.8166565766466163,0.7968164625081011,421,15,fan_line_refit_2
fan_vote_index_mean,ols,C(industry)[T.TV Personality],0.041976383031395975,-0.2107623714745536,0.2947151375373456,0.1284356436099455,0.7440235250011947,421,15,fan_line_refit_2
fan_vote_index_mean,ols,age,-0.019644941123657552,-0.05341195807012995,0.014122075822814845,0.017159570809731226,0.2531794718435824,421,15,fan_line_refit_2
fan_vote_index_mean,ols,age_sq,0.00012114592225237995,-0.0002644798394405481,0.000506771683945308,0.0001959655652827108,0.5369078760203901,421,15,fan_line_refit_2
fan_vote_index_mean,ols,is_us,1.8487404240928518,0.2981656319138686,3.3993152162718347,0.787964124410438,0.019608921490766734,421,15,fan_line_refit_2
fan_vote_index_mean,ols,log_state_pop,-0.10741752160987807,-0.2009122270780609,-0.013922816141695257,0.04751171894631488,0.024476849851938383,421,15,fan_line_refit_2
fan_vote_index_mean,ols,Intercept,-0.8094853785274381,-1.8914464942954077,0.27247573724053153,0.5498261338520709,0.14198940379776714,421,15,fan_line_refit_3
fan_vote_index_mean,ols,C(industry)[T.Astronaut],1.2948273762851261,-0.45457838457567235,3.0442331371459246,0.8890051518625088,0.14629257121328854,421,15,fan_line_refit_3
fan_vote_index_mean,ols,C(industry)[T.Athlete],-0.1792629702214984,-0.39866090461589815,0.040134964172901355,0.11149265559102846,0.10891047862801655,421,15,fan_line_refit_3
fan_vote_index_mean,ols,C(industry)[T.Beauty Pagent],-0.3285444015657421,-1.0893088932922022,0.432220090160718,0.38660187798061196,0.3960927070284051,421,15,fan_line_refit_3
fan_vote_index_mean,ols,C(industry)[T.Comedian],0.24612842385149972,-0.22188704444122062,0.71414389214422,0.23783399584716464,0.3015525841696057,421,15,fan_line_refit_3
fan_vote_index_mean,ols,C(industry)[T.Con artist],0.0926140753536577,-0.6541438346323994,0.8393719853397149,0.37948407626428826,0.8073552504405818,421,15,fan_line_refit_3
fan_vote_index_mean,ols,C(industry)[T.Conservationist],-0.12329097683573402,-0.8992730111256466,0.6526910574541787,0.39433506032187715,0.7547575748551975,421,15,fan_line_refit_3
fan_vote_index_mean,ols,C(industry)[T.Entrepreneur],-0.1488380867120639,-0.8980873220663127,0.6004111486421849,0.3807501067855313,0.6961402976453691,421,15,fan_line_refit_3
fan_vote_index_mean,ols,C(industry)[T.Fashion Designer],1.3481032900407521,-0.11772402718498709,2.8139306072664914,0.7448975337278388,0.07132009210448129,421,15,fan_line_refit_3
fan_vote_index_mean,ols,C(industry)[T.Fitness Instructor],-0.3459617969765859,-1.795144239321445,1.103220645368273,0.7364390160687176,0.6388525593544969,421,15,fan_line_refit_3
fan_vote_index_mean,ols,C(industry)[T.Journalist],-0.5465762966899682,-2.067541981911648,0.9743893885317113,0.7729175015994219,0.48001059360573767,421,15,fan_line_refit_3
fan_vote_index_mean,ols,C(industry)[T.Magician],-0.5678480328495946,-2.040410546997227,0.9047144812980378,0.748320195809062,0.4485439595529688,421,15,fan_line_refit_3
fan_vote_index_mean,ols,C(industry)[T.Military],0.2633045130975782,-1.2328419272570605,1.759450953452217,0.7603049693637446,0.7293468517667748,421,15,fan_line_refit_3
fan_vote_index_mean,ols,C(industry)[T.Model],-0.531197221373824,-0.9539515441139099,-0.10844289863373807,0.21483339045548466,0.013962101256874379,421,15,fan_line_refit_3
fan_vote_index_mean,ols,C(industry)[T.Motivational Speaker],0.45517660221114475,-1.0191384780059085,1.929491682428198,0.7492108069523156,0.5439467029594595,421,15,fan_line_refit_3
fan_vote_index_mean,ols,C(industry)[T.Musician],1.1108762593015904,-0.3483568309093108,2.5701093495124914,0.7415465090999919,0.13516041706317536,421,15,fan_line_refit_3
fan_vote_index_mean,ols,C(industry)[T.News Anchor],0.12025652612117889,-0.7369172221593407,0.9774302744016985,0.43559470038998843,0.7826791582114528,421,15,fan_line_refit_3
fan_vote_index_mean,ols,C(industry)[T.Politician],-0.5900161613988584,-1.440363295042174,0.26033097224445734,0.43212558206533624,0.1731460616529404,421,15,fan_line_refit_3
fan_vote_index_mean,ols,C(industry)[T.Producer],-0.6370806206534766,-2.121208976053333,0.84704773474638,0.7541976730009696,0.3989375407629638,421,15,fan_line_refit_3
fan_vote_index_mean,ols,C(industry)[T.Racing Driver],0.018907918498841943,-0.7602052540509509,0.7980210910486348,0.3959262280809553,0.9619420330808536,421,15,fan_line_refit_3
fan_vote_index_mean,ols,C(industry)[T.Radio Personality],-0.5621268419613097,-1.3503214581687315,0.22606777424611224,0.4005411952764496,0.16151610827271728,421,15,fan_line_refit_3
fan_vote_index_mean,ols,C(industry)[T.Singer/Rapper],-0.07810159798238553,-0.31445773672948896,0.1582545407647179,0.12011039961198827,0.516024480361751,421,15,fan_line_refit_3
fan_vote_index_mean,ols,C(industry)[T.Social Media Personality],-0.01657294567042757,-0.5637145940183765,0.5305687026775214,0.2780439821694265,0.9525091445689952,421,15,fan_line_refit_3
fan_vote_index_mean,ols,C(industry)[T.Social media personality],0.1391352206455996,-0.6262336990548489,0.9045041403460481,0.38894173548070465,0.7207961818466869,421,15,fan_line_refit_3
fan_vote_index_mean,ols,C(industry)[T.Sports Broadcaster],0.07097989858886848,-1.41430201420851,1.5562618113862472,0.7547838826112899,0.9251395131801617,421,15,fan_line_refit_3
fan_vote_index_mean,ols,C(industry)[T.TV Personality],-0.051700903961696736,-0.28529130642396616,0.1818894985005727,0.11870492018524816,0.6634796137575073,421,15,fan_line_refit_3
fan_vote_index_mean,ols,age,-0.024618429467539636,-0.0558271417756122,0.006590282840532931,0.0158595030641831,0.12163847696938279,421,15,fan_line_refit_3
fan_vote_index_mean,ols,age_sq,0.00010199212736792263,-0.00025441730833478343,0.00045840156307062874,0.00018111854413707245,0.5737671736423197,421,15,fan_line_refit_3
fan_vote_index_mean,ols,is_us,0.4151449162200256,-1.0179530289722785,1.8482428614123296,0.7282652686433615,0.5690687238525004,421,15,fan_line_refit_3
fan_vote_index_mean,ols,log_state_pop,-0.03387429756588777,-0.12028552453064698,0.05253692939887144,0.04391206869733414,0.4410639170998343,421,15,fan_line_refit_3
fan_vote_index_mean,ols,Intercept,-1.1263647671249377,-2.228971771609465,-0.023757762640410407,0.5603178687282432,0.045293381140855286,421,15,fan_line_refit_4
fan_vote_index_mean,ols,C(industry)[T.Astronaut],-0.5318061655956896,-2.3145939363387944,1.250981605147415,0.905969071513884,0.557639102491472,421,15,fan_line_refit_4
fan_vote_index_mean,ols,C(industry)[T.Athlete],-0.06113570377969654,-0.2847201706401308,0.16244876308073766,0.11362014883131191,0.5909230610620513,421,15,fan_line_refit_4
fan_vote_index_mean,ols,C(industry)[T.Beauty Pagent],-0.33879386369660996,-1.114075197855568,0.4364874704623482,0.3939789816806231,0.39050817031604734,421,15,fan_line_refit_4
fan_vote_index_mean,ols,C(industry)[T.Comedian],-0.11216791795332899,-0.5891140170563265,0.3647781811496685,0.24237232364814995,0.643845813477105,421,15,fan_line_refit_4
fan_vote_index_mean,ols,C(industry)[T.Con artist],-0.5709140137093042,-1.3319214937428379,0.19009346632422952,0.3867253586856969,0.14090784242627113,421,15,fan_line_refit_4
fan_vote_index_mean,ols,C(industry)[T.Conservationist],0.051146660194689206,-0.7396425963627504,0.8419359167521288,0.4018597279405133,0.8988072414641907,421,15,fan_line_refit_4
fan_vote_index_mean,ols,C(industry)[T.Entrepreneur],-0.6717159850522967,-1.4352623297098779,0.0918303596052844,0.38801554749218,0.08444163886840172,421,15,fan_line_refit_4
fan_vote_index_mean,ols,C(industry)[T.Fashion Designer],-0.08137832263973796,-1.5751764303385274,1.4124197850590514,0.7591116042359712,0.9146996322690536,421,15,fan_line_refit_4
fan_vote_index_mean,ols,C(industry)[T.Fitness Instructor],0.38007556154949296,-1.0967600552011807,1.8569111783001664,0.7504916818722333,0.6129193204456489,421,15,fan_line_refit_4
fan_vote_index_mean,ols,C(industry)[T.Journalist],0.27778611330794906,-1.2722025079704495,1.8277747345863478,0.7876662467183951,0.7245811822260307,421,15,fan_line_refit_4
fan_vote_index_mean,ols,C(industry)[T.Magician],-1.600250775356747,-3.1009126004243353,-0.0995889502891587,0.7625995772599014,0.03669613096179471,421,15,fan_line_refit_4
fan_vote_index_mean,ols,C(industry)[T.Military],-0.2860305115865636,-1.8107262893074636,1.2386652661343365,0.7748130432301406,0.712265797032721,421,15,fan_line_refit_4
fan_vote_index_mean,ols,C(industry)[T.Model],-0.5158954574533874,-0.946716741727059,-0.08507417317971577,0.2189328226876648,0.01908900080533321,421,15,fan_line_refit_4
fan_vote_index_mean,ols,C(industry)[T.Motivational Speaker],0.37434658163543827,-1.1281012518161888,1.8767944150870655,0.7635071829681956,0.6242773876721487,421,15,fan_line_refit_4
fan_vote_index_mean,ols,C(industry)[T.Musician],0.6954912267141725,-0.7915868234984836,2.1825692769268286,0.7556966356451252,0.35813181351726053,421,15,fan_line_refit_4
fan_vote_index_mean,ols,C(industry)[T.News Anchor],0.20952494457151996,-0.6640053192619575,1.0830552084049974,0.44390668090269914,0.6372649277590293,421,15,fan_line_refit_4
fan_vote_index_mean,ols,C(industry)[T.Politician],-0.17934602393725682,-1.0459194082616634,0.6872273603871498,0.4403713651613085,0.6841039654273146,421,15,fan_line_refit_4
fan_vote_index_mean,ols,C(industry)[T.Producer],0.09961577919659469,-1.4128325855087023,1.6120641439018915,0.7685892079647864,0.8969620862507186,421,15,fan_line_refit_4
fan_vote_index_mean,ols,C(industry)[T.Racing Driver],0.29464553989886816,-0.4993346030287373,1.0886256828264735,0.40348125822556813,0.46579653610360766,421,15,fan_line_refit_4
fan_vote_index_mean,ols,C(industry)[T.Radio Personality],-0.9128987453008227,-1.7161336232108642,-0.10966386739078127,0.40818428782715094,0.026047422432807676,421,15,fan_line_refit_4
fan_vote_index_mean,ols,C(industry)[T.Singer/Rapper],-0.13285786609972264,-0.37372413230605955,0.10800840010661428,0.12240233590059535,0.27859876777027576,421,15,fan_line_refit_4
fan_vote_index_mean,ols,C(industry)[T.Social Media Personality],-0.007732141252054425,-0.565314299355262,0.5498500168511531,0.2833495934622169,0.9782477170578117,421,15,fan_line_refit_4
fan_vote_index_mean,ols,C(industry)[T.Social media personality],-0.15652600255638985,-0.9364996259869087,0.6234476208741291,0.39636348813977307,0.6931906962416204,421,15,fan_line_refit_4
fan_vote_index_mean,ols,C(industry)[T.Sports Broadcaster],0.8326130211576829,-0.6810109130279277,2.3462369553432936,0.7691866035763436,0.279909269470709,421,15,fan_line_refit_4
fan_vote_index_mean,ols,C(industry)[T.TV Personality],0.09753253027055611,-0.14051522410964146,0.3355802846507537,0.1209700372366248,0.42072896043737007,421,15,fan_line_refit_4
fan_vote_index_mean,ols,age,-0.03149535109657268,-0.0632995853618666,0.0003088831687212412,0.016162132734132584,0.052252531143665244,421,15,fan_line_refit_4
fan_vote_index_mean,ols,age_sq,0.00021785038863150817,-0.00014536002119107318,0.0005810607984540895,0.00018457463257894296,0.2388132355122188,421,15,fan_line_refit_4
fan_vote_index_mean,ols,is_us,1.4585341927802091,-0.0019100038301664846,2.9189783893905847,0.7421619637033062,0.050298476929382545,421,15,fan_line_refit_4
fan_vote_index_mean,ols,log_state_pop,-0.08230590930318596,-0.17036602784988464,0.00575420924351272,0.04474999500579995,0.06685843889786812,421,15,fan_line_refit_4
fan_vote_index_mean,ols,Intercept,-1.7847832902795795,-2.8181097992870408,-0.7514567812721182,0.5251112181154127,0.0007672290669434602,421,15,fan_line_refit_5
fan_vote_index_mean,ols,C(industry)[T.Astronaut],-1.0999139919175047,-2.7706832287811887,0.5708552449461792,0.8490439967537043,0.19614301906858353,421,15,fan_line_refit_5
fan_vote_index_mean,ols,C(industry)[T.Athlete],-0.21625779245659718,-0.4257936975157138,-0.006721887397480586,0.10648101387643168,0.04313268913201665,421,15,fan_line_refit_5
fan_vote_index_mean,ols,C(industry)[T.Beauty Pagent],-0.36994871863791184,-1.0965165268114587,0.3566190895356351,0.3692239611271812,0.3171609891515485,421,15,fan_line_refit_5
fan_vote_index_mean,ols,C(industry)[T.Comedian],-0.3968522511528025,-0.8438302275000795,0.0501257251944745,0.22714325780331449,0.0816252962536757,421,15,fan_line_refit_5
fan_vote_index_mean,ols,C(industry)[T.Con artist],-0.5604447754589565,-1.2736356036264658,0.1527460527085528,0.36242610758868726,0.1230590722850296,421,15,fan_line_refit_5
fan_vote_index_mean,ols,C(industry)[T.Conservationist],0.0805142053866895,-0.66058711041814,0.821615521191519,0.37660953367296146,0.8308569844438058,421,15,fan_line_refit_5
fan_vote_index_mean,ols,C(industry)[T.Entrepreneur],-0.2517149669967501,-0.9672851344103728,0.46385520041687256,0.3636352295060534,0.48933036120824214,421,15,fan_line_refit_5
fan_vote_index_mean,ols,C(industry)[T.Fashion Designer],-0.2924293430594528,-1.6923671064804022,1.1075084203614964,0.7114140766037708,0.6813237688877691,421,15,fan_line_refit_5
fan_vote_index_mean,ols,C(industry)[T.Fitness Instructor],-0.45560770575763565,-1.8396487884172639,0.9284333769019927,0.7033357728674356,0.5176169878565706,421,15,fan_line_refit_5
fan_vote_index_mean,ols,C(industry)[T.Journalist],-0.9979925735140875,-2.4505902121221155,0.4546050650939404,0.7381745351463985,0.1773920148680006,421,15,fan_line_refit_5
fan_vote_index_mean,ols,C(industry)[T.Magician],-2.4872195778052015,-3.8935897882164823,-1.0808493673939208,0.7146828885863455,0.00057467180852504,421,15,fan_line_refit_5
fan_vote_index_mean,ols,C(industry)[T.Military],0.14903504350056354,-1.279858985725479,1.5779290727266062,0.7261289415341124,0.8375177660062556,421,15,fan_line_refit_5
fan_vote_index_mean,ols,C(industry)[T.Model],-0.47431928191482575,-0.8780706202193986,-0.07056794361025281,0.20517653928813656,0.02146131385222725,421,15,fan_line_refit_5
fan_vote_index_mean,ols,C(industry)[T.Motivational Speaker],-0.4588465963023664,-1.8668905942018734,0.9491974015971405,0.7155334663845025,0.5218352504783053,421,15,fan_line_refit_5
fan_vote_index_mean,ols,C(industry)[T.Musician],0.9832429077897055,-0.4103970418914137,2.3768828574708247,0.7082136819409428,0.1660527158398907,421,15,fan_line_refit_5
fan_vote_index_mean,ols,C(industry)[T.News Anchor],0.4542742835733091,-0.36436914456399194,1.27291771171061,0.4160145355839811,0.275714947596185,421,15,fan_line_refit_5
fan_vote_index_mean,ols,C(industry)[T.Politician],-0.17128588513778067,-0.9834095578341533,0.640837787558592,0.4127013555856387,0.6784093308044167,421,15,fan_line_refit_5
fan_vote_index_mean,ols,C(industry)[T.Producer],-0.19905368376691665,-1.6164698460065239,1.2183624784726907,0.7202961707089421,0.7824678311523704,421,15,fan_line_refit_5
fan_vote_index_mean,ols,C(industry)[T.Racing Driver],-0.18820149338073983,-0.93229320146506,0.5558902147035805,0.3781291777727093,0.619044215015254,421,15,fan_line_refit_5
fan_vote_index_mean,ols,C(industry)[T.Radio Personality],-0.5458841911396263,-1.2986491281734223,0.2068807458941696,0.38253670025369907,0.15460630352019955,421,15,fan_line_refit_5
fan_vote_index_mean,ols,C(industry)[T.Singer/Rapper],-0.13215038625790573,-0.3578822172587568,0.09358144474294536,0.11471138668273873,0.25021893585195476,421,15,fan_line_refit_5
fan_vote_index_mean,ols,C(industry)[T.Social Media Personality],0.02606686118675185,-0.4964805401758875,0.5486142625493912,0.26554578834539283,0.9218674982133316,421,15,fan_line_refit_5
fan_vote_index_mean,ols,C(industry)[T.Social media personality],0.19066755334848617,-0.5402977118269794,0.9216328185239517,0.3714586410495086,0.6081196162859268,421,15,fan_line_refit_5
fan_vote_index_mean,ols,C(industry)[T.Sports Broadcaster],0.056477439198871285,-1.36204042754855,1.4749953059462928,0.7208560299509713,0.9376031588783108,421,15,fan_line_refit_5
fan_vote_index_mean,ols,C(industry)[T.TV Personality],-0.13782775534439162,-0.3609181710684892,0.08526266037970598,0.11336908414676974,0.22502889910169965,421,15,fan_line_refit_5
fan_vote_index_mean,ols,age,-0.034156685214627155,-0.06396255279151214,-0.0043508176377421715,0.015146611737773336,0.024842398872791945,421,15,fan_line_refit_5
fan_vote_index_mean,ols,age_sq,0.0002875297369569489,-5.2858944858652664e-05,0.0006279184187725504,0.000172977189477677,0.0974986268769823,421,15,fan_line_refit_5
fan_vote_index_mean,ols,is_us,1.7194935262228723,0.3508139358105813,3.088173116635163,0.6955294388232062,0.013977138351462236,421,15,fan_line_refit_5
fan_vote_index_mean,ols,log_state_pop,-0.10848645825790454,-0.1910134642632616,-0.025959452252547477,0.04193820275889013,0.010152682572356162,421,15,fan_line_refit_5
fan_vote_index_mean,ols,Intercept,-1.8747250946442624,-2.9677683309100784,-0.7816818583784462,0.555457796006481,0.0008339969315322606,421,15,fan_line_refit_6
fan_vote_index_mean,ols,C(industry)[T.Astronaut],-0.7122574962535811,-2.4795817619099294,1.055066769402767,0.898110897043706,0.4283623350296416,421,15,fan_line_refit_6
fan_vote_index_mean,ols,C(industry)[T.Athlete],-0.10023658447003525,-0.3218817293330031,0.1214085603929326,0.11263463290045117,0.37421118745153736,421,15,fan_line_refit_6
fan_vote_index_mean,ols,C(industry)[T.Beauty Pagent],-0.3715813644902271,-1.1401380805812493,0.39697535160079506,0.39056169551382713,0.3421583910020511,421,15,fan_line_refit_6
fan_vote_index_mean,ols,C(industry)[T.Comedian],-0.1483969774419643,-0.6212061520323409,0.3244121971484123,0.2402700399545278,0.5372859226903721,421,15,fan_line_refit_6
fan_vote_index_mean,ols,C(industry)[T.Con artist],-0.3082588002805801,-1.0626654704860021,0.44614786992484196,0.38337098883340576,0.42198439281739386,421,15,fan_line_refit_6
fan_vote_index_mean,ols,C(industry)[T.Conservationist],-0.008759733566042413,-0.7926898597816627,0.7751703926495779,0.3983740859313242,0.9824714319569842,421,15,fan_line_refit_6
fan_vote_index_mean,ols,C(industry)[T.Entrepreneur],0.06387917354316829,-0.6930443397385472,0.8208026868248838,0.38464998682878987,0.8682119040546215,421,15,fan_line_refit_6
fan_vote_index_mean,ols,C(industry)[T.Fashion Designer],-1.9159213794520824,-3.39676261420387,-0.435080144700295,0.7525272388133691,0.011392057979356895,421,15,fan_line_refit_6
fan_vote_index_mean,ols,C(industry)[T.Fitness Instructor],0.5095753382083588,-0.9544505344736711,1.9736012108903886,0.743982083741345,0.4939119641604906,421,15,fan_line_refit_6
fan_vote_index_mean,ols,C(industry)[T.Journalist],-0.15170567391065554,-1.6882500382096814,1.3848386903883705,0.78083420467016,0.8460816199731176,421,15,fan_line_refit_6
fan_vote_index_mean,ols,C(industry)[T.Magician],-0.025932877646657988,-1.5135782954075252,1.461712540114209,0.7559849579341241,0.972657775707106,421,15,fan_line_refit_6
fan_vote_index_mean,ols,C(industry)[T.Military],0.1483183384457974,-1.3631525668020792,1.6597892436936739,0.7680924870136928,0.8470103505411872,421,15,fan_line_refit_6
fan_vote_index_mean,ols,C(industry)[T.Model],-0.14955691484280642,-0.5766413510013083,0.27752752131569547,0.21703384801841544,0.4912908884336607,421,15,fan_line_refit_6
fan_vote_index_mean,ols,C(industry)[T.Motivational Speaker],0.1640579455168559,-1.325357989188079,1.6534738802217905,0.7568846912721242,0.8285457630908565,421,15,fan_line_refit_6
fan_vote_index_mean,ols,C(industry)[T.Musician],0.09280338916169861,-1.3813760763897658,1.566982854713163,0.7491418909014633,0.9014927511495457,421,15,fan_line_refit_6
fan_vote_index_mean,ols,C(industry)[T.News Anchor],0.14671066382932166,-0.7192427925456919,1.0126641202043352,0.44005633296401947,0.7390700104209844,421,15,fan_line_refit_6
fan_vote_index_mean,ols,C(industry)[T.Politician],-0.35596210632882064,-1.2150190256221918,0.5030948129645505,0.43655168176601833,0.41548666116695837,421,15,fan_line_refit_6
fan_vote_index_mean,ols,C(industry)[T.Producer],0.879347285320848,-0.6199824382512263,2.3786770088929226,0.761922635912839,0.24936199447783702,421,15,fan_line_refit_6
fan_vote_index_mean,ols,C(industry)[T.Racing Driver],0.4278856798829502,-0.3592076556632993,1.2149790154291997,0.3999815514229007,0.28557719898092226,421,15,fan_line_refit_6
fan_vote_index_mean,ols,C(industry)[T.Radio Personality],-0.3091480845694259,-1.105415881582763,0.4871197124439114,0.404643787990472,0.4454614195377274,421,15,fan_line_refit_6
fan_vote_index_mean,ols,C(industry)[T.Singer/Rapper],0.015919204166927096,-0.2228578415534755,0.2546962498873297,0.12134064523001106,0.8957086495118369,421,15,fan_line_refit_6
fan_vote_index_mean,ols,C(industry)[T.Social Media Personality],0.09040254883334292,-0.4623432654943406,0.6431483631610264,0.28089188203310655,0.7477950052724338,421,15,fan_line_refit_6
fan_vote_index_mean,ols,C(industry)[T.Social media personality],-0.04176832693265493,-0.8149766324204631,0.7314399785551532,0.39292551929365566,0.9154139792476588,421,15,fan_line_refit_6
fan_vote_index_mean,ols,C(industry)[T.Sports Broadcaster],0.28105541856606925,-1.2194396778577927,1.7815505149899311,0.7625148498475698,0.7126906789206063,421,15,fan_line_refit_6
fan_vote_index_mean,ols,C(industry)[T.TV Personality],0.028556909488221326,-0.20742607155150464,0.2645398905279473,0.11992077000647437,0.8119400816742959,421,15,fan_line_refit_6
fan_vote_index_mean,ols,age,-0.016171111124443457,-0.047699482526858995,0.01535726027797208,0.016021945985127167,0.3136312747839146,421,15,fan_line_refit_6
fan_vote_index_mean,ols,age_sq,7.914225192613715e-05,-0.0002809177514868729,0.0004392022553391472,0.00018297367321821038,0.665661358938924,421,15,fan_line_refit_6
fan_vote_index_mean,ols,is_us,0.12120757719554583,-1.3265690508832173,1.568984205274309,0.7357246156974133,0.8692538781838332,421,15,fan_line_refit_6
fan_vote_index_mean,ols,log_state_pop,0.00727304189668597,-0.08002326274381812,0.09456934653719005,0.04436184349008921,0.8698812723307983,421,15,fan_line_refit_6
fan_vote_index_mean,ols,Intercept,-0.8066680941984343,-1.9281005973519785,0.3147644089551098,0.569884525976989,0.15795072526717538,421,15,fan_line_refit_7
fan_vote_index_mean,ols,C(industry)[T.Astronaut],-0.23346597312489384,-2.0466923939661394,1.5797604477163516,0.921437247827464,0.8001529450329378,421,15,fan_line_refit_7
fan_vote_index_mean,ols,C(industry)[T.Athlete],-0.2955201984558441,-0.5229220626901157,-0.06811833422157254,0.11556005666057272,0.011036121212866453,421,15,fan_line_refit_7
fan_vote_index_mean,ols,C(industry)[T.Beauty Pagent],-0.9985729510503911,-1.7870911480852079,-0.21005475401557439,0.40070563112605856,0.013235626293497336,421,15,fan_line_refit_7
fan_vote_index_mean,ols,C(industry)[T.Comedian],-0.40760570336773266,-0.8926950013778092,0.07748359464234389,0.24651049784592574,0.0992642836959551,421,15,fan_line_refit_7
fan_vote_index_mean,ols,C(industry)[T.Con artist],-0.021104297023975004,-0.7951049334987564,0.7528963394508065,0.3933281624912252,0.9572448386607161,421,15,fan_line_refit_7
fan_vote_index_mean,ols,C(industry)[T.Conservationist],0.4400756576153167,-0.3642152382716813,1.2443665535023147,0.40872093029339723,0.28246445547576393,421,15,fan_line_refit_7
fan_vote_index_mean,ols,C(industry)[T.Entrepreneur],-0.2217790665285962,-0.998361915250292,0.5548037821930996,0.39464037949774733,0.5745467260927049,421,15,fan_line_refit_7
fan_vote_index_mean,ols,C(industry)[T.Fashion Designer],0.7909104113713262,-0.7283922452500505,2.310213067992703,0.7720723912045433,0.30646385300832246,421,15,fan_line_refit_7
fan_vote_index_mean,ols,C(industry)[T.Fitness Instructor],0.126560206800546,-1.3754903476608615,1.6286107612619536,0.7633052955176489,0.8684206034749428,421,15,fan_line_refit_7
fan_vote_index_mean,ols,C(industry)[T.Journalist],-1.3523867153825697,-2.9288392613487213,0.22406583058358187,0.8011145649486595,0.09241491417930005,421,15,fan_line_refit_7
fan_vote_index_mean,ols,C(industry)[T.Magician],-0.5876517458156839,-2.113935308343267,0.9386318167118993,0.7756199165723753,0.44924680069742323,421,15,fan_line_refit_7
fan_vote_index_mean,ols,C(industry)[T.Military],0.3477527286966678,-1.2029751331824123,1.8984805905757478,0.7880419106822251,0.6593198904879529,421,15,fan_line_refit_7
fan_vote_index_mean,ols,C(industry)[T.Model],-0.4282479435719265,-0.8664249089547252,0.009929021810872185,0.2226707996326213,0.0553876483463973,421,15,fan_line_refit_7
fan_vote_index_mean,ols,C(industry)[T.Motivational Speaker],0.8339415545805179,-0.6941585099687465,2.362041619129782,0.776543018400306,0.28371505317039203,421,15,fan_line_refit_7
fan_vote_index_mean,ols,C(industry)[T.Musician],0.9785985204525902,-0.5338693429402299,2.4910663838454106,0.7685991167201195,0.20391466367265235,421,15,fan_line_refit_7
fan_vote_index_mean,ols,C(industry)[T.News Anchor],-0.5419920985356835,-1.4304366906404846,0.34645249356911745,0.4514857771686513,0.23089714384172633,421,15,fan_line_refit_7
fan_vote_index_mean,ols,C(industry)[T.Politician],-0.08860048059128352,-0.9699694140341462,0.792768452851579,0.44789010077154795,0.8433205324525489,421,15,fan_line_refit_7
fan_vote_index_mean,ols,C(industry)[T.Producer],0.4221210439311629,-1.1161502971935764,1.9603923850559022,0.7817118119866301,0.589596621301222,421,15,fan_line_refit_7
fan_vote_index_mean,ols,C(industry)[T.Racing Driver],0.13814596208073046,-0.6693903001741751,0.9456822243356361,0.41037014597868887,0.7366232492957596,421,15,fan_line_refit_7
fan_vote_index_mean,ols,C(industry)[T.Radio Personality],-0.4233978749125877,-1.2403468840257703,0.393551134200595,0.4151534733447017,0.3086090863614179,421,15,fan_line_refit_7
fan_vote_index_mean,ols,C(industry)[T.Singer/Rapper],-0.06990600391552056,-0.3148847304594356,0.17507272262839446,0.12449218749976822,0.5748518824040498,421,15,fan_line_refit_7
fan_vote_index_mean,ols,C(industry)[T.Social Media Personality],0.016652192168747238,-0.5504499146855084,0.5837542990230029,0.28818739820397354,0.9539599542153291,421,15,fan_line_refit_7
fan_vote_index_mean,ols,C(industry)[T.Social media personality],0.13647399221713927,-0.6568166084772996,0.9297645929115782,0.40313084975463104,0.7351943538103413,421,15,fan_line_refit_7
fan_vote_index_mean,ols,C(industry)[T.Sports Broadcaster],-0.44575754848439214,-1.9852245303220755,1.0937094333532913,0.7823194073069181,0.569242536820742,421,15,fan_line_refit_7
fan_vote_index_mean,ols,C(industry)[T.TV Personality],0.038638175441848346,-0.20347391706156098,0.2807502679452577,0.12303543430532349,0.7537059746098113,421,15,fan_line_refit_7
fan_vote_index_mean,ols,age,-0.019584744028688535,-0.05193199186762676,0.012762503810249692,0.016438078929864514,0.23441904716318557,421,15,fan_line_refit_7
fan_vote_index_mean,ols,age_sq,0.00010994475469913832,-0.00025946697350694506,0.0004793564829052217,0.00018772599066556564,0.5585358526342206,421,15,fan_line_refit_7
fan_vote_index_mean,ols,is_us,1.6151672751054307,0.12978800174727478,3.1005465484635866,0.7548333588632011,0.03317220806899698,421,15,fan_line_refit_7
fan_vote_index_mean,ols,log_state_pop,-0.08927656952370984,-0.1788401935240759,0.0002870544766562233,0.0455140396454529,0.05073413255922508,421,15,fan_line_refit_7
fan_vote_index_mean,ols,Intercept,-0.8348838613465168,-2.0692013589456653,0.3994336362526316,0.6272499147709146,0.18418220367507487,421,15,fan_line_refit_8
fan_vote_index_mean,ols,C(industry)[T.Astronaut],1.2139479766202592,-0.7818004006202304,3.209696353860749,1.0141904347651305,0.2322567981715339,421,15,fan_line_refit_8
fan_vote_index_mean,ols,C(industry)[T.Athlete],0.010001112928261911,-0.24029134713662745,0.26029357299315126,0.12719249670273225,0.9373790330319305,421,15,fan_line_refit_8
fan_vote_index_mean,ols,C(industry)[T.Beauty Pagent],-0.3399919920691127,-1.2078835549036773,0.5278995707654519,0.44104123118828914,0.4413758939808975,421,15,fan_line_refit_8
fan_vote_index_mean,ols,C(industry)[T.Comedian],0.14732783353400966,-0.38659124474148876,0.6812469118095081,0.2713245959765472,0.5875326146539727,421,15,fan_line_refit_8
fan_vote_index_mean,ols,C(industry)[T.Con artist],-0.6297463871375405,-1.4816590310703286,0.2221662567952476,0.43292113604359106,0.14680280363737042,421,15,fan_line_refit_8
fan_vote_index_mean,ols,C(industry)[T.Conservationist],0.22234710056770624,-0.6629048634705533,1.107599064605966,0.44986336179616526,0.621484412937958,421,15,fan_line_refit_8
fan_vote_index_mean,ols,C(industry)[T.Entrepreneur],0.43307467133962957,-0.421680114005966,1.287829456685225,0.4343654426846441,0.319546287909214,421,15,fan_line_refit_8
fan_vote_index_mean,ols,C(industry)[T.Fashion Designer],-0.6961340248785449,-2.3683718527845135,0.9761038030274237,0.8497902987448032,0.4133256878814053,421,15,fan_line_refit_8
fan_vote_index_mean,ols,C(industry)[T.Fitness Instructor],1.4082808957356088,-0.24496820881292547,3.061530000284143,0.8401406947079759,0.09472182760964498,421,15,fan_line_refit_8
fan_vote_index_mean,ols,C(industry)[T.Journalist],1.3001129479453641,-0.43502755863787157,3.0352534545285996,0.8817558990995925,0.14139626781433978,421,15,fan_line_refit_8
fan_vote_index_mean,ols,C(industry)[T.Magician],-1.5470301515582219,-3.2269515933106714,0.1328912901942274,0.8536949230733993,0.07095154587572754,421,15,fan_line_refit_8
fan_vote_index_mean,ols,C(industry)[T.Military],0.5610208793913534,-1.1458054597323228,2.26784721851503,0.8673673328187426,0.5182453173842482,421,15,fan_line_refit_8
fan_vote_index_mean,ols,C(industry)[T.Model],-0.49321647682252023,-0.9755009601917639,-0.010931993453276556,0.2450851597559832,0.045059312295518156,421,15,fan_line_refit_8
fan_vote_index_mean,ols,C(industry)[T.Motivational Speaker],0.11025167549790747,-1.5716691199592723,1.7921724709550872,0.8547109456472739,0.8974488178352417,421,15,fan_line_refit_8
fan_vote_index_mean,ols,C(industry)[T.Musician],0.5161161783038748,-1.1485988563436889,2.1808312129514382,0.8459673994993886,0.5422595247862969,421,15,fan_line_refit_8
fan_vote_index_mean,ols,C(industry)[T.News Anchor],0.044933134629419946,-0.9329435566547338,1.0228098259135736,0.49693297912207496,0.9280124799685018,421,15,fan_line_refit_8
fan_vote_index_mean,ols,C(industry)[T.Politician],0.5956964952063574,-0.3743922915281155,1.5657852819408302,0.49297535681295834,0.22784728485128738,421,15,fan_line_refit_8
fan_vote_index_mean,ols,C(industry)[T.Producer],1.1038835416299613,-0.5892323856026258,2.7969994688625484,0.8604000373644635,0.20047651728453658,421,15,fan_line_refit_8
fan_vote_index_mean,ols,C(industry)[T.Racing Driver],-0.08167037631778311,-0.9704943899290338,0.8071536372934677,0.45167858988340726,0.8566334758102004,421,15,fan_line_refit_8
fan_vote_index_mean,ols,C(industry)[T.Radio Personality],-0.05023690049048629,-0.9494211614772781,0.8489473604963054,0.45694341380104087,0.9125287990151367,421,15,fan_line_refit_8
fan_vote_index_mean,ols,C(industry)[T.Singer/Rapper],0.08023978160505486,-0.1893988527865772,0.3498784159966869,0.13702374856556007,0.5585867393446292,421,15,fan_line_refit_8
fan_vote_index_mean,ols,C(industry)[T.Social Media Personality],-0.010394152403026968,-0.6345815657757865,0.6137932609697325,0.31719675253788704,0.9738805452473495,421,15,fan_line_refit_8
fan_vote_index_mean,ols,C(industry)[T.Social media personality],0.084701076991858,-0.7884432864580917,0.9578454404418077,0.4437105757813275,0.8487375594608707,421,15,fan_line_refit_8
fan_vote_index_mean,ols,C(industry)[T.Sports Broadcaster],0.36814393326586653,-1.3262879895782969,2.06257585611003,0.8610687940958601,0.6692875596529155,421,15,fan_line_refit_8
fan_vote_index_mean,ols,C(industry)[T.TV Personality],-0.053243512385786236,-0.3197269532678139,0.21323992849624146,0.13542035651786197,0.6944688264914034,421,15,fan_line_refit_8
fan_vote_index_mean,ols,age,-0.03520402020336072,-0.07080738812296436,0.0003993477162429204,0.01809275938854219,0.05260900341763345,421,15,fan_line_refit_8
fan_vote_index_mean,ols,age_sq,0.0001922555128234492,-0.00021434172656535692,0.0005988527522122554,0.0002066227565021061,0.3528704253852513,421,15,fan_line_refit_8
fan_vote_index_mean,ols,is_us,2.524706852741198,0.8898071842178124,4.159606521264584,0.8308159608325704,0.002581952272477676,421,15,fan_line_refit_8
fan_vote_index_mean,ols,log_state_pop,-0.15524888416181798,-0.2538281102330875,-0.0566696580905485,0.050095547759517696,0.0021235820394168072,421,15,fan_line_refit_8
fan_vote_index_mean,ols,Intercept,-0.8269769906859075,-1.9568387299330645,0.3028847485612496,0.5741680572658079,0.1508136469426128,421,15,fan_line_refit_9
fan_vote_index_mean,ols,C(industry)[T.Astronaut],1.3212661739128948,-0.5055893450233917,3.1481216928491813,0.9283632216025641,0.1557008685788831,421,15,fan_line_refit_9
fan_vote_index_mean,ols,C(industry)[T.Athlete],0.0088568303073293,-0.2202542977447539,0.23796795835941253,0.11642866266034893,0.939412913338038,421,15,fan_line_refit_9
fan_vote_index_mean,ols,C(industry)[T.Beauty Pagent],-1.1458451859477514,-1.9402902720536677,-0.3514000998418353,0.40371753095890944,0.004842669640618924,421,15,fan_line_refit_9
fan_vote_index_mean,ols,C(industry)[T.Comedian],-0.3607859241806911,-0.8495213910042392,0.12794954264285702,0.24836339151545478,0.14735478617614364,421,15,fan_line_refit_9
fan_vote_index_mean,ols,C(industry)[T.Con artist],-1.0742182011884176,-1.8540366056368454,-0.29439979673998995,0.39628460965552814,0.007096444111624212,421,15,fan_line_refit_9
fan_vote_index_mean,ols,C(industry)[T.Conservationist],0.1573841050702365,-0.6529522352196214,0.9677204453600944,0.4117930770415572,0.702586724244906,421,15,fan_line_refit_9
fan_vote_index_mean,ols,C(industry)[T.Entrepreneur],-0.08906165353762471,-0.8714816794052634,0.693358372330014,0.3976066899279382,0.8229126539456567,421,15,fan_line_refit_9
fan_vote_index_mean,ols,C(industry)[T.Fashion Designer],-1.2398504257118106,-2.7705729054204458,0.2908720539968246,0.7778756655420737,0.11200260485806084,421,15,fan_line_refit_9
fan_vote_index_mean,ols,C(industry)[T.Fitness Instructor],0.8945955705055267,-0.6187451317913443,2.407936272802398,0.7690426720689172,0.24563982252138492,421,15,fan_line_refit_9
fan_vote_index_mean,ols,C(industry)[T.Journalist],0.7514123972576022,-0.8368895383623699,2.3397143328775742,0.8071361344920738,0.35261479376796023,421,15,fan_line_refit_9
fan_vote_index_mean,ols,C(industry)[T.Magician],-0.033299350685174936,-1.5710552082088163,1.5044565068384665,0.7814498558485349,0.9660386822479143,421,15,fan_line_refit_9
fan_vote_index_mean,ols,C(industry)[T.Military],0.642875327362374,-0.9195085648421732,2.205259219566921,0.7939652197517614,0.4187468024818186,421,15,fan_line_refit_9
fan_vote_index_mean,ols,C(industry)[T.Model],-0.3534774543288235,-0.7949479724502917,0.08799306379264477,0.22434450245109572,0.1161612388503244,421,15,fan_line_refit_9
fan_vote_index_mean,ols,C(industry)[T.Motivational Speaker],0.41363015618843174,-1.1259558570760064,1.9532161694528698,0.7823798961620402,0.597413112970925,421,15,fan_line_refit_9
fan_vote_index_mean,ols,C(industry)[T.Musician],0.8791330022479356,-0.6447033105778099,2.402969315073681,0.7743762842250362,0.25715574035476885,421,15,fan_line_refit_9
fan_vote_index_mean,ols,C(industry)[T.News Anchor],-0.03382272657613475,-0.9289453034922245,0.861299850339955,0.4548793654568104,0.940776678715111,421,15,fan_line_refit_9
fan_vote_index_mean,ols,C(industry)[T.Politician],-0.6495047826432617,-1.5374985167804809,0.23848895149395744,0.45125666219435207,0.15109085492076885,421,15,fan_line_refit_9
fan_vote_index_mean,ols,C(industry)[T.Producer],0.7280148160371848,-0.8218189261004701,2.2778485581748398,0.7875875409331978,0.3560342033337484,421,15,fan_line_refit_9
fan_vote_index_mean,ols,C(industry)[T.Racing Driver],0.21959744111615517,-0.5940086593051659,1.0332035415374763,0.4134546890399052,0.5957190596932761,421,15,fan_line_refit_9
fan_vote_index_mean,ols,C(industry)[T.Radio Personality],0.2647914577880686,-0.558298140308306,1.0878810558844432,0.4182739702377962,0.5271736126511588,421,15,fan_line_refit_9
fan_vote_index_mean,ols,C(industry)[T.Singer/Rapper],-0.06733266068039434,-0.31415276735030395,0.17948744598951524,0.1254279317708634,0.591783487976036,421,15,fan_line_refit_9
fan_vote_index_mean,ols,C(industry)[T.Social Media Personality],-0.04589202875991811,-0.617256752877734,0.5254726953578976,0.2903535558744836,0.8745182060696532,421,15,fan_line_refit_9
fan_vote_index_mean,ols,C(industry)[T.Social media personality],0.23144787418237148,-0.5678054873071162,1.0307012356718592,0.4061609787188307,0.5692066295801688,421,15,fan_line_refit_9
fan_vote_index_mean,ols,C(industry)[T.Sports Broadcaster],1.0142408818819695,-0.5367974879899831,2.565279251753922,0.7881997032375795,0.19915263183025306,421,15,fan_line_refit_9
fan_vote_index_mean,ols,C(industry)[T.TV Personality],-0.00013098194266094652,-0.24406290754622648,0.24380094366090457,0.12396022890573266,0.9991576148347864,421,15,fan_line_refit_9
fan_vote_index_mean,ols,age,-0.017227447173364593,-0.04981783277426912,0.015362938427539934,0.016561635584264694,0.29907534836069294,421,15,fan_line_refit_9
fan_vote_index_mean,ols,age_sq,0.00014535331601913713,-0.00022683509171428495,0.0005175417237525592,0.00018913703118006618,0.44278401667241396,421,15,fan_line_refit_9
fan_vote_index_mean,ols,is_us,0.6139192041001973,-0.8826249075772385,2.110463315777633,0.7605070561880961,0.42015577392575354,421,15,fan_line_refit_9
fan_vote_index_mean,ols,log_state_pop,-0.03843774870808624,-0.12867457678446728,0.05179907936829479,0.04585614546516717,0.4025653183856073,421,15,fan_line_refit_9
fan_vote_index_mean,ols,Intercept,-0.09648837854182958,-1.2287067412316977,1.0357299841480385,0.5753656355683621,0.8669317683260971,421,15,fan_line_refit_10
fan_vote_index_mean,ols,C(industry)[T.Astronaut],-0.6856091351112132,-2.5162750411000254,1.145056770877599,0.9302995669582687,0.46170675757360263,421,15,fan_line_refit_10
fan_vote_index_mean,ols,C(industry)[T.Athlete],-0.027807699150390282,-0.2573966986416049,0.20178130034082437,0.11667150521913114,0.8117770918517041,421,15,fan_line_refit_10
fan_vote_index_mean,ols,C(industry)[T.Beauty Pagent],-0.7968527580332724,-1.5929548680464776,-0.0007506480200670795,0.4045595899158975,0.04978573352566031,421,15,fan_line_refit_10
fan_vote_index_mean,ols,C(industry)[T.Comedian],0.06798387218604078,-0.4217709808317582,0.5577387252038397,0.24888141860711166,0.7849180906301991,421,15,fan_line_refit_10
fan_vote_index_mean,ols,C(industry)[T.Con artist],0.09000896049225571,-0.6914359600768126,0.871453881061324,0.39711116530270146,0.8208414708409096,421,15,fan_line_refit_10
fan_vote_index_mean,ols,C(industry)[T.Conservationist],-0.056039198218607984,-0.868065707800578,0.755987311363362,0.4126519796711382,0.8920675383200399,421,15,fan_line_refit_10
fan_vote_index_mean,ols,C(industry)[T.Entrepreneur],0.42901893964330695,-0.35503302870982123,1.213070907996435,0.3984360031207961,0.28244518466477253,421,15,fan_line_refit_10
fan_vote_index_mean,ols,C(industry)[T.Fashion Designer],0.1252371941972326,-1.4086780093241142,1.6591523977185794,0.7794981295704179,0.872465201146271,421,15,fan_line_refit_10
fan_vote_index_mean,ols,C(industry)[T.Fitness Instructor],-0.10249170551664535,-1.6189888773636918,1.414005466330401,0.7706467125691738,0.8942860807296416,421,15,fan_line_refit_10
fan_vote_index_mean,ols,C(industry)[T.Journalist],0.2571355458558714,-1.334479210656752,1.848750302368495,0.8088196289143831,0.7507687274375827,421,15,fan_line_refit_10
fan_vote_index_mean,ols,C(industry)[T.Magician],0.03148827001960631,-1.5094749812736667,1.5724515213128796,0.7830797747896108,0.9679515435151014,421,15,fan_line_refit_10
fan_vote_index_mean,ols,C(industry)[T.Military],0.19118156370686157,-1.3744610905027934,1.7568242179165168,0.7956212427717205,0.8102662474593035,421,15,fan_line_refit_10
fan_vote_index_mean,ols,C(industry)[T.Model],-0.12841050334943924,-0.5708018241993582,0.3139808175004798,0.22481243184046673,0.5682945969507806,421,15,fan_line_refit_10
fan_vote_index_mean,ols,C(industry)[T.Motivational Speaker],0.12881735977394998,-1.4139798645306523,1.6716145840785521,0.7840117549464876,0.8696002861858922,421,15,fan_line_refit_10
fan_vote_index_mean,ols,C(industry)[T.Musician],1.588762485622247,0.06174781189364231,3.115777159350852,0.7759914493744466,0.04148122801940374,421,15,fan_line_refit_10
fan_vote_index_mean,ols,C(industry)[T.News Anchor],0.4143437103702119,-0.48264587980562945,1.3113333005460532,0.45582813585853704,0.3640772788920334,421,15,fan_line_refit_10
fan_vote_index_mean,ols,C(industry)[T.Politician],-0.2342141941847508,-1.1240600725075434,0.6556316841380416,0.45219787649683424,0.6048737386706081,421,15,fan_line_refit_10
fan_vote_index_mean,ols,C(industry)[T.Producer],1.2548207644300429,-0.2982455630781544,2.80788709193824,0.7892302616287291,0.1128934223046263,421,15,fan_line_refit_10
fan_vote_index_mean,ols,C(industry)[T.Racing Driver],-0.3092805303624042,-1.124583620019473,0.5060225592946647,0.4143170573977713,0.4559546502685438,421,15,fan_line_refit_10
fan_vote_index_mean,ols,C(industry)[T.Radio Personality],-0.5496072343864482,-1.3744136020440418,0.27519913327114554,0.4191463904725013,0.19076487901905986,421,15,fan_line_refit_10
fan_vote_index_mean,ols,C(industry)[T.Singer/Rapper],-0.022624363586572778,-0.26995927842221273,0.2247105512490672,0.12568954466925125,0.8572713559780346,421,15,fan_line_refit_10
fan_vote_index_mean,ols,C(industry)[T.Social Media Personality],-0.15361588258911577,-0.7261723379218423,0.41894057274361085,0.2909591644836434,0.5979109456865264,421,15,fan_line_refit_10
fan_vote_index_mean,ols,C(industry)[T.Social media personality],0.1513794114686333,-0.6495410028494657,0.9522998257867323,0.4070081341279528,0.7102033399498238,421,15,fan_line_refit_10
fan_vote_index_mean,ols,C(industry)[T.Sports Broadcaster],-0.6155997559664622,-2.169873223776522,0.9386737118435976,0.7898437007583959,0.43635574049671283,421,15,fan_line_refit_10
fan_vote_index_mean,ols,C(industry)[T.TV Personality],-0.09299569307882288,-0.33743640278785436,0.1514450166302086,0.12421878052426764,0.4546523040448216,421,15,fan_line_refit_10
fan_vote_index_mean,ols,age,-0.06985399620644525,-0.10251235761717342,-0.037195634795717074,0.0165961792255898,3.383550831360056e-05,421,15,fan_line_refit_10
fan_vote_index_mean,ols,age_sq,0.0006936142425103325,0.00032064953808829587,0.0010665789469323692,0.00018953152614000765,0.0002978641789281033,421,15,fan_line_refit_10
fan_vote_index_mean,ols,is_us,1.183798984584145,-0.3158665629416988,2.683464532109989,0.7620932934193474,0.12138295665575634,421,15,fan_line_refit_10
fan_vote_index_mean,ols,log_state_pop,-0.07436975320490281,-0.16479479388912238,0.016055287479316768,0.0459517905017604,0.10661039984235425,421,15,fan_line_refit_10
fan_vote_index_mean,ols,Intercept,-1.4351981158307145,-2.528955905411125,-0.34144032625030407,0.5558209144962944,0.010288731969373167,421,15,fan_line_refit_11
fan_vote_index_mean,ols,C(industry)[T.Astronaut],1.7684517177446148,-2.7897828449807704e-05,3.5369313333176793,0.8986980175683689,0.05000359133216715,421,15,fan_line_refit_11
fan_vote_index_mean,ols,C(industry)[T.Athlete],-0.06474854996019976,-0.28653859053055664,0.1570414906101571,0.11270826534938527,0.5660698512060073,421,15,fan_line_refit_11
fan_vote_index_mean,ols,C(industry)[T.Beauty Pagent],-0.21679657193366808,-0.9858557153127566,0.5522625714454205,0.39081701675348485,0.5794909578737353,421,15,fan_line_refit_11
fan_vote_index_mean,ols,C(industry)[T.Comedian],-0.635195125810319,-1.108313389146378,-0.16207686247426006,0.2404271112832281,0.008671150437859992,421,15,fan_line_refit_11
fan_vote_index_mean,ols,C(industry)[T.Con artist],0.19561696498987058,-0.5592828822179441,0.9505168121976852,0.3836216093044916,0.6104775717709249,421,15,fan_line_refit_11
fan_vote_index_mean,ols,C(industry)[T.Conservationist],0.28170785711311214,-0.5027347464240925,1.066150460650317,0.39863451435181657,0.48030716192305495,421,15,fan_line_refit_11
fan_vote_index_mean,ols,C(industry)[T.Entrepreneur],-0.08306506985721628,-0.8404834054729113,0.6743532657584788,0.3849014434170819,0.8292820906621988,421,15,fan_line_refit_11
fan_vote_index_mean,ols,C(industry)[T.Fashion Designer],-0.13761559348852215,-1.6194248960875564,1.344193709110512,0.7530191871782421,0.8551150053737551,421,15,fan_line_refit_11
fan_vote_index_mean,ols,C(industry)[T.Fitness Instructor],0.2487789552033942,-1.216203992647547,1.7137619030543352,0.7444684458963794,0.7384825188957381,421,15,fan_line_refit_11
fan_vote_index_mean,ols,C(industry)[T.Journalist],-0.4435994692521589,-1.9811483161115286,1.0939493776072107,0.7813446581001648,0.5706329546054721,421,15,fan_line_refit_11
fan_vote_index_mean,ols,C(industry)[T.Magician],-2.419063403090908,-3.907681336786125,-0.9304454693956914,0.7564791667078964,0.0015312965732945615,421,15,fan_line_refit_11
fan_vote_index_mean,ols,C(industry)[T.Military],0.03238762669994095,-1.4800713698781074,1.5448466232779894,0.768594610822066,0.9664158325205437,421,15,fan_line_refit_11
fan_vote_index_mean,ols,C(industry)[T.Model],-0.36866138223001726,-0.7960250155779288,0.05870225111789429,0.21717572919048186,0.09062408698313296,421,15,fan_line_refit_11
fan_vote_index_mean,ols,C(industry)[T.Motivational Speaker],0.1885706990218419,-1.3018189090545036,1.6789603070981873,0.7573794882270568,0.8035466152861793,421,15,fan_line_refit_11
fan_vote_index_mean,ols,C(industry)[T.Musician],0.670465960289153,-0.8046772181223947,2.1456091387007006,0.7496316261685454,0.37182105736373583,421,15,fan_line_refit_11
fan_vote_index_mean,ols,C(industry)[T.News Anchor],0.0030398864421973208,-0.863479668227931,0.8695594411123256,0.44034401024968817,0.9944964421027445,421,15,fan_line_refit_11
fan_vote_index_mean,ols,C(industry)[T.Politician],-0.2539659627067309,-1.1135844718336414,0.6056525464201797,0.4368370679619598,0.5614202604375181,421,15,fan_line_refit_11
fan_vote_index_mean,ols,C(industry)[T.Producer],0.4196672608245356,-1.0806426170434547,1.9199771386925257,0.7624207263148397,0.5824228292598209,421,15,fan_line_refit_11
fan_vote_index_mean,ols,C(industry)[T.Racing Driver],0.9255836322734925,0.1379757515261485,1.7131915130208366,0.40024303068910255,0.021417067165312085,421,15,fan_line_refit_11
fan_vote_index_mean,ols,C(industry)[T.Radio Personality],-0.7413063136347701,-1.5380946534544506,0.05548202618491049,0.40490831509273584,0.06811232317907007,421,15,fan_line_refit_11
fan_vote_index_mean,ols,C(industry)[T.Singer/Rapper],-0.07774483838418667,-0.3166779794206825,0.16118830265230916,0.1214199690457279,0.5224634437268845,421,15,fan_line_refit_11
fan_vote_index_mean,ols,C(industry)[T.Social Media Personality],0.2652163128524338,-0.28789084706584606,0.8183234727707136,0.28107550901023787,0.346137735886255,421,15,fan_line_refit_11
fan_vote_index_mean,ols,C(industry)[T.Social media personality],-0.23555855359536157,-1.009272327246941,0.5381552200562179,0.3931823858318532,0.5495488029494161,421,15,fan_line_refit_11
fan_vote_index_mean,ols,C(industry)[T.Sports Broadcaster],0.4914613494018277,-1.0100146631551827,1.992937361958838,0.763013327396589,0.5199940627607536,421,15,fan_line_refit_11
fan_vote_index_mean,ols,C(industry)[T.TV Personality],0.08091027484967106,-0.15522697494694854,0.31704752464629066,0.11999916560955183,0.5006620274049854,421,15,fan_line_refit_11
fan_vote_index_mean,ols,age,-0.026096256448215487,-0.057645238839786686,0.005452725943355715,0.01603241998490144,0.10462407575659065,421,15,fan_line_refit_11
fan_vote_index_mean,ols,age_sq,0.00022188715238534505,-0.0001384082324474984,0.0005821825372181884,0.00018309328828954846,0.22650238294703595,421,15,fan_line_refit_11
fan_vote_index_mean,ols,is_us,0.8299043661331367,-0.6188187145232207,2.278627446789494,0.7362055797117657,0.2605191464407855,421,15,fan_line_refit_11
fan_vote_index_mean,ols,log_state_pop,-0.052316689527591755,-0.1396700622343562,0.03503668317917271,0.04439084408334629,0.23950336048147744,421,15,fan_line_refit_11
fan_vote_index_mean,ols,Intercept,-0.9654727084315693,-2.04078404692518,0.10983863006204153,0.5464468799431696,0.07826526110006797,421,15,fan_line_refit_12
fan_vote_index_mean,ols,C(industry)[T.Astronaut],-1.0746683784524884,-2.81332221994884,0.6639854630438629,0.8835412898350393,0.22480995457186306,421,15,fan_line_refit_12
fan_vote_index_mean,ols,C(industry)[T.Athlete],0.029346890511933194,-0.18870261520336232,0.24739639622722873,0.11080741716923834,0.7913082475192419,421,15,fan_line_refit_12
fan_vote_index_mean,ols,C(industry)[T.Beauty Pagent],-0.1256454893271456,-0.8817342913689253,0.6304433127146342,0.38422580702486875,0.7438864888951596,421,15,fan_line_refit_12
fan_vote_index_mean,ols,C(industry)[T.Comedian],-0.5541172404592252,-1.0192562665399791,-0.08897821437847125,0.23637225838025777,0.019710768162977125,421,15,fan_line_refit_12
fan_vote_index_mean,ols,C(industry)[T.Con artist],-0.18842715956066267,-0.9305954648863453,0.5537411457650199,0.37715175160904213,0.6177153422135572,421,15,fan_line_refit_12
fan_vote_index_mean,ols,C(industry)[T.Conservationist],0.18527754852944794,-0.5859352684367265,0.9564903654956225,0.39191146091114415,0.6367293415842424,421,15,fan_line_refit_12
fan_vote_index_mean,ols,C(industry)[T.Entrepreneur],-0.2655649872755681,-1.0102093061818236,0.4790793316306873,0.3784100010549155,0.483347788449805,421,15,fan_line_refit_12
fan_vote_index_mean,ols,C(industry)[T.Fashion Designer],-0.6073206400576451,-2.064138922633093,0.8494976425178026,0.7403193630160446,0.41266176522194603,421,15,fan_line_refit_12
fan_vote_index_mean,ols,C(industry)[T.Fitness Instructor],0.612130606705548,-0.8281451010708841,2.05240631448198,0.731912831752446,0.403620710962705,421,15,fan_line_refit_12
fan_vote_index_mean,ols,C(industry)[T.Journalist],-0.9185382132524323,-2.4301559811587214,0.5930795546538566,0.768167119018952,0.23272786694539618,421,15,fan_line_refit_12
fan_vote_index_mean,ols,C(industry)[T.Magician],-1.4179646154371237,-2.881476700138684,0.045547469264436424,0.7437209892761149,0.05752059729770653,421,15,fan_line_refit_12
fan_vote_index_mean,ols,C(industry)[T.Military],-0.4486488503577814,-1.9355999134911963,1.0383022127756334,0.7556321039223018,0.553129143897461,421,15,fan_line_refit_12
fan_vote_index_mean,ols,C(industry)[T.Model],-0.3887445967012295,-0.8089006540812904,0.03141146067883144,0.21351301565013847,0.06963769885145277,421,15,fan_line_refit_12
fan_vote_index_mean,ols,C(industry)[T.Motivational Speaker],0.340062188451912,-1.125191690976319,1.805316067880143,0.7446061266868522,0.6482133582097578,421,15,fan_line_refit_12
fan_vote_index_mean,ols,C(industry)[T.Musician],0.31211962752295075,-1.138144956426624,1.7623842114725254,0.7369889339226315,0.6722261944244579,421,15,fan_line_refit_12
fan_vote_index_mean,ols,C(industry)[T.News Anchor],-0.17666517266706097,-1.028570696028567,0.675240350694445,0.4329175175437006,0.6835028285667282,421,15,fan_line_refit_12
fan_vote_index_mean,ols,C(industry)[T.Politician],0.08764211921130856,-0.7574787461657915,0.9327629845884087,0.4294697205621736,0.8384353693178204,421,15,fan_line_refit_12
fan_vote_index_mean,ols,C(industry)[T.Producer],-0.39960440065700775,-1.8746112424773633,1.075402441163348,0.749562343252787,0.5943434142680112,421,15,fan_line_refit_12
fan_vote_index_mean,ols,C(industry)[T.Racing Driver],0.2987132802547708,-0.47561143086746166,1.0730379913770032,0.3934928492880894,0.4483633418109704,421,15,fan_line_refit_12
fan_vote_index_mean,ols,C(industry)[T.Radio Personality],-1.0480898676735295,-1.8314402075292013,-0.2647395278178577,0.3980794527064283,0.008900925772123152,421,15,fan_line_refit_12
fan_vote_index_mean,ols,C(industry)[T.Singer/Rapper],-0.13639630400705893,-0.3712997882574432,0.09850718024332533,0.11937219618294266,0.2541010755420627,421,15,fan_line_refit_12
fan_vote_index_mean,ols,C(industry)[T.Social Media Personality],-0.15376100084814767,-0.6975398942449109,0.3900178925486155,0.2763351124818222,0.5783279955055016,421,15,fan_line_refit_12
fan_vote_index_mean,ols,C(industry)[T.Social media personality],0.3581268265669156,-0.4025381044461835,1.1187917575800146,0.3865512836650556,0.3549409212055502,421,15,fan_line_refit_12
fan_vote_index_mean,ols,C(industry)[T.Sports Broadcaster],-0.5770419694511143,-2.0531952788580417,0.8991113399558132,0.7501449499948639,0.44234969486692244,421,15,fan_line_refit_12
fan_vote_index_mean,ols,C(industry)[T.TV Personality],0.020621533614183802,-0.21153321267970351,0.2527762799080711,0.11797535489024942,0.8613572476232711,421,15,fan_line_refit_12
fan_vote_index_mean,ols,age,-0.023161037733640224,-0.05417794001929723,0.007855864552016784,0.015762029909628956,0.14275648103415592,421,15,fan_line_refit_12
fan_vote_index_mean,ols,age_sq,0.00016603262340416183,-0.00018818630532804135,0.0005202515521363651,0.00018000538215628097,0.3570664115172016,421,15,fan_line_refit_12
fan_vote_index_mean,ols,is_us,1.0314886853237055,-0.3928013812775959,2.455778751925007,0.7237893205131073,0.15515094110699545,421,15,fan_line_refit_12
fan_vote_index_mean,ols,log_state_pop,-0.06279014755266797,-0.1486702875819121,0.02308999247657613,0.04364218332692843,0.15125379435493488,421,15,fan_line_refit_12
fan_vote_index_mean,ols,Intercept,-1.4913259838663098,-2.6799619014623617,-0.30269006627025785,0.60403565489104,0.014102947497110916,421,15,fan_line_refit_13
fan_vote_index_mean,ols,C(industry)[T.Astronaut],-1.002952392458292,-2.92483894781074,0.9189341628941561,0.9766556663006033,0.3052747471390833,421,15,fan_line_refit_13
fan_vote_index_mean,ols,C(industry)[T.Athlete],-0.24964502147443993,-0.49067426112734797,-0.008615781821531887,0.12248515501372507,0.04240150712200818,421,15,fan_line_refit_13
fan_vote_index_mean,ols,C(industry)[T.Beauty Pagent],-0.15111352141811515,-0.9868847765208719,0.6846577336846416,0.4247184776614368,0.7222402457853391,421,15,fan_line_refit_13
fan_vote_index_mean,ols,C(industry)[T.Comedian],-0.07478287407047102,-0.5889418281179138,0.4393760799769718,0.26128298491454816,0.774909734369361,421,15,fan_line_refit_13
fan_vote_index_mean,ols,C(industry)[T.Con artist],-0.6106680140828372,-1.4310517234625935,0.20971569529691914,0.4168989038791165,0.14401588913715843,421,15,fan_line_refit_13
fan_vote_index_mean,ols,C(industry)[T.Conservationist],-0.010694850711277196,-0.863184005750417,0.8417943043278626,0.43321410486484413,0.9803207014687462,421,15,fan_line_refit_13
fan_vote_index_mean,ols,C(industry)[T.Entrepreneur],-0.06533609019570485,-0.8884567545102502,0.7577845741188405,0.41828975732883056,0.8759808437281157,421,15,fan_line_refit_13
fan_vote_index_mean,ols,C(industry)[T.Fashion Designer],0.4434242738608401,-1.166924723765823,2.053773271487503,0.8183399113092578,0.5883143591424467,421,15,fan_line_refit_13
fan_vote_index_mean,ols,C(industry)[T.Fitness Instructor],-0.7067530900026894,-2.298816129068574,0.8853099490631952,0.8090474351262152,0.38304862954696384,421,15,fan_line_refit_13
fan_vote_index_mean,ols,C(industry)[T.Journalist],-0.418853063574569,-2.0897767377607344,1.2520706106115966,0.8491224780176841,0.622173800175652,421,15,fan_line_refit_13
fan_vote_index_mean,ols,C(industry)[T.Magician],-1.0452970644031692,-2.663045308506229,0.5724511796998906,0.8221000271066246,0.20452730743698389,421,15,fan_line_refit_13
fan_vote_index_mean,ols,C(industry)[T.Military],-0.2888482543813553,-1.9325056567333094,1.3548091479705988,0.8352664266229692,0.7297211958171698,421,15,fan_line_refit_13
fan_vote_index_mean,ols,C(industry)[T.Model],-0.17514406411704525,-0.6395793982567453,0.2892912700226547,0.2360146593744026,0.4586077972287621,421,15,fan_line_refit_13
fan_vote_index_mean,ols,C(industry)[T.Motivational Speaker],0.0746271742208966,-1.5450464283333263,1.6943007767751195,0.823078447105324,0.9278160186037443,421,15,fan_line_refit_13
fan_vote_index_mean,ols,C(industry)[T.Musician],0.2689675750271245,-1.334137044807777,1.872072194862026,0.8146584959835501,0.7415072923963323,421,15,fan_line_refit_13
fan_vote_index_mean,ols,C(industry)[T.News Anchor],-0.42700228511756994,-1.3686881645620232,0.5146835943268835,0.4785416951241595,0.37294075635688007,421,15,fan_line_refit_13
fan_vote_index_mean,ols,C(industry)[T.Politician],-0.40551681657526517,-1.3397030185959067,0.5286693854453763,0.47473054277960847,0.39366670011029287,421,15,fan_line_refit_13
fan_vote_index_mean,ols,C(industry)[T.Producer],0.1805184236778888,-1.4499359834556693,1.8109728308114468,0.8285569878913883,0.8276763824474266,421,15,fan_line_refit_13
fan_vote_index_mean,ols,C(industry)[T.Racing Driver],-0.09881078593638692,-0.954739790471422,0.7571182185986481,0.4349621521114576,0.8204439759792069,421,15,fan_line_refit_13
fan_vote_index_mean,ols,C(industry)[T.Radio Personality],0.20124181856183115,-0.6646640048789563,1.0671476420026187,0.4400321270737265,0.6477584584322256,421,15,fan_line_refit_13
fan_vote_index_mean,ols,C(industry)[T.Singer/Rapper],-0.10466523011215267,-0.36432465018263505,0.1549941899583297,0.13195255631186764,0.42827994356148696,421,15,fan_line_refit_13
fan_vote_index_mean,ols,C(industry)[T.Social Media Personality],-0.3220955083194322,-0.9231820037222402,0.27899098708337594,0.30545743193685343,0.2925081677789091,421,15,fan_line_refit_13
fan_vote_index_mean,ols,C(industry)[T.Social media personality],-0.26323824596321055,-1.1040678977034304,0.5775914057770093,0.42728903091527765,0.5383134811629172,421,15,fan_line_refit_13
fan_vote_index_mean,ols,C(industry)[T.Sports Broadcaster],0.5720154599486819,-1.0597062383432374,2.2037371582406013,0.8292009942127913,0.490823227586101,421,15,fan_line_refit_13
fan_vote_index_mean,ols,C(industry)[T.TV Personality],-0.07908657598800592,-0.33570757495550907,0.17753442297949726,0.13040850514060182,0.5446683440075877,421,15,fan_line_refit_13
fan_vote_index_mean,ols,age,-0.03405097124927074,-0.06833667324972263,0.0002347307511811475,0.017423153847753784,0.05157918022777675,421,15,fan_line_refit_13
fan_vote_index_mean,ols,age_sq,0.00022148874808599933,-0.00017006049566448356,0.0006130379918364822,0.0001989757337547411,0.2665286633567318,421,15,fan_line_refit_13
fan_vote_index_mean,ols,is_us,1.5905707678259453,0.016178059748275464,3.1649634759036154,0.8000678057943048,0.04770635799546932,421,15,fan_line_refit_13
fan_vote_index_mean,ols,log_state_pop,-0.09088112671318806,-0.1858119764054649,0.004049722979088788,0.04824153225927034,0.06053893906961641,421,15,fan_line_refit_13
fan_vote_index_mean,ols,Intercept,-0.5822056308722656,-1.6693280650608773,0.504916803316346,0.5524489894348122,0.29278521745169395,421,15,fan_line_refit_14
fan_vote_index_mean,ols,C(industry)[T.Astronaut],-0.4894532734892291,-2.2472042882109293,1.268297741232471,0.8932460054380061,0.5841303427524333,421,15,fan_line_refit_14
fan_vote_index_mean,ols,C(industry)[T.Athlete],-0.1832530492951155,-0.40369758562717994,0.03719148703694897,0.11202451305677465,0.10291348947326034,421,15,fan_line_refit_14
fan_vote_index_mean,ols,C(industry)[T.Beauty Pagent],-0.7999148456414689,-1.5643084398631064,-0.03552125141983142,0.38844609896526344,0.04032276637338811,421,15,fan_line_refit_14
fan_vote_index_mean,ols,C(industry)[T.Comedian],-0.08783873172221239,-0.5580867912073898,0.382409327762965,0.23896854399860126,0.7134471819254751,421,15,fan_line_refit_14
fan_vote_index_mean,ols,C(industry)[T.Con artist],0.4836282939629481,-0.2666919024125191,1.2339484903384152,0.38129434294080644,0.20563388990261344,421,15,fan_line_refit_14
fan_vote_index_mean,ols,C(industry)[T.Conservationist],0.11901918895664063,-0.6606645406246274,0.8987029185379087,0.39621617118721514,0.7640860441746008,421,15,fan_line_refit_14
fan_vote_index_mean,ols,C(industry)[T.Entrepreneur],-0.3593003022600834,-1.1121237084636617,0.39352310394349493,0.3825664128534427,0.34838428674312055,421,15,fan_line_refit_14
fan_vote_index_mean,ols,C(industry)[T.Fashion Designer],1.376163419714365,-0.09665638681955735,2.8489832262482873,0.7484509454967927,0.0669405006176785,421,15,fan_line_refit_14
fan_vote_index_mean,ols,C(industry)[T.Fitness Instructor],0.27170417872170405,-1.1843913512799478,1.7277997087233559,0.7399520778635651,0.7137324333979519,421,15,fan_line_refit_14
fan_vote_index_mean,ols,C(industry)[T.Journalist],-0.47761446517221634,-2.0058356682622316,1.050606737917799,0.7766045780391423,0.539014056888272,421,15,fan_line_refit_14
fan_vote_index_mean,ols,C(industry)[T.Magician],-3.087988490403827,-4.567575623014224,-1.6084013577934302,0.7518899348272948,5.162451615457694e-05,421,15,fan_line_refit_14
fan_vote_index_mean,ols,C(industry)[T.Military],0.08330058241924103,-1.419982979658205,1.586584144496687,0.7639318797826994,0.9132414356734443,421,15,fan_line_refit_14
fan_vote_index_mean,ols,C(industry)[T.Model],-0.5192627246453486,-0.9440337276908222,-0.09449172159987507,0.2158582179833574,0.016746191280298913,421,15,fan_line_refit_14
fan_vote_index_mean,ols,C(industry)[T.Motivational Speaker],0.8210585763481474,-0.6602894826612661,2.3024066353575607,0.752784794485243,0.27627371479774043,421,15,fan_line_refit_14
fan_vote_index_mean,ols,C(industry)[T.Musician],1.4841381948156223,0.017944071977249898,2.9503323176539946,0.7450839353544132,0.047278509614004476,421,15,fan_line_refit_14
fan_vote_index_mean,ols,C(industry)[T.News Anchor],-0.5066876613091584,-1.3679504166641614,0.3545750940458444,0.4376726336153993,0.2479037789769039,421,15,fan_line_refit_14
fan_vote_index_mean,ols,C(industry)[T.Politician],-0.07399470004917996,-0.9283982755191488,0.7804088754207889,0.43418696642956217,0.8647925729979021,421,15,fan_line_refit_14
fan_vote_index_mean,ols,C(industry)[T.Producer],-0.6046142585263006,-2.0958224053416603,0.8865938882890592,0.7577954495621931,0.42557689774431,421,15,fan_line_refit_14
fan_vote_index_mean,ols,C(industry)[T.Racing Driver],-0.1482272888836852,-0.9310570933074358,0.6346025155400654,0.3978149293516651,0.7097039599285169,421,15,fan_line_refit_14
fan_vote_index_mean,ols,C(industry)[T.Radio Personality],-0.6252131475820196,-1.4171677172040287,0.16674142203998943,0.4024519114928443,0.12134513986339834,421,15,fan_line_refit_14
fan_vote_index_mean,ols,C(industry)[T.Singer/Rapper],-0.21457030403081628,-0.45205394105393804,0.022913332992305496,0.12068336661513979,0.0764130970721783,421,15,fan_line_refit_14
fan_vote_index_mean,ols,C(industry)[T.Social Media Personality],0.1967959098921187,-0.35295578813983797,0.7465476079240754,0.279370345479536,0.48170818516174224,421,15,fan_line_refit_14
fan_vote_index_mean,ols,C(industry)[T.Social media personality],-0.2752158821061728,-1.044235868971852,0.49380410475950637,0.39079711837260106,0.48182275044489137,421,15,fan_line_refit_14
fan_vote_index_mean,ols,C(industry)[T.Sports Broadcaster],0.6070391280278873,-0.8853280790417595,2.099406335097534,0.758384455589516,0.4240846781956158,421,15,fan_line_refit_14
fan_vote_index_mean,ols,C(industry)[T.TV Personality],-0.00432152041844017,-0.23902622766444293,0.2303831868275626,0.11927118257882603,0.9711206477613397,421,15,fan_line_refit_14
fan_vote_index_mean,ols,age,-0.01294914087992826,-0.044306729242207125,0.018408447482350605,0.015935158227861786,0.4170771090521773,421,15,fan_line_refit_14
fan_vote_index_mean,ols,age_sq,1.0003095777322582e-05,-0.00034810653280567696,0.0003681127243603221,0.0001819825405086158,0.9562007107288053,421,15,fan_line_refit_14
fan_vote_index_mean,ols,is_us,1.253076452757387,-0.18685785163055724,2.6930107571453314,0.7317393389138951,0.0878344667642868,421,15,fan_line_refit_14
fan_vote_index_mean,ols,log_state_pop,-0.0722385780276208,-0.1590620156078853,0.014584859552643686,0.04412154403406579,0.1026135998103847,421,15,fan_line_refit_14
fan_vote_index_mean,ols,Intercept,-1.2565909835920706,-2.3285976894358016,-0.18458427774833952,0.5447675465852467,0.021748429740732603,421,15,fan_line_refit_15
fan_vote_index_mean,ols,C(industry)[T.Astronaut],0.4534049901583537,-1.2799056432402423,2.1867156235569496,0.8808260023742042,0.6071031591573054,421,15,fan_line_refit_15
fan_vote_index_mean,ols,C(industry)[T.Athlete],0.025790901927654538,-0.19158849691711705,0.24317030077242613,0.11046688527348128,0.8155527208372513,421,15,fan_line_refit_15
fan_vote_index_mean,ols,C(industry)[T.Beauty Pagent],-0.1748312154721187,-0.9285964153607436,0.5789339844165062,0.38304500933273294,0.6484115781783177,421,15,fan_line_refit_15
fan_vote_index_mean,ols,C(industry)[T.Comedian],0.05738017431735998,-0.4063293926316108,0.5210897412663307,0.23564584226744764,0.8077815071556683,421,15,fan_line_refit_15
fan_vote_index_mean,ols,C(industry)[T.Con artist],-0.13714772324765642,-0.8770352067074402,0.6027397602121273,0.3759926938108862,0.7155437699153536,421,15,fan_line_refit_15
fan_vote_index_mean,ols,C(industry)[T.Conservationist],-0.14859287562487652,-0.9174356115143256,0.6202498602645725,0.3907070437686603,0.7039759294260163,421,15,fan_line_refit_15
fan_vote_index_mean,ols,C(industry)[T.Entrepreneur],-0.25514909240281686,-0.9975049801908322,0.48720679538519857,0.3772470764211263,0.4993377053304855,421,15,fan_line_refit_15
fan_vote_index_mean,ols,C(industry)[T.Fashion Designer],0.8764659511691335,-0.5758752566381036,2.3288071589763706,0.738044223295312,0.23594003544599815,421,15,fan_line_refit_15
fan_vote_index_mean,ols,C(industry)[T.Fitness Instructor],0.8821169841174008,-0.5537324873139238,2.317966455548725,0.7296635268729277,0.22762970756646045,421,15,fan_line_refit_15
fan_vote_index_mean,ols,C(industry)[T.Journalist],-0.15757812250970235,-1.664550406590852,1.3493941615714473,0.7658063979410639,0.8371106532822435,421,15,fan_line_refit_15
fan_vote_index_mean,ols,C(industry)[T.Magician],-1.6553195479784255,-3.1143339866071997,-0.19630510934965129,0.7414353957223395,0.02630658774798151,421,15,fan_line_refit_15
fan_vote_index_mean,ols,C(industry)[T.Military],-0.01207606561240807,-1.4944574503130745,1.4703053190882582,0.7533099052877956,0.9872204707230227,421,15,fan_line_refit_15
fan_vote_index_mean,ols,C(industry)[T.Model],-0.5313022676842121,-0.9501671069997375,-0.1124374283686867,0.21285685026116363,0.013089691667282794,421,15,fan_line_refit_15
fan_vote_index_mean,ols,C(industry)[T.Motivational Speaker],0.9468357511135471,-0.513915129381273,2.407586631608367,0.7423178129404382,0.20310488037373944,421,15,fan_line_refit_15
fan_vote_index_mean,ols,C(industry)[T.Musician],0.41719071397056334,-1.0286169359511441,1.8629983638922707,0.7347240292327466,0.5705779619863306,421,15,fan_line_refit_15
fan_vote_index_mean,ols,C(industry)[T.News Anchor],0.38775543013086755,-0.46153202839087104,1.2370428886526061,0.43158708112778416,0.36966398715233506,421,15,fan_line_refit_15
fan_vote_index_mean,ols,C(industry)[T.Politician],-0.7942316006091276,-1.6367552516680637,0.048292050449808444,0.42814987987055336,0.06456288329558703,421,15,fan_line_refit_15
fan_vote_index_mean,ols,C(industry)[T.Producer],-0.1810520717965143,-1.6515259420078254,1.2894217984147969,0.7472587981268671,0.8087206821379557,421,15,fan_line_refit_15
fan_vote_index_mean,ols,C(industry)[T.Racing Driver],0.1273782650101537,-0.6445668016031983,0.8993233316235058,0.39228357224366317,0.7456248895360598,421,15,fan_line_refit_15
fan_vote_index_mean,ols,C(industry)[T.Radio Personality],0.3361001887354739,-0.4448427691679088,1.1170431466388566,0.39685608017275564,0.39771537345164715,421,15,fan_line_refit_15
fan_vote_index_mean,ols,C(industry)[T.Singer/Rapper],0.038250839310926175,-0.19593074264396868,0.272432421265821,0.11900534312106886,0.7481128310293494,421,15,fan_line_refit_15
fan_vote_index_mean,ols,C(industry)[T.Social Media Personality],0.2760070835150841,-0.2661006757448887,0.8181148427750569,0.27548588305186483,0.3171952211746215,421,15,fan_line_refit_15
fan_vote_index_mean,ols,C(industry)[T.Social media personality],0.377812477058286,-0.38051478850234444,1.1361397426189166,0.38536333934872213,0.3276679659463952,421,15,fan_line_refit_15
fan_vote_index_mean,ols,C(industry)[T.Sports Broadcaster],0.4425794067388061,-1.029037407749982,1.914196221227594,0.7478396144095737,0.5544187285161344,421,15,fan_line_refit_15
fan_vote_index_mean,ols,C(industry)[T.TV Personality],-0.13109973929118168,-0.36254103067488264,0.1003415520925193,0.11761279458264808,0.265874168146522,421,15,fan_line_refit_15
fan_vote_index_mean,ols,age,-0.01990011342680044,-0.050821694976664875,0.011021468123063993,0.01571359024680469,0.2063329875978523,421,15,fan_line_refit_15
fan_vote_index_mean,ols,age_sq,0.00012229217807450512,-0.0002308381697089157,0.00047542252585792597,0.00017945219198545935,0.49609151634763665,421,15,fan_line_refit_15
fan_vote_index_mean,ols,is_us,0.6387819173560995,-0.7811310397621166,2.0586948744743157,0.7215649807013906,0.3767114562899753,421,15,fan_line_refit_15
fan_vote_index_mean,ols,log_state_pop,-0.03806287089850465,-0.12367908521195148,0.04755334341494217,0.04350806274364114,0.3823504194310124,421,15,fan_line_refit_15
