season,celebrity_name,pro_name,industry,judge_score_pct_mean,n_weeks_active,fan_vote_index_mean,fan_vote_index_sd_mean,n_weeks_q1
1,Evander Holyfield,Edyta Sliwinska,Athlete,0.13449386781723474,3,-2.2528812744900857,0.7394166442138825,3
1,Joey McIntyre,Ashly DelGrosso,Singer/Rapper,0.2180395219563426,5,-1.4958759819385592,0.5882149530849687,5
1,John O'Hurley,Charlotte Jorgensen,Actor/Actress,0.2863856822050214,6,-1.2825841210099933,0.5653737878936006,6
1,Kelly Monaco,Alec Mazo,Actor/Actress,0.2611647983660485,6,-1.2672118235691026,0.5658285056030778,6
1,Rachel Hunter,Jonathan Roberts,Model,0.22471387381820843,4,-2.1398966456622066,0.6229369434075974,4
1,Trista Sutter,Louis van Amstel,TV Personality,0.16108120403366438,2,-2.7212502575118878,0.9073901305644178,2
2,Drew Lachey,Cheryl Burke,Singer/Rapper,0.20018704680181554,8,-1.9208386803085118,0.46609539700250757,8
2,George Hamilton,Edyta Sliwinska,Actor/Actress,0.1313284889616562,6,-2.3607901836550327,0.486596069314571,6
2,Giselle Fernandez,Jonathan Roberts,News Anchor,0.11960927960927957,3,-2.86550076979973,0.6987817060449893,3
2,Jerry Rice,Anna Trebunskaya,Athlete,0.16517795223782084,8,-1.8064492409532613,0.42383231910830704,8
2,Kenny Mayne,Andrea Hale,Sports Broadcaster,0.0666666666666666,1,-3.566536887532375,1.170054456519498,1
2,Lisa Rinna,Louis van Amstel,Actor/Actress,0.16110426444239367,7,-2.2709854911749963,0.4511361750151891,7
2,Master P,Ashly DelGrosso,Singer/Rapper,0.06727361246348584,4,-2.5274818196086426,0.5817556724641298,4
2,Stacy Keibler,Tony Dovolani,Athlete,0.20056213646976576,8,-1.8805475799791325,0.42852877287629204,8
2,Tatum O'Neal,Nick Kosovich,Actor/Actress,0.10147435897435896,2,-3.079690806569226,0.8500348318936649,2
2,Tia Carrere,Maksim Chmerkoskiy,Actor/Actress,0.13186889155218434,5,-2.528874954335381,0.5258975627760838,5
3,Emmitt Smith,Cheryl Burke,Athlete,0.20837414780431013,10,-1.7364280526229536,0.42335938433881204,10
3,Harry Hamlin,Ashly DelGrosso,Actor/Actress,0.09259107343602828,3,-2.9598190367870383,0.6891700680814172,3
3,Jerry Springer,Kym Johnson,TV Personality,0.11802145836763005,7,-2.350392206029663,0.44190282688548904,7
3,Joey Lawrence,Edyta Sliwinska,Actor/Actress,0.17793884820314096,9,-1.959570733567227,0.4140797699041858,9
3,Mario Lopez,Karina Smirnoff,Actor/Actress,0.21553587339218602,10,-1.7219794385356337,0.4192494246961641,10
3,Monique Coleman,Louis van Amstel,Actor/Actress,0.15518985182521075,8,-2.2972365184513364,0.43826435954600707,8
3,Sara Evans,Tony Dovolani,Singer/Rapper,0.10328775955201923,5,-2.672114399839853,0.5250042477295838,5
3,Shanna Moakler,Jesse DeSoto,Model,0.0902789171452009,2,-3.1669852507640037,0.9039261802578472,2
3,Tucker Carlson,Elena Grinenko,TV Personality,0.0566037735849056,1,-3.693260311840101,1.1901966022824089,1
3,Vivica A. Fox,Nick Kosovich,Actor/Actress,0.1149420787033584,4,-2.875013800102731,0.6059674828938892,4
3,Willa Ford,Maksim Chmerkoskiy,Singer/Rapper,0.12012783805494971,5,-2.662916976976951,0.5236072289330378,5
4,Apolo Anton Ohno,Julianne Hough,Athlete,0.178011794399143,10,-2.0558602979824596,0.3972262676556066,10
4,Billy Ray Cyrus,Karina Smirnoff,Singer/Rapper,0.10627122028678884,8,-2.4463408664238138,0.4198743141974532,8
4,Clyde Drexler,Elena Grinenko,Athlete,0.07546895817305124,5,-2.755688251935035,0.5339713374174007,5
4,Heather Mills,Jonathan Roberts,Model,0.11184908310227037,6,-2.701458403949429,0.5143817035274868,6
4,Ian Ziering,Cheryl Burke,Actor/Actress,0.14582436905010476,9,-2.3467978390183326,0.40158313205569557,9
4,Joey Fatone,Kym Johnson,Singer/Rapper,0.1768065828621398,10,-2.104044254956178,0.4032689258943839,10
4,John Ratzenberger,Edyta Sliwinska,Actor/Actress,0.10055152917957648,7,-2.587482877145719,0.4571855534066202,7
4,Laila Ali,Maksim Chmerkoskiy,Athlete,0.17359518273537347,10,-2.0612633629114456,0.40464306964201924,10
4,Leeza Gibbons,Tony Dovolani,TV Personality,0.0882080222824809,4,-2.998371091828351,0.6490412205224344,4
4,Paulina Porizkova,Alec Mazo,Model,0.08897364771151176,2,-3.296267046759538,0.860806145560631,2
4,Shandi Finnessey,Brian Fortuna,Beauty Pagent,0.09006531266644001,3,-3.0763179655996136,0.6721898423537586,3
5,Albert Reed,Anna Trebunskaya,Model,0.08497367818722815,2,-3.397801096857915,0.9189260927375484,2
5,Cameron Mathison,Edyta Sliwinska,Actor/Actress,0.12606079060930925,8,-2.4863516714050746,0.4412415905419902,8
5,Floyd Mayweather Jr. ,Karina Smirnoff,Athlete,0.08610772792517313,4,-2.9336374410737958,0.622547346048707,4
5,Helio Castroneves,Julianne Hough,Racing Driver,0.16904060282997008,10,-2.0731772206984984,0.3953117873249626,10
5,Jane Seymour,Tony Dovolani,Actor/Actress,0.11697631847770029,7,-2.6561961980509734,0.4901404583057229,7
5,Jennie Garth,Derek Hough,Actor/Actress,0.1419550927241508,9,-2.398930662828862,0.4134038934621961,9
5,Josie Maran,Alec Mazo,Model,0.0622568093385214,1,-3.900650382262338,1.3463996617005691,1
5,Marie Osmond,Jonathan Roberts,Singer/Rapper,0.1517967048487998,10,-2.0275132798118998,0.3823912673767096,10
5,Mark Cuban,Kym Johnson,TV Personality,0.08811381098677981,5,-2.7533575865427085,0.5419217876582567,5
5,Mel B,Maksim Chmerkoskiy,Singer/Rapper,0.17260581647909704,10,-2.0214017211407698,0.37915990553631396,10
5,Sabrina Bryan,Mark Ballas,Actor/Actress,0.12186320977218612,6,-2.790390015469704,0.5131592450733137,6
5,Wayne Newton,Cheryl Burke,Singer/Rapper,0.07075632623496947,3,-3.077365882660287,0.7612808531744509,3
6,Adam Carolla,Julianne Hough,Radio Personality,0.07805201593839038,4,-2.961334523172548,0.6518802465378913,4
6,Cristian de la Fuente,Cheryl Burke,Actor/Actress,0.158138060411869,10,-2.0449233281147867,0.4088994198892709,10
6,Jason Taylor,Edyta Sliwinska,Athlete,0.16564760507522,10,-2.0752370942413636,0.39826409456882594,10
6,Kristi Yamaguchi,Mark Ballas,Athlete,0.17729755545368892,10,-2.0918549591701696,0.40288381100020815,10
6,Mario,Karina Smirnoff,Singer/Rapper,0.1319457188804115,8,-2.55417680906295,0.4441137738499083,8
6,Marissa Jaret Winokur,Tony Dovolani,Actor/Actress,0.13384376710864554,9,-2.3699647481664274,0.40616509444287874,9
6,Marlee Matlin,Fabian Sanchez,Actor/Actress,0.10193394798034365,6,-2.7277121488077167,0.4900646133327767,6
6,Monica Seles,Jonathan Roberts,Athlete,0.060047076908296054,2,-3.3153987877987365,0.9061287719800253,2
6,Penn Jillette,Kym Johnson,Magician,0.0659957406606779,2,-3.271098976078436,0.8457452942442473,2
6,Priscilla Presley,Louis van Amstel,Actor/Actress,0.09988664339910154,5,-2.8504637008565665,0.5262046610496157,5
6,Shannon Elizabeth,Derek Hough,Actor/Actress,0.11789162646164955,7,-2.625948746262636,0.45176451193529193,7
6,Steve Guttenberg,Anna Trebunskaya,Actor/Actress,0.07614538219016337,3,-3.0913199168112637,0.6959825341206903,3
7,Brooke Burke,Derek Hough,TV Personality,0.18023099694907904,10,-2.0724894333020636,0.40990527754436323,10
7,Cloris Leachman,Corky Ballas,Actor/Actress,0.08693067810641604,6,-2.6923264596601935,0.5114770961517083,6
7,Cody Linley,Julianne Hough,Actor/Actress,0.13881006495904347,9,-2.35958090828152,0.4136820250430959,9
7,Jeffrey Ross,Edyta Sliwinska,Comedian,0.0476190476190476,1,-3.799127918917183,1.212424849969055,1
7,Kim Kardashian,Mark Ballas,TV Personality,0.07516788766788765,2,-3.2634483992932797,0.8625103337241354,2
7,Lance Bass,Lacey Schwimmer,Singer/Rapper,0.16641470470197925,10,-2.0150310012560415,0.38609040498346886,10
7,Maurice Greene,Cheryl Burke,Athlete,0.12631173067660206,8,-2.4841647141536245,0.4294153336997637,8
7,Misty May-Treanor,Maksim Chmerkoskiy,Athlete,0.0891779788838612,2,-3.308326074985242,0.8698348961002628,2
7,Rocco DiSpirito,Karina Smirnoff,TV Personality,0.08275377444785585,4,-2.8609100275066766,0.614223167375751,4
7,Susan Lucci,Tony Dovolani,Actor/Actress,0.11600362585231792,7,-2.5850152747996993,0.4635458956517226,7
7,Ted McGinley,Inna Brayer,Actor/Actress,0.0734126984126984,1,-3.66733877683156,1.1423794401779188,1
7,Toni Braxton,Alec Mazo,Singer/Rapper,0.10502115467036414,5,-2.8250415985390913,0.5480436900278829,5
7,Warren Sapp,Kym Johnson,Athlete,0.16343047535619973,10,-2.0454152873782987,0.37937960593293674,10
8,Belinda Carlisle,Jonathan Roberts,Singer/Rapper,0.0689416880192561,2,-3.427973739098107,0.8675203853744229,2
8,Chuck Wicks,Julianne Hough,Singer/Rapper,0.11052867589864032,8,-2.749862797133178,0.4510354584244309,8
8,David Alan Grier,Kym Johnson,Actor/Actress,0.08649988569102449,5,-3.011051750392523,0.5490083120261781,5
8,Denise Richards,Maksim Chmerkoskiy,Actor/Actress,0.07210382769239794,3,-3.22507393425648,0.7641991879858172,3
8,Gilles Marini,Cheryl Burke,Actor/Actress,0.16805193319526646,11,-2.204277063954987,0.37380039534397747,11
8,Holly Madison,Dmitry Chaplin,TV Personality,0.0687608596783918,4,-3.1363919810603487,0.6210723042388377,4
8,Lawrence Taylor,Edyta Sliwinska,Athlete,0.08963859345744253,7,-2.781522375168816,0.4720109095608392,7
8,Lil' Kim,Derek Hough,Singer/Rapper,0.13051729839671675,9,-2.609698630504624,0.41026250664376396,9
8,Melissa Rycroft,Tony Dovolani,TV Personality,0.16183834428096242,11,-2.1722681919360416,0.38357028476205923,11
8,Shawn Johnson,Mark Ballas,Athlete,0.16247556953709433,11,-2.1516986485613185,0.3758669724058553,11
8,Steve Wozniak,Karina Smirnoff,Entrepreneur,0.05165143534567977,4,-3.0479966974217696,0.6361428954000125,4
8,Steve-O,Lacey Schwimmer,TV Personality,0.06926056944851945,6,-2.8491438375715017,0.49996068047936554,6
8,Ty Murray,Chelsie Hightower,Athlete,0.12137135515335391,10,-2.4425829317757963,0.38691023175807715,10
9,Aaron Carter,Karina Smirnoff,Singer/Rapper,0.11179539919125137,8,-2.7596897078958698,0.42690341467233084,8
9,Ashley Hamiliton,Edyta Sliwinska,Actor/Actress,0.0467979676767199,1,-3.9272437134807743,1.1652296373588236,1
9,Chuck Liddell,Anna Trebunskaya,Athlete,0.06373816568932583,4,-3.190874440908093,0.6104003864000147,4
9,Debi Mazar,Maksim Chmerkoskiy,Actor/Actress,0.06383581665381373,3,-3.3607679717659558,0.7686030290404334,3
9,Donny Osmond,Kym Johnson,Singer/Rapper,0.15000757980423834,10,-2.1821282295663047,0.3864428342396945,10
9,Joanna Krupa,Derek Hough,Model,0.13269843738143736,9,-2.5831344958166675,0.4113259005270588,9
9,Kathy Ireland,Tony Dovolani,Model,0.055242760683243,2,-3.5475141058861697,0.8729501218294806,2
9,Kelly Osbourne,Louis van Amstel,TV Personality,0.1400940819894791,10,-2.234744271432249,0.38739490963554013,10
9,Louie Vito,Chelsie Hightower,Athlete,0.07633004465501095,6,-2.992158831310937,0.5097536573532385,6
9,Macy Gray,Jonathan Roberts,Singer/Rapper,0.0467979676767199,1,-3.96752001352233,1.305477360116634,1
9,Mark Dacascos,Lacey Schwimmer,Actor/Actress,0.09379370752241219,7,-2.8604652022798236,0.4539454896721013,7
9,Melissa Joan Hart,Mark Ballas,Actor/Actress,0.0834057039194666,6,-2.9354512891793143,0.49850423726522014,6
9,Michael Irvin,Anna Demidova,Athlete,0.07721422784684506,7,-2.8181028401523927,0.44882713848145,7
9,Mya,Dmitry Chaplin,Singer/Rapper,0.1606908945003098,10,-2.243112031848397,0.3822716598479639,10
9,Natalie Coughlin,Alec Mazo,Athlete,0.08575772847524668,5,-3.0939062033150018,0.5353303614788915,5
9,Tom DeLay,Cheryl Burke,Politician,0.0562083520834023,3,-3.343052269162381,0.7250068459144005,3
10,Aiden Turner,Edyta Sliwinska,Actor/Actress,0.08640123146038631,4,-2.8799019853181638,0.6197222788127426,4
10,Buzz Aldrin,Ashly DelGrosso,Astronaut,0.06185683644848793,3,-3.0990952625939925,0.7194525886824903,3
10,Chad Ochocinco,Cheryl Burke,Athlete,0.1337222805988633,9,-2.3761053942249952,0.40681952638367647,9
10,Erin Andrews,Maksim Chmerkoskiy,Sports Broadcaster,0.16611665531538986,10,-2.0524444554876715,0.39713606548308855,10
10,Evan Lysacek,Anna Trebunskaya,Athlete,0.1742085620374247,10,-2.0734503914520945,0.3914019147353677,10
10,Jake Pavelka,Chelsie Hightower,TV Personality,0.10750702443465608,6,-2.746492559655667,0.5059024062682731,6
10,Kate Gosselin,Tony Dovolani,TV Personality,0.07831740786108048,5,-2.7846498559570634,0.5371231072296496,5
10,Nicole Scherzinger,Derek Hough,Singer/Rapper,0.1850856566668425,10,-2.0667211566808925,0.4008937937332576,10
10,Niecy Nash,Louis van Amstel,Actor/Actress,0.11725332805427546,8,-2.4559236449482365,0.42854919966134397,8
10,Pamela Anderson,Damian Whitewood,Model,0.12278942800801976,7,-2.6522672767411497,0.49131611715288365,7
10,Shannen Doherty,Mark Ballas,Actor/Actress,0.08851674641148324,2,-3.298817253206093,0.908359106880733,2
11,Audrina Patridge,Tony Dovolani,TV Personality,0.1191456787648602,6,-2.733617033138199,0.5153963127835001,6
11,Brandy,Maksim Chmerkoskiy,Singer/Rapper,0.15571542180078643,9,-2.363197111569948,0.4011906157099125,9
11,Bristol Palin,Mark Ballas,TV Personality,0.14632941020599977,10,-2.0253952115185077,0.37882334408197427,10
11,David Hasselhoff,Kym Johnson,Actor/Actress,0.066079295154185,1,-3.7075413744722874,1.175242181658616,1
11,Florence Henderson,Corky Ballas,Actor/Actress,0.09378314418668458,5,-2.853945285509054,0.5625260122535514,5
11,Jennifer Grey,Derek Hough,Actor/Actress,0.1771564593352613,10,-2.061067325914478,0.39249830828365173,10
11,Kurt Warner,Anna Trebunskaya,Athlete,0.12061418931402328,8,-2.4830420361824497,0.43912985930070236,8
11,Kyle Massey,Lacey Schwimmer,Actor/Actress,0.16271856307473426,10,-2.0810078340913742,0.38979432746499165,10
11,Margaret Cho,Louis van Amstel,Comedian,0.07632507425199826,3,-3.0901392182639946,0.7280450035986386,3
11,Michael Bolton,Chelsie Hightower,Singer/Rapper,0.062391612015866946,2,-3.264284281355322,0.8458840041174823,2
11,Rick Fox,Cheryl Burke,Athlete,0.1216769343774055,7,-2.6169328657876316,0.46471795131790616,7
11,The Situation,Karina Smirnoff,TV Personality,0.07905932175361105,4,-2.8704787764197106,0.5840370565142275,4
12,Chelsea Kane,Mark Ballas,Actor/Actress,0.17396818438865874,10,-2.0567796123749926,0.3920710004594731,10
12,Chris Jericho,Cheryl Burke,Athlete,0.11071551473871993,6,-2.713908384484657,0.49958945763892126,6
12,Hines Ward,Kym Johnson,Athlete,0.17130602381203966,10,-2.064567218010272,0.3994674945799175,10
12,Kendra Wilkinson,Louis van Amstel,TV Personality,0.11198134646646019,7,-2.615539247723423,0.47575114115780476,7
12,Kirstie Alley,Maksim Chmerkoskiy,Actor/Actress,0.15850267869054852,10,-2.0105927566088013,0.38960406054378344,10
12,Mike Catherwood,Lacey Schwimmer,Radio Personality,0.07075281803542671,2,-3.2600396893720256,0.8379722547900547,2
12,Petra Nemcova,Dmitry Chaplin,Model,0.10243296645431381,5,-2.856481389775157,0.5543922022078436,5
12,Ralph Macchio,Karina Smirnoff,Actor/Actress,0.13729271332095105,9,-2.366877402636505,0.3925325791891453,9
12,Romeo,Chelsie Hightower,Singer/Rapper,0.13151308977541792,8,-2.4716033611650428,0.41774399349545116,8
12,Sugar Ray Leonard,Anna Trebunskaya,Athlete,0.08905724976662177,4,-2.9884398387624445,0.6525863707526329,4
12,Wendy Williams,Tony Dovolani,TV Personality,0.07214333729639157,3,-3.0892093338624367,0.6874347675320626,3
13,Carson Kressley,Anna Trebunskaya,TV Personality,0.09057250516155443,5,-2.7919196690645656,0.5272999583626616,5
13,Chaz Bono,Lacey Schwimmer,TV Personality,0.09286033210906526,6,-2.670369693708698,0.49296265330720895,6
13,Chynna Phillips,Tony Dovolani,Singer/Rapper,0.10143400057910973,4,-2.95080295907672,0.6038642577788306,4
13,David Arquette,Kym Johnson,Actor/Actress,0.11527470911506832,7,-2.6034334956488876,0.4609865096730182,7
13,Elisabetta Canalis,Valentin Chmerkovskiy,Actor/Actress,0.08164741377528875,2,-3.2663520178146026,0.8383148119830808,2
13,Hope Solo,Maksim Chmerkoskiy,Athlete,0.13604297250086403,9,-2.3491819786493284,0.41419702412530157,9
13,J.R. Martinez,Karina Smirnoff,Actor/Actress,0.17228823305570423,10,-2.088453421138094,0.3989742800696125,10
13,Kristin Cavallari,Mark Ballas,TV Personality,0.09582604499720843,3,-3.100119569397249,0.7046770739100943,3
13,Metta World Peace (Ron),Peta Murgatroyd,Athlete,0.064516129032258,1,-3.9070808751499255,1.4096414405300648,1
13,Nancy Grace,Tristan MacManus,TV Personality,0.11733044931434669,8,-2.4735932042741346,0.42298262139581677,8
13,Ricki Lake,Derek Hough,Actor/Actress,0.17460649887765323,10,-2.0924480062147737,0.4027717120414921,10
13,Rob Kardashian,Cheryl Burke,TV Personality,0.16300497574853304,10,-2.0238124948741616,0.3859513900105797,10
14,Donald Driver,Peta Murgatroyd,Athlete,0.15205779859660234,10,-2.176149615728721,0.3944142148073355,10
14,Gavin DeGraw,Karina Smirnoff,Singer/Rapper,0.08427782984197214,5,-2.9501685965210354,0.5510265257785603,5
14,Gladys Knight,Tristan MacManus,Singer/Rapper,0.08643435749142347,6,-2.834220096148663,0.5068610342711715,6
14,Jack Wagner,Anna Trebunskaya,Actor/Actress,0.08298879513253733,3,-3.172193365714693,0.7269036914186819,3
14,Jaleel White,Kym Johnson,Actor/Actress,0.10732927135350824,7,-2.767104074390125,0.44144476179150016,7
14,Katherine Jenkins,Mark Ballas,Singer/Rapper,0.1574787731602889,10,-2.176368431849014,0.41342996549982614,10
14,Maria Menounos,Derek Hough,TV Personality,0.13216227203192116,9,-2.499136480637221,0.396512735802385,9
14,Martina Navratilova,Tony Dovolani,Athlete,0.0686355500481894,2,-3.3202863635482545,0.8851433217343794,2
14,Melissa Gilbert,Maksim Chmerkoskiy,Actor/Actress,0.10282706076596479,8,-2.613142102556474,0.42675520074561163,8
14,Roshon Fegan,Chelsie Hightower,Actor/Actress,0.11503180411701949,8,-2.639221761161805,0.43206508725877446,8
14,Sherri Sheperd,Valentin Chmerkovskiy,Actor/Actress,0.08663252125008425,4,-3.0326540134522784,0.633939138370002,4
14,William Levy,Cheryl Burke,Actor/Actress,0.1548235150952632,10,-2.176124096734514,0.39978212896648946,10
15,Apolo Anton Ohno,Karina Smirnoff,Athlete,0.12371348609950188,9,-2.5170517030273225,0.4052254180091148,9
15,Bristol Palin,Mark Ballas,TV Personality,0.07905262310336747,4,-2.951209717140086,0.588992871078154,4
15,Drew Lachey,Anna Trebunskaya,Singer/Rapper,0.0818701199116184,3,-3.1940194002907325,0.7382523188555253,3
15,Emmitt Smith,Cheryl Burke,Athlete,0.12168099313699418,9,-2.5328224706216775,0.4112970985361193,9
15,Gilles Marini,Peta Murgatroyd,Actor/Actress,0.11598974485832388,8,-2.6547563723005245,0.42728704076795304,8
15,Helio Castroneves,Chelsie Hightower,Racing Driver,0.08427254579699706,3,-3.167289913158527,0.717894860888311,3
15,Joey Fatone,Kym Johnson,Singer/Rapper,0.0778313939775139,2,-3.325692859128333,0.8268898044691014,2
15,Kelly Monaco,Valentin Chmerkovskiy,Actor/Actress,0.1422899638772,10,-2.227104352118883,0.3916041272689137,10
15,Kirstie Alley,Maksim Chmerkoskiy,Actor/Actress,0.10098787047989033,8,-2.6614137380800074,0.4362228918273512,8
15,Melissa Rycroft,Tony Dovolani,TV Personality,0.14824047359572473,10,-2.186145694174715,0.3995672258669845,10
15,Pamela Anderson,Tristan MacManus,Model,0.0614828209764918,1,-3.8303534382058975,1.2610104156581678,1
15,Sabrina Bryan,Louis van Amstel,Actor/Actress,0.1070126095978427,6,-2.8002001327182047,0.49197189193082663,6
15,Shawn Johnson,Derek Hough,Athlete,0.14764646333786785,10,-2.1421024103036546,0.3848365935628301,10
16,Alexandra Raisman,Mark Ballas,Athlete,0.14770808632004723,10,-2.4606539268865033,0.3962478160341776,10
16,Andy Dick,Sharna Burgess,Comedian,0.0884461368187417,7,-2.772330001064915,0.4677092020420723,7
16,D. L. Hughley,Cheryl Burke,Comedian,0.07318702828065766,5,-2.9499553183789304,0.547202590033409,5
16,Dorothy Hamill,Tristan MacManus,Athlete,0.07658923330231221,2,-3.358738064808213,0.8924816644902688,2
16,Ingo Rademacher,Kym Johnson,Actor/Actress,0.11721108137740871,9,-2.5477203831619977,0.4010299114446543,9
16,Jacoby Jones,Karina Smirnoff,Athlete,0.14056214910919615,10,-2.232805218226332,0.37990292436286394,10
16,Kellie Pickler,Derek Hough,Singer/Rapper,0.14896795040116628,10,-2.228243975187287,0.38915339151134487,10
16,Lisa Vanderpump,Gleb Savchenko,TV Personality,0.08052302724517522,4,-3.0272668211969336,0.6102951522686298,4
16,Sean Lowe,Peta Murgatroyd,TV Personality,0.10573945988403778,8,-2.638906617255977,0.4344761452384253,8
16,Victor Ortiz,Lindsay Arnold,Athlete,0.08953033773671341,6,-2.8600247291037455,0.5022220388836168,6
16,Wynonna Judd,Tony Dovolani,Singer/Rapper,0.07206766925709619,3,-3.1510964535123303,0.6931309281145029,3
16,Zendaya,Valentin Chmerkovskiy,Actor/Actress,0.15130890213155443,10,-2.2240221188939557,0.3756758769424982,10
17,Amber Riley,Derek Hough,Actor/Actress,0.1448355959808767,11,-2.259777886836613,0.3637380335700495,11
17,Bill Engvall,Emma Slater,Comedian,0.11848593090574168,11,-2.372610756162878,0.3681393255061154,11
17,Bill Nye,Tyne Stecklein,TV Personality,0.0604474574917686,3,-3.131910651918601,0.7503618862927128,3
17,Brant Daugherty,Peta Murgatroyd,Actor/Actress,0.11066000010373844,8,-2.75169509811906,0.4332469917164632,8
17,Christina Milian,Mark Ballas,Singer/Rapper,0.10045960113495264,5,-2.9355859959253223,0.5431702974734713,5
17,Corbin Bleu,Karina Smirnoff,Actor/Actress,0.14457757433326804,11,-2.277682313685544,0.3779261127510976,11
17,Elizabeth Berkley Lauren,Valentin Chmerkovskiy,Actor/Actress,0.11986072807932596,9,-2.6585000891336112,0.41398646012238316,9
17,Jack Osbourne,Cheryl Burke,TV Personality,0.13664833618451575,11,-2.2224060472133247,0.37185538830022563,11
17,Keyshawn Johnson,Sharna Burgess,Athlete,0.0670377114661654,2,-3.3665457647314065,0.8993427492315813,2
17,Leah Remini,Tony Dovolani,Actor/Actress,0.12050844297851764,10,-2.553264749585545,0.3823159977858128,10
17,"Nicole ""Snooki"" Polizzi",Sasha Farber,TV Personality,0.10442815965482298,7,-2.786431088283416,0.4799919030401809,7
17,Valerie Harper,Tristan MacManus,Actor/Actress,0.07303857163909865,4,-3.050877434410893,0.6144622691811719,4
18,Amy Purdy,Derek Hough,Athlete,0.14579779825135888,10,-2.184389497275512,0.3846751630195334,10
18,Billy Dee Williams,Emma Slater,Actor/Actress,0.059363659116506,2,-3.264054734651171,0.8685968840558188,2
18,Candace Cameron Bure,Mark Ballas,Actor/Actress,0.1321587974778082,10,-2.1447720953848286,0.38420785823922116,10
18,Charlie White,Sharna Burgess,Athlete,0.1323562035502391,9,-2.536808577194037,0.41774749076482365,9
18,Cody Simpson,Witney Carson,Singer/Rapper,0.09932815189800698,5,-2.8938686345749396,0.5560962338461264,5
18,Danica McKellar,Valentin Chmerkovskiy,Actor/Actress,0.12158438923199372,8,-2.597591657137783,0.44197013363494664,8
18,Diana Nyad,Henry Byalikov,Athlete,0.0687022900763358,1,-3.7951189745043865,1.1174581596498534,1
18,Drew Carey,Cheryl Burke,Comedian,0.0957040130315769,6,-2.761035548763836,0.4982264609398502,6
18,James Maslow,Peta Murgatroyd,Actor/Actress,0.1414041911495021,10,-2.3443551008155668,0.3851816217300047,10
18,Meryl Davis,Maksim Chmerkoskiy,Athlete,0.14889171764808432,10,-2.2430923796933917,0.3940402149486025,10
18,NeNe Leakes,Tony Dovolani,TV Personality,0.10469973018606135,7,-2.703739849328406,0.4759058813969447,7
18,Sean Avery,Karina Smirnoff,Athlete,0.0812007258165436,2,-3.211539173288647,0.8371761665794936,2
19,Alfonso Ribeiro,Witney Carson,Actor/Actress,0.14552890260806303,11,-2.3263145085498373,0.383227423901877,11
19,Antonio Sabato Jr.,Cheryl Burke,Actor/Actress,0.09162304333120681,7,-2.812959434264498,0.45941319748823334,7
19,Bethany Mota,Derek Hough,Social Media Personality,0.1425677695731649,11,-2.476660809621567,0.3757690784290913,11
19,Betsey Johnson,Tony Dovolani,Fashion Designer,0.0759723704157017,4,-3.098903252744342,0.6357479652022383,4
19,Janel Parrish,Valentin Chmerkovskiy,Actor/Actress,0.14376130528054595,11,-2.270411120285903,0.37445946803794894,11
19,Jonathan Bennett,Allison Holker,Actor/Actress,0.08821562591911829,6,-2.8623059385766205,0.5044625771571473,6
19,Lea Thompson,Artem Chigvintsev,Actor/Actress,0.11759815103275183,9,-2.654735215422784,0.4176566653617873,9
19,Lolo Jones,Keo Motsepe,Athlete,0.0591397849462365,1,-3.761399551900753,1.2289295122711832,1
19,Michael Waltrip,Emma Slater,Racing Driver,0.08477725968751482,8,-2.7048222938873856,0.43306919259049453,8
19,Randy Couture,Karina Smirnoff,Athlete,0.07811193018883997,3,-3.1592165838964257,0.7089860946288686,3
19,Sadie Robertson,Mark Ballas,TV Personality,0.1397431881213614,11,-2.2740341116695215,0.36142669225968893,11
19,Tavis Smiley,Sharna Burgess,Radio Personality,0.07765252777282715,2,-3.323555621607974,0.8258210217398934,2
19,Tommy Chong,Peta Murgatroyd,Comedian,0.10524605702362488,10,-2.507633185885898,0.38532663395104283,10
20,Charlotte McKinney,Keo Motsepe,Model,0.07146596125456633,3,-3.0661862045769834,0.7139294099953419,3
20,Chris Soules,Witney Carson,TV Personality,0.10090528536877516,8,-2.6303109479958318,0.4361645532939251,8
20,Michael Sam,Peta Murgatroyd,Athlete,0.08285941438555672,4,-2.972119023608559,0.601577796991412,4
20,Nastia Liukin,Derek Hough,Athlete,0.14120356305010567,9,-2.5236035216779538,0.3956344870436068,9
20,Noah Galloway,Sharna Burgess,Motivational Speaker,0.1423885774046038,10,-2.1518943134066704,0.3802608104147941,10
20,Patti LaBelle,Artem Chigvintsev,Singer/Rapper,0.0895751550460935,6,-2.806581121531412,0.48268059610798203,6
20,Redfoo,Emma Slater,Singer/Rapper,0.07925978286480706,2,-3.373647105058864,0.8789578499701877,2
20,Riker Lynch,Allison Holker,Actor/Actress,0.16011672270797792,10,-2.1849507966768247,0.40191165894377423,10
20,Robert Herjavec,Kym Johnson,Entrepreneur,0.10472608238101544,8,-2.6522960671556475,0.4377225516082642,8
20,Rumer Willis,Valentin Chmerkovskiy,Actor/Actress,0.1597252268345063,10,-2.1437304904738643,0.3952381283596417,10
20,Suzanne Somers,Tony Dovolani,Actor/Actress,0.0848547949615732,5,-2.952541266613925,0.5406834013404914,5
20,Willow Shields,Mark Ballas,Actor/Actress,0.11367595842283908,7,-2.783771130935404,0.4771037493901535,7
21,Alek Skarlatos,Lindsay Arnold,Military,0.13225890823536607,11,-2.2110063548594048,0.3646785019798191,11
21,Alexa PenaVega,Mark Ballas,Actor/Actress,0.11719560467014725,9,-2.642142620278626,0.41841873733032064,9
21,Andy Grammer,Allison Holker,Singer/Rapper,0.1069593554526798,8,-2.740468614917135,0.4376688983247357,8
21,Bindi Irwin,Derek Hough,TV Personality,0.14881717924546212,11,-2.2685615006777153,0.38017158105599064,11
21,Carlos PenaVega,Witney Carson,Actor/Actress,0.1449181390380555,11,-2.3742643681507483,0.37387518635211053,11
21,Chaka Khan,Keo Motsepe,Singer/Rapper,0.053726432532347504,2,-3.3066338376694184,0.8344656682328947,2
21,Gary Busey,Anna Trebunskaya,Actor/Actress,0.0676904937138525,4,-2.992751127070553,0.5843957895419417,4
21,Hayes Grier,Emma Slater,Social Media Personality,0.10122110876950972,7,-2.8323897417552346,0.4908570369061058,7
21,Kim Zolciak-Biermann,Tony Dovolani,TV Personality,0.0581959334565619,2,-3.474317352516855,0.9658147675627013,2
21,Nick Carter,Sharna Burgess,Singer/Rapper,0.1449120904184977,11,-2.2437836603659744,0.38265241201942124,11
21,Paula Deen,Louis van Amstel,TV Personality,0.07221547961351046,6,-2.8833555718699215,0.5075890930819354,6
21,Tamar Braxton,Valentin Chmerkovskiy,Singer/Rapper,0.1160840016913394,9,-2.660278195425615,0.4090328208798984,9
21,Victor Espinoza,Karina Smirnoff,Athlete,0.0641959334565619,2,-3.4348820303834087,0.890560347709641,2
22,Antonio Brown,Sharna Burgess,Athlete,0.11658489163423288,9,-2.532320198307058,0.4116848389253452,9
22,Doug Flutie,Karina Smirnoff,Athlete,0.08360341431707087,6,-2.8303419367372613,0.49794400318878534,6
22,Geraldo Rivera,Edyta Sliwinska,Journalist,0.0549685332189086,2,-3.2969813014415523,0.9073165233293254,2
22,Ginger Zee,Valentin Chmerkovskiy,News Anchor,0.14359705049641008,10,-2.2451096381410407,0.4042617553005014,10
22,Jodie Sweetin,Keo Motsepe,Actor/Actress,0.11108432157918317,8,-2.6742334957215785,0.4326111657808708,8
22,Kim Fields,Sasha Farber,Actor/Actress,0.09810123125504737,7,-2.8309905529324744,0.48809919340020835,7
22,Marla Maples,Tony Dovolani,TV Personality,0.0874338118140321,4,-3.083321828206942,0.6276729597884754,4
22,Mischa Barton,Artem Chigvintsev,Actor/Actress,0.06900641254857087,3,-3.13334001767549,0.7306642215455429,3
22,Nyle DiMarco,Peta Murgatroyd,Model,0.14724282034413094,10,-2.2375683477014148,0.4011966234356293,10
22,Paige VanZant,Mark Ballas,Athlete,0.14766254757336889,10,-2.2877286846559017,0.39679337606825227,10
22,Von Miller,Witney Carson,Athlete,0.09862138372057451,7,-2.8576981993656427,0.48607600509050986,7
22,Wanya Morris,Lindsay Arnold,Singer/Rapper,0.1257407640497666,9,-2.5417560727723765,0.39481871270231994,9
23,Amber Rose,Maksim Chmerkoskiy,Model,0.08432288259935906,6,-2.899302906427632,0.4996973060826455,6
23,Babyface,Allison Holker,Singer/Rapper,0.0774759364199019,4,-3.1213007541740003,0.6373921998193756,4
23,Calvin Johnson Jr.,Lindsay Arnold,Athlete,0.13274272419743602,11,-2.321575960545159,0.37646891533494126,11
23,Jake T. Austin,Jenna Johnson,Actor/Actress,0.06742424242424234,2,-3.3862392784521678,0.9264917866369174,2
23,James Hinchcliffe,Sharna Burgess,Racing Driver,0.14074510888819958,11,-2.293605245118467,0.3606456010927665,11
23,Jana Kramer,Gleb Savchenko,Singer/Rapper,0.13258729770927577,11,-2.449880753035659,0.36044728971666323,11
23,Laurie Hernandez,Valentin Chmerkovskiy,Athlete,0.14127882556508745,11,-2.303275555706507,0.37663713444525404,11
23,Marilu Henner,Derek Hough,Actor/Actress,0.10479708786015489,9,-2.696215197359124,0.40832290752716005,9
23,Maureen McCormick,Artem Chigvintsev,Actor/Actress,0.09205822238256943,7,-2.8943017755781653,0.4724756389672325,7
23,Rick Perry,Emma Slater,Politician,0.0646250971250971,3,-3.298765392726436,0.7555163720450634,3
23,Ryan Lochte,Cheryl Burke,Athlete,0.09424592676162896,8,-2.772045167911752,0.4507249114295785,8
23,Terra Jole,Sasha Farber,TV Personality,0.1184479852773632,10,-2.6311763664252448,0.40037806636783274,10
23,Vanilla Ice,Witney Carson,Singer/Rapper,0.07712826206360682,4,-3.1022219109237095,0.5891450669896102,4
24,Bonner Bolton,Sharna Burgess,Athlete,0.10463335743260316,8,-2.5649093612443346,0.42087966955052675,8
24,Charo,Keo Motsepe,Actor/Actress,0.07398213740888589,3,-3.1690483957325077,0.7067428118909244,3
24,Chris Kattan,Witney Carson,Comedian,0.06168228073009205,2,-3.36741692623018,0.8281038112249407,2
24,David Ross,Lindsay Arnold,Athlete,0.14379543845874757,10,-2.1172443046191476,0.3837528924533403,10
24,Erika Jayne,Gleb Savchenko,Singer/Rapper,0.0889326865291506,5,-2.9235635078542366,0.5399640208219889,5
24,Heather Morris,Maksim Chmerkoskiy,Actor/Actress,0.10761518133982655,6,-2.8282996552237063,0.4969621986726211,6
24,Mr. T,Kym Herjavec,Actor/Actress,0.07384459575931115,4,-3.0294718863517884,0.6316910626542294,4
24,Nancy Kerrigan,Artem Chigvintsev,Athlete,0.1099026918298339,7,-2.738818062564939,0.45449585368989787,7
24,Nick Viall,Peta Murgatroyd,TV Personality,0.09855232713680975,7,-2.732224422774485,0.47595491549238494,7
24,Normani,Valentin Chmerkovskiy,Singer/Rapper,0.16394134517142972,10,-2.151354354054659,0.3853378705064739,10
24,Rashad Jennings,Emma Slater,Athlete,0.16112115322738504,10,-2.136911424239001,0.38532638987244516,10
24,Simone Biles,Sasha Farber,Athlete,0.1426805290875827,9,-2.481008771326202,0.4136737776440617,9
25,Barbara Corcoran,Keo Motsepe,Entrepreneur,0.060367313532160904,2,-3.419442656710413,0.8435541635200249,2
25,Debbie Gibson,Alan Bersten,Singer/Rapper,0.07304200163692409,2,-3.3536421575149316,0.8742214268405104,2
25,Derek Fisher,Sharna Burgess,Athlete,0.07893001636913466,4,-3.1240074110092824,0.6332371875616509,4
25,Drew Scott,Emma Slater,TV Personality,0.12188305473136334,10,-2.4897589055192424,0.3793637808149924,10
25,Frankie Muniz,Witney Carson,Actor/Actress,0.13007138285179007,10,-2.3252965635708365,0.3689917650701676,10
25,Jordan Fisher,Lindsay Arnold,Actor/Actress,0.1419527632313498,10,-2.3442759827755593,0.3929442464115378,10
25,Lindsey Stirling,Mark Ballas,Musician,0.13769251438731028,10,-2.2729812778728062,0.3750454738966639,10
25,Nick Lachey,Peta Murgatroyd,Singer/Rapper,0.08021475609617852,6,-2.940344554553739,0.4903600830444161,6
25,Nikki Bella,Artem Chigvintsev,Athlete,0.09461852834870994,7,-2.764091624099045,0.46704205116640446,7
25,Sasha Pieterse,Gleb Savchenko,Actor/Actress,0.08319289580164682,5,-3.028931453084653,0.5753845534907326,5
25,Terrell Owens,Cheryl Burke,Athlete,0.10028490168450449,8,-2.717727891395271,0.4054849932158441,8
25,Vanessa Lachey,Maksim Chmerkoskiy,TV Personality,0.09882785488408292,7,-2.8228165790490443,0.4812924285996859,7
25,Victoria Arlen,Valentin Chmerkovskiy,Athlete,0.11642302671958468,9,-2.6498858973309094,0.4152032273323391,9
26,Adam Rippon,Jenna Johnson,Athlete,0.1965243885133246,4,-1.7232314855928532,0.6150627143695914,4
26,Arike Ogunbowale,Gleb Savchenko,Athlete,0.11303960836671115,2,-2.9409108466850347,0.8557952701114971,2
26,Chris Mazdzer,Witney Carson,Athlete,0.12658753008223708,3,-2.5497297668847096,0.6785088471443789,3
26,Jamie Anderson,Artem Chigvintsev,Athlete,0.0904761904761904,1,-3.5874808313531856,1.1501751571454013,1
26,Jennie Finch Daigle,Keo Motsepe,Athlete,0.11839925587987771,3,-2.516176415905098,0.7202598166625038,3
26,Johnny Damon,Emma Slater,Athlete,0.0857142857142857,1,-3.629238298636045,1.1608269291370108,1
26,Josh Norman,Sharna Burgess,Athlete,0.1863677109236749,4,-1.680475528635137,0.5941418593061957,4
26,Kareem Abdul-Jabbar,Lindsay Arnold,Athlete,0.0956163773920783,2,-2.8857013098531503,0.7861139028140894,2
26,Mirai Nagasu,Alan Bersten,Athlete,0.13790611459478003,3,-2.576488990205037,0.7027643878904625,3
26,Tonya Harding,Sasha Farber,Athlete,0.1815626132183154,4,-1.71296168775667,0.5616519932606695,4
27,Alexis Ren,Alan Bersten,Social Media Personality,0.13137732395208154,9,-2.3680221476736367,0.4017190755995947,9
27,Bobby Bones,Sharna Burgess,Radio Personality,0.11195768588939964,9,-2.355860241856308,0.41206529831171895,9
27,Danelle Umstead,Artem Chigvintsev,Athlete,0.06949005110362069,2,-3.412255123377528,0.8818030368940828,2
27,DeMarcus Ware,Lindsay Arnold,Athlete,0.10290487068524322,7,-2.831582588037466,0.47248951182569243,7
27,Evanna Lynch,Keo Motsepe,Actor/Actress,0.1302927135015236,9,-2.3993742890981493,0.41612693104747467,9
27,Joe Amabile,Jenna Johnson,TV Personality,0.08427779651096744,8,-2.647990182338275,0.4302711707250425,8
27,John Schneider,Emma Slater,Actor/Actress,0.09047059470917727,7,-2.8077910014572622,0.46927673149935495,7
27,Juan Pablo Di Pace,Cheryl Burke,Actor/Actress,0.12165602818450068,8,-2.657434772858625,0.4378151740139792,8
27,Mary Lou Retton,Sasha Farber,Athlete,0.09691750936167391,6,-2.8544355019886276,0.5082749007819533,6
27,Milo Manheim,Witney Carson,Actor/Actress,0.13507641146978275,9,-2.4015195769134956,0.4083836488444947,9
27,Nancy McKeon,Valentin Chmerkovskiy,Actor/Actress,0.07781232743283173,3,-3.2139446982454274,0.7159256020968136,3
27,Nikki Glaser,Gleb Savchenko,Comedian,0.0686274509803921,1,-3.8128155761178326,1.2517813283325525,1
27,Tinashe,Brandon Armstrong,Singer/Rapper,0.09950358492601205,4,-3.0744807034083923,0.6296000380545143,4
28,Ally Brooke,Sasha Farber,Singer/Rapper,0.14494245005409256,11,-2.3103781530440974,0.3847306486409227,11
28,Hannah Brown,Alan Bersten,TV Personality,0.14145589367480202,11,-2.317454639962347,0.3610070813091369,11
28,James Van Der Beek,Emma Slater,Actor/Actress,0.13103094092769557,10,-2.507071094943947,0.38029576822183603,10
28,Karamo Brown,Jenna Johnson,TV Personality,0.09739456259795702,7,-2.8058694878066714,0.4873156603830928,7
28,Kate Flannery,Pasha Pashkov,Actor/Actress,0.10862732931837793,8,-2.711650760965952,0.4350555844853836,8
28,Kel Mitchell,Witney Carson,Actor/Actress,0.14004893026470303,11,-2.294282345360478,0.3827119521946708,11
28,Lamar Odom,Peta Murgatroyd,Athlete,0.0605400326053463,4,-2.9836210517935386,0.6155325810951661,4
28,Lauren Alaina,Gleb Savchenko,Singer/Rapper,0.13495791839800944,11,-2.329218490490133,0.37910622293804724,11
28,Mary Wilson,Brandon Armstrong,Singer/Rapper,0.07739378346429315,2,-3.2791756165184394,0.8739923256563856,2
28,Ray Lewis,Cheryl Burke,Athlete,0.07231764133231344,2,-3.3271439110086516,0.8571624020923905,2
28,Sailor Brinkley-Cook,Valentin Chmerkovskiy,Model,0.10495033216361264,6,-2.9272232978733275,0.5046189485744395,6
28,Sean Spicer,Lindsay Arnold,Politician,0.08801865874292962,9,-2.572147768879613,0.39269926838954716,9
29,AJ McLean,Cheryl Burke,Singer/Rapper,0.09209112626567491,9,-2.9302056093974467,0.41840957578116716,9
29,Anne Heche,Keo Motsepe,Actor/Actress,0.0645782649858624,4,-3.3041367660588232,0.6647923350060183,4
29,Carole Baskin,Pasha Pashkov,TV Personality,0.04787345908342347,3,-3.385253172395629,0.6979537943479754,3
29,Charles Oakley,Emma Slater,Athlete,0.0505494505494505,2,-3.588530052039086,0.8916947811042778,2
29,Chrishell Stause,Gleb Savchenko,Actor/Actress,0.08058646900446759,8,-3.0002098035808773,0.4405590462377512,8
29,Jeannie Mai,Brandon Armstrong,TV Personality,0.07946931622787266,7,-3.0565558346749,0.46607092337441103,7
29,Jesse Metcalfe,Sharna Burgess,Actor/Actress,0.06992695043356824,5,-3.212364767394507,0.5787640373637566,5
29,Johnny Weir,Britt Stewart,Athlete,0.10416588502488053,10,-2.798550834631143,0.38731308858506264,10
29,Justina Machado,Sasha Farber,Actor/Actress,0.11587162582983751,11,-2.5304534566828694,0.3583794814169248,11
29,Kaitlyn Bristowe,Artem Chigvintsev,TV Personality,0.1196993225462098,11,-2.4884113371817613,0.36909580453303725,11
29,Monica Aldama,Valentin Chmerkovskiy,TV Personality,0.08030089782948117,7,-3.079557923292437,0.47048529374251363,7
29,Nelly,Daniella Karagach,Singer/Rapper,0.10656418310607019,11,-2.486861221490798,0.3666125981489667,11
29,Nev Schulman,Jenna Johnson,Producer,0.12117762578604344,11,-2.542164376146261,0.37456470393216834,11
29,Skai Jackson,Alan Bersten,Actor/Actress,0.09831012045881472,10,-2.835484045118662,0.3982254405886897,10
29,Veron Davis,Peta Murgatroyd,Athlete,0.07237152298741982,6,-3.150747154070514,0.5058353227752188,6
30,Amanda Kloots,Alan Bersten,TV Personality,0.11909111818914386,10,-2.5215161101977657,0.3886456167854835,10
30,Brian Austin Green,Sharna Burgess,Actor/Actress,0.06285563484947113,4,-3.2992409785955132,0.6194035991782656,4
30,Christine Chiu,Pasha Pashkov,TV Personality,0.0670378239747807,3,-3.3416432517982724,0.6984178444036905,3
30,Cody Rigsby,Cheryl Burke,Fitness Instructor,0.10724626929936969,10,-2.493761406183942,0.37962903425162714,10
30,Iman Shumpert,Daniella Karagach,Athlete,0.10825456267479203,10,-2.543712804734521,0.3918053623605316,10
30,Jimmie Allen,Emma Slater,Singer/Rapper,0.08601278140761459,8,-2.947237028868791,0.437888034090832,8
30,JoJo Siwa,Jenna Johnson,Social Media Personality,0.12221615921209206,10,-2.5124520983398275,0.38923772914711685,10
30,Kenya Moore,Brandon Armstrong,TV Personality,0.07600128317597689,6,-3.101574320104419,0.5008284545040335,6
30,Martin Kove,Britt Stewart,Actor/Actress,0.0372400823220495,2,-3.4923140319919144,0.8859274217548446,2
30,Matt James,Lindsay Arnold,Athlete,0.06454401133384975,4,-3.276585954582167,0.5713643719119386,4
30,Melanie C,Gleb Savchenko,Singer/Rapper,0.07963225144700734,5,-3.2231945083146627,0.5454479144512656,5
30,Melora Hardin,Artem Chigvintsev,Actor/Actress,0.10051733503490619,9,-2.8432884226159434,0.4140657795866027,9
30,"Mike ""The Miz"" Mizanin",Witney Carson,Athlete,0.07989317071438187,7,-3.0271790452001754,0.4632453534209775,7
30,Olivia Jade,Valentin Chmerkovskiy,Social Media Personality,0.09257959047384026,8,-2.9330074557115533,0.4370632918618472,8
30,Suni Lee,Sasha Farber,Athlete,0.09999006036521438,9,-2.804112388781073,0.4130303471849244,9
31,Charli D'Amelio,Mark Ballas,Social Media Personality,0.12420739928260305,10,-2.5476452528180595,0.3867785153470404,10
31,Cheryl Ladd,Louis van Amstel,Actor/Actress,0.055166015217289,3,-3.410770527948333,0.7498758992730209,3
31,Daniel Durant,Britt Stewart,Actor/Actress,0.09501389881218814,9,-2.816552301394063,0.407912062891366,9
31,Gabby Windey,Valentin Chmerkovskiy,TV Personality,0.11940012270090446,10,-2.544612991572534,0.38980960116219365,10
31,Heidi D'Amelio,Artem Chigvintsev,Social Media Personality,0.08792698545604376,8,-2.927109786587905,0.4316459753066658,8
31,Jason Lewis,Peta Murgatroyd,Actor/Actress,0.0471204188481675,1,-3.949084308118557,1.2239535643425754,1
31,Jessie James Decker,Alan Bersten,Singer/Rapper,0.07103044990659109,6,-3.0950834828057463,0.5003258808777767,6
31,Jordin Sparks,Brandon Armstrong,Singer/Rapper,0.08173973917388008,7,-3.064583053671275,0.4714352672603976,7
31,Joseph Baena,Daniella Karagach,Actor/Actress,0.06735054721733494,5,-3.18482298873781,0.5360082733932682,5
31,Sam Champion,Cheryl Burke,News Anchor,0.059618291567276195,4,-3.2970895052588256,0.6617101998858016,4
31,Selma Blair,Sasha Farber,Actor/Actress,0.0755946918374007,5,-3.197900154925533,0.545966491991548,5
31,Shangela,Gleb Savchenko,TV Personality,0.1139331555758516,10,-2.5181618941185424,0.3747960598534523,10
31,Teresa Giudice,Pasha Pashkov,TV Personality,0.05409063183042745,2,-3.523542133023553,0.852518507025505,2
31,Trevor Donovan,Emma Slater,Actor/Actress,0.09262717813995111,9,-2.8035528898403066,0.4025950407290989,9
31,Vinny Guadagnino,Koko Iwasaki,TV Personality,0.07215623178066663,8,-2.9125716119332274,0.43036559798525004,8
31,Wayne Brady,Witney Carson,Comedian,0.11827978305830882,10,-2.54889265269511,0.38373269259504894,10
32,Adrian Peterson,Britt Stewart,Athlete,0.07413968577861765,4,-3.1602486914246715,0.6297160015547887,4
32,Alyson Hannigan,Sasha Farber,Actor/Actress,0.11286054404984171,11,-2.420565938379502,0.38762192458066475,11
32,Ariana Madix,Pasha Pashkov,TV Personality,0.13478127524205405,11,-2.4284050207982606,0.38392208403594896,11
32,Barry Williams,Peta Murgatroyd,Actor/Actress,0.09220696125495063,8,-2.7764557572168993,0.44252227567192864,8
32,Charity Lawson,Artem Chigvintsev,TV Personality,0.13461325854728431,11,-2.4195243837578864,0.3716616091860928,11
32,Harry Jowsey,Rylee Arnold,TV Personality,0.08908138886719803,9,-2.665124958522593,0.4003591392875996,9
32,Jamie Lynn Spears,Alan Bersten,Actor/Actress,0.0660809778456837,2,-3.4582067380571995,0.8469177288679031,2
32,Jason Mraz,Daniella Karagach,Singer/Rapper,0.1354073324722125,11,-2.4233387102267745,0.3729518322703067,11
32,Lele Pons,Brandon Armstrong,Social Media Personality,0.09858340438805104,7,-2.887257342414458,0.45518658054096134,7
32,Matt Walsh,Koko Iwasaki,Comedian,0.0519480519480519,1,-3.8803197898248953,1.2069780529990084,1
32,Mauricio Umansky,Emma Slater,TV Personality,0.07803563367653416,6,-2.979383825008593,0.4946750924067613,6
32,Mira Sorvino,Gleb Savchenko,Actor/Actress,0.08177706967954644,5,-3.079568853956276,0.5765983118966347,5
32,Tyson Beckford,Jenna Johnson,Model,0.06316593623095167,3,-3.267050353547041,0.7199158505446152,3
32,Xochitl Gomez,Valentin Chmerkovskiy,Actor/Actress,0.13899779601002285,11,-2.413673714551976,0.3741416161024837,11
33,Anna Delvey,Ezra Sosa,Con artist,0.06938298339767125,2,-3.4630687244826275,0.8960306989691168,2
33,Brooks Nader,Gleb Savchenko,Model,0.0887873402181468,4,-3.069631498605691,0.6030481151083203,4
33,Chandler Kinney,Brandon Armstrong,Actor/Actress,0.14370070716539782,9,-2.335259152680282,0.39475713660910533,9
33,Danny Amendola,Witney Carson,Athlete,0.13177639669434948,9,-2.346826937496397,0.4215289231070159,9
33,Dwight HowardÂ ,Daniella Karagach,Athlete,0.110576846270476,7,-2.6438303374223215,0.4690972083487791,7
33,Eric Roberts,Britt Stewart,Actor/Actress,0.06373177461604977,3,-3.1536712866203285,0.7093314835467806,3
33,Ilona Maher,Alan Bersten,Athlete,0.12870323750355472,9,-2.278292210003913,0.4008587958939499,9
33,Jenn Tran,Sasha Farber,TV Personality,0.10560289376264927,6,-2.7783229752704863,0.5106974578393983,6
33,Joey Graziadei,Jenna Johnson,TV Personality,0.14095812317408155,9,-2.32832016565006,0.4233327093694837,9
33,Phaedra Parks,Val Chmerkovskiy,TV Personality,0.09480483176575594,5,-2.941441156989114,0.5606894327135606,5
33,Reginald VelJohnson,Emma Slater,Actor/Actress,0.0629848662226667,3,-3.132848523890847,0.6882069559934915,3
33,Stephen Nedoroscik,Rylee Arnold,Athlete,0.1328377557663968,9,-2.3416443338746746,0.42036135440939276,9
33,Tori Spelling,Pasha Pashkov,Actor/Actress,0.07123466089194355,2,-3.418253938099655,0.9042263291521959,2
34,Alix Earle,Val Chmerkovskiy (Joey Graziadei week 9),Social media personality,0.12117864766322249,11,-2.5485821880861255,0.37977365947481895,11
34,Andy Richter,Emma Slater/Kaitlyn Bristowe (week 9),Comedian,0.07985188146483799,9,-2.7782659159671543,0.41722948000702736,9
34,Baron Davis,Britt Stewart,Athlete,0.0628619055974732,2,-3.4551013236540316,0.8567391143718555,2
34,Corey Feldman,Jenna Johnson,Actor/Actress,0.05441744165643095,2,-3.3908215512565096,0.8851472196674373,2
34,Danielle Fishel,Pasha Pashkov,Actor/Actress,0.0918226335745835,8,-2.8841791766302016,0.4386795573856214,8
34,Dylan Efron,Daniella Karagach (Rumer Willis week 9),TV Personality,0.11626060829964803,11,-2.486867526863451,0.3713028214335221,11
34,Elaine Hendrix,Alan Bersten (Rashad Jennings week 9),Actor/Actress,0.11319161287516097,11,-2.4946388366451338,0.371479522671336,11
34,Hilaria Baldwin,Gleb Savchenko,Entrepreneur,0.0848126175820495,4,-3.168095263512404,0.615289218539075,4
34,Jen Affleck,Jan Ravnik,TV Personality,0.08687976596138611,7,-2.9172844449061457,0.4658889264718989,7
34,Jordan Chiles,Ezra Sosa (Apolo Anton Ohno week 9),Athlete,0.11837002854867057,11,-2.4791079259617703,0.3705433519762582,11
34,Lauren Jauregui,Brandon Armstrong,Singer/Rapper,0.07494892384469566,3,-3.298032994059509,0.7141204436552705,3
34,Robert Irwin,Witney Carson (Xoshitl Gomez week 9),Conservationist,0.12182882693949491,11,-2.5181505015586882,0.3813152149038324,11
34,Scott Hoying,Rylee Arnold,Singer/Rapper,0.07903398832235577,6,-2.9612630726879274,0.49092028679963845,6
34,Whitney Leavitt,Mark Ballas,TV Personality,0.11666068025976886,10,-2.7338158093325893,0.3982514693267961,10
