season,week,n_active,n_exit,alpha,fan_source_mechanism,count_withdraw_as_exit,observed_exit,pred_exit_percent,pred_exit_rank,pred_exit_percent_judge_save,pred_exit_rank_judge_save,match_percent,match_rank,match_percent_judge_save,match_rank_judge_save,diff_percent_rank,mean_fan_share_observed,mean_fan_share_pred_percent,mean_fan_share_pred_rank,mean_judge_pct_observed,mean_judge_pct_pred_percent,mean_judge_pct_pred_rank,missing_fan_share_any,missing_fan_share_n
1,1,6,0,0.5,rank,1,,,,,,,,,,,,,,,,,0,0
1,2,6,1,0.5,rank,1,Trista Sutter,Trista Sutter,Trista Sutter,Trista Sutter,Evander Holyfield,1,1,1,0,0,0.042253470724337404,0.042253470724337404,0.042253470724337404,0.1570247933884297,0.1570247933884297,0.1570247933884297,0,0
1,3,5,1,0.5,rank,1,Evander Holyfield,Evander Holyfield,Evander Holyfield,Evander Holyfield,Evander Holyfield,1,1,1,1,0,0.09753549193282733,0.09753549193282733,0.09753549193282733,0.1226415094339622,0.1226415094339622,0.1226415094339622,0,0
1,4,4,1,0.5,rank,1,Rachel Hunter,Rachel Hunter,Rachel Hunter,John O'Hurley,Joey McIntyre,1,1,0,0,0,0.06761383285454152,0.06761383285454152,0.06761383285454152,0.2717391304347826,0.2717391304347826,0.2717391304347826,0,0
1,5,3,0,0.5,rank,1,,,,,,,,,,,,,,,,,0,0
1,6,2,0,0.5,rank,1,,,,,,,,,,,,,,,,,0,0
2,1,10,1,0.5,rank,1,Kenny Mayne,Kenny Mayne,Kenny Mayne,Master P,Kenny Mayne,1,1,0,1,0,0.027602249344903115,0.027602249344903115,0.027602249344903115,0.0666666666666666,0.0666666666666666,0.0666666666666666,0,0
2,2,9,1,0.5,rank,1,Tatum O'Neal,Tatum O'Neal,Tatum O'Neal,Tatum O'Neal,Tatum O'Neal,1,1,1,1,0,0.029349382643691708,0.029349382643691708,0.029349382643691708,0.085,0.085,0.085,0,0
2,3,8,1,0.5,rank,1,Giselle Fernandez,Giselle Fernandez,Giselle Fernandez,Giselle Fernandez,Giselle Fernandez,1,1,1,1,0,0.02723470560422221,0.02723470560422221,0.02723470560422221,0.1208791208791208,0.1208791208791208,0.1208791208791208,0,0
2,4,7,1,0.5,rank,1,Master P,Master P,Master P,Master P,Master P,1,1,1,1,0,0.057303978326850816,0.057303978326850816,0.057303978326850816,0.050632911392405,0.050632911392405,0.050632911392405,0,0
2,5,6,1,0.5,rank,1,Tia Carrere,Tia Carrere,Tia Carrere,Tia Carrere,Tia Carrere,1,1,1,1,0,0.07374463700090161,0.07374463700090161,0.07374463700090161,0.1456953642384106,0.1456953642384106,0.1456953642384106,0,0
2,6,5,1,0.5,rank,1,George Hamilton,George Hamilton,George Hamilton,George Hamilton,George Hamilton,1,1,1,1,0,0.0764653560297322,0.0764653560297322,0.0764653560297322,0.1729323308270676,0.1729323308270676,0.1729323308270676,0,0
2,7,4,1,0.5,rank,1,Lisa Rinna,Lisa Rinna,Lisa Rinna,Lisa Rinna,Jerry Rice,1,1,1,0,0,0.09378858322051302,0.09378858322051302,0.09378858322051302,0.2598039215686274,0.2598039215686274,0.2598039215686274,0,0
2,8,3,0,0.5,rank,1,,,,,,,,,,,,,,,,,0,0
3,1,11,1,0.5,rank,1,Tucker Carlson,Tucker Carlson,Tucker Carlson,Tucker Carlson,Tucker Carlson,1,1,1,1,0,0.02601642554425221,0.02601642554425221,0.02601642554425221,0.0566037735849056,0.0566037735849056,0.0566037735849056,0,0
3,2,10,1,0.5,rank,1,Shanna Moakler,Shanna Moakler,Shanna Moakler,Shanna Moakler,Harry Hamlin,1,1,1,0,0,0.01606921807865751,0.01606921807865751,0.01606921807865751,0.0956521739130434,0.0956521739130434,0.0956521739130434,0,0
3,3,9,1,0.5,rank,1,Harry Hamlin,Harry Hamlin,Harry Hamlin,Harry Hamlin,Harry Hamlin,1,1,1,1,0,0.017343562729736608,0.017343562729736608,0.017343562729736608,0.1062801932367149,0.1062801932367149,0.1062801932367149,0,0
3,4,8,1,0.5,rank,1,Vivica A. Fox,Vivica A. Fox,Vivica A. Fox,Vivica A. Fox,Jerry Springer,1,1,1,0,0,0.022910067086888704,0.022910067086888704,0.022910067086888704,0.1212121212121212,0.1212121212121212,0.1212121212121212,0,0
3,5,7,2,0.5,rank,1,Sara Evans|Willa Ford,Emmitt Smith|Willa Ford,Sara Evans|Willa Ford,,,0,1,,,1,0.08306768718994256,0.04900712765805911,0.08306768718994256,0.14088397790055246,0.149171270718232,0.14088397790055246,0,0
3,6,5,0,0.5,rank,1,,,,,,,,,,,,,,,,,0,0
3,7,5,1,0.5,rank,1,Jerry Springer,Jerry Springer,Jerry Springer,Jerry Springer,Jerry Springer,1,1,1,1,0,0.09987967430958493,0.09987967430958493,0.09987967430958493,0.1703703703703703,0.1703703703703703,0.1703703703703703,0,0
3,8,4,1,0.5,rank,1,Monique Coleman,Monique Coleman,Monique Coleman,Monique Coleman,Monique Coleman,1,1,1,1,0,0.1419152588723202,0.1419152588723202,0.1419152588723202,0.2431192660550458,0.2431192660550458,0.2431192660550458,0,0
3,9,3,0,0.5,rank,1,,,,,,,,,,,,,,,,,0,0
3,10,2,0,0.5,rank,1,,,,,,,,,,,,,,,,,0,0
4,1,11,0,0.5,rank,1,,,,,,,,,,,,,,,,,0,0
4,2,11,1,0.5,rank,1,Paulina Porizkova,Paulina Porizkova,Paulina Porizkova,Paulina Porizkova,Paulina Porizkova,1,1,1,1,0,0.013102119386946704,0.013102119386946704,0.013102119386946704,0.0857142857142857,0.0857142857142857,0.0857142857142857,0,0
4,3,10,1,0.5,rank,1,Shandi Finnessey,Shandi Finnessey,Shandi Finnessey,Shandi Finnessey,Shandi Finnessey,1,1,1,1,0,0.016356074780798608,0.016356074780798608,0.016356074780798608,0.0963302752293578,0.0963302752293578,0.0963302752293578,0,0
4,4,9,1,0.5,rank,1,Leeza Gibbons,Leeza Gibbons,Leeza Gibbons,John Ratzenberger,Leeza Gibbons,1,1,0,1,0,0.027061903408122708,0.027061903408122708,0.027061903408122708,0.0842105263157894,0.0842105263157894,0.0842105263157894,0,0
4,5,8,1,0.5,rank,1,Clyde Drexler,Clyde Drexler,Clyde Drexler,Clyde Drexler,Clyde Drexler,1,1,1,1,0,0.04459398386199661,0.04459398386199661,0.04459398386199661,0.0738636363636363,0.0738636363636363,0.0738636363636363,0,0
4,6,7,1,0.5,rank,1,Heather Mills,Heather Mills,Heather Mills,Heather Mills,Heather Mills,1,1,1,1,0,0.03708491293778271,0.03708491293778271,0.03708491293778271,0.1352941176470588,0.1352941176470588,0.1352941176470588,0,0
4,7,6,1,0.5,rank,1,John Ratzenberger,John Ratzenberger,John Ratzenberger,John Ratzenberger,Billy Ray Cyrus,1,1,1,0,0,0.05718642014249221,0.05718642014249221,0.05718642014249221,0.145631067961165,0.145631067961165,0.145631067961165,0,0
4,8,5,1,0.5,rank,1,Billy Ray Cyrus,Billy Ray Cyrus,Billy Ray Cyrus,Billy Ray Cyrus,Billy Ray Cyrus,1,1,1,1,0,0.09226382064662121,0.09226382064662121,0.09226382064662121,0.1513944223107569,0.1513944223107569,0.1513944223107569,0,0
4,9,4,1,0.5,rank,1,Ian Ziering,Ian Ziering,Ian Ziering,Ian Ziering,Ian Ziering,1,1,1,1,0,0.13202589558705013,0.13202589558705013,0.13202589558705013,0.2447257383966244,0.2447257383966244,0.2447257383966244,0,0
4,10,3,0,0.5,rank,1,,,,,,,,,,,,,,,,,0,0
5,1,12,1,0.5,rank,1,Josie Maran,Josie Maran,Josie Maran,Josie Maran,Josie Maran,1,1,1,1,0,0.02522759827086551,0.02522759827086551,0.02522759827086551,0.0622568093385214,0.0622568093385214,0.0622568093385214,0,0
5,2,11,1,0.5,rank,1,Albert Reed,Albert Reed,Albert Reed,Albert Reed,Albert Reed,1,1,1,1,0,0.012502627299471604,0.012502627299471604,0.012502627299471604,0.088235294117647,0.088235294117647,0.088235294117647,0,0
5,3,10,1,0.5,rank,1,Wayne Newton,Wayne Newton,Wayne Newton,Wayne Newton,Wayne Newton,1,1,1,1,0,0.03220134960521952,0.03220134960521952,0.03220134960521952,0.0753138075313807,0.0753138075313807,0.0753138075313807,0,0
5,4,9,1,0.5,rank,1,Floyd Mayweather Jr. ,Floyd Mayweather Jr. ,Floyd Mayweather Jr. ,Floyd Mayweather Jr. ,Floyd Mayweather Jr. ,1,1,1,1,0,0.029891542329663318,0.029891542329663318,0.029891542329663318,0.0982905982905982,0.0982905982905982,0.0982905982905982,0,0
5,5,8,1,0.5,rank,1,Mark Cuban,Mark Cuban,Mark Cuban,Mark Cuban,Mark Cuban,1,1,1,1,0,0.03825048602712992,0.03825048602712992,0.03825048602712992,0.1055276381909547,0.1055276381909547,0.1055276381909547,0,0
5,6,7,1,0.5,rank,1,Sabrina Bryan,Sabrina Bryan,Sabrina Bryan,Sabrina Bryan,Sabrina Bryan,1,1,1,1,0,0.03157557968766592,0.03157557968766592,0.03157557968766592,0.1388888888888889,0.1388888888888889,0.1388888888888889,0,0
5,7,6,1,0.5,rank,1,Jane Seymour,Jane Seymour,Jane Seymour,Jane Seymour,Jane Seymour,1,1,1,1,0,0.07341305504844352,0.07341305504844352,0.07341305504844352,0.1602564102564102,0.1602564102564102,0.1602564102564102,0,0
5,8,5,1,0.5,rank,1,Cameron Mathison,Cameron Mathison,Cameron Mathison,Cameron Mathison,Jennie Garth,1,1,1,0,0,0.057040658871260815,0.057040658871260815,0.057040658871260815,0.1939163498098859,0.1939163498098859,0.1939163498098859,0,0
5,9,4,1,0.5,rank,1,Jennie Garth,Jennie Garth,Jennie Garth,Jennie Garth,Marie Osmond,1,1,1,0,0,0.09651230729829503,0.09651230729829503,0.09651230729829503,0.2478632478632478,0.2478632478632478,0.2478632478632478,0,0
5,10,3,0,0.5,rank,1,,,,,,,,,,,,,,,,,0,0
6,1,12,0,0.5,rank,1,,,,,,,,,,,,,,,,,0,0
6,2,12,2,0.5,rank,1,Monica Seles|Penn Jillette,Monica Seles|Penn Jillette,Monica Seles|Penn Jillette,,,1,1,,,0,0.023632988402082156,0.023632988402082156,0.023632988402082156,0.06225680933852135,0.06225680933852135,0.06225680933852135,0,0
6,3,10,1,0.5,rank,1,Steve Guttenberg,Steve Guttenberg,Steve Guttenberg,Steve Guttenberg,Steve Guttenberg,1,1,1,1,0,0.016766022883446908,0.016766022883446908,0.016766022883446908,0.0921052631578947,0.0921052631578947,0.0921052631578947,0,0
6,4,9,1,0.5,rank,1,Adam Carolla,Adam Carolla,Adam Carolla,Adam Carolla,Adam Carolla,1,1,1,1,0,0.034602892253720915,0.034602892253720915,0.034602892253720915,0.0844444444444444,0.0844444444444444,0.0844444444444444,0,0
6,5,8,1,0.5,rank,1,Priscilla Presley,Priscilla Presley,Priscilla Presley,Priscilla Presley,Priscilla Presley,1,1,1,1,0,0.03871458231851141,0.03871458231851141,0.03871458231851141,0.1071428571428571,0.1071428571428571,0.1071428571428571,0,0
6,6,7,1,0.5,rank,1,Marlee Matlin,Marlee Matlin,Marlee Matlin,Marlee Matlin,Marlee Matlin,1,1,1,1,0,0.04752771608709271,0.04752771608709271,0.04752771608709271,0.1166666666666666,0.1166666666666666,0.1166666666666666,0,0
6,7,6,1,0.5,rank,1,Shannon Elizabeth,Shannon Elizabeth,Shannon Elizabeth,Shannon Elizabeth,Cristian de la Fuente,1,1,1,0,0,0.04434180331134121,0.04434180331134121,0.04434180331134121,0.1650485436893204,0.1650485436893204,0.1650485436893204,0,0
6,8,5,1,0.5,rank,1,Mario,Mario,Mario,Mario,Jason Taylor,1,1,1,0,0,0.05414028216145391,0.05414028216145391,0.05414028216145391,0.198501872659176,0.198501872659176,0.198501872659176,0,0
6,9,4,1,0.5,rank,1,Marissa Jaret Winokur,Marissa Jaret Winokur,Marissa Jaret Winokur,Marissa Jaret Winokur,Marissa Jaret Winokur,1,1,1,1,0,0.13695920365942144,0.13695920365942144,0.13695920365942144,0.2363636363636363,0.2363636363636363,0.2363636363636363,0,0
6,10,3,0,0.5,rank,1,,,,,,,,,,,,,,,,,0,0
7,1,13,2,0.5,rank,1,Jeffrey Ross|Ted McGinley,Jeffrey Ross|Ted McGinley,Jeffrey Ross|Ted McGinley,,,1,1,,,0,0.028235656944074615,0.028235656944074615,0.028235656944074615,0.060515873015873,0.060515873015873,0.060515873015873,0,0
7,2,11,2,0.5,rank,1,Kim Kardashian|Misty May-Treanor,Kim Kardashian|Misty May-Treanor,Kim Kardashian|Misty May-Treanor,,,1,1,,,0,0.03397517240322441,0.03397517240322441,0.03397517240322441,0.085972850678733,0.085972850678733,0.085972850678733,0,0
7,3,9,0,0.5,rank,1,,,,,,,,,,,,,,,,,0,0
7,4,9,1,0.5,rank,1,Rocco DiSpirito,Rocco DiSpirito,Rocco DiSpirito,Rocco DiSpirito,Rocco DiSpirito,1,1,1,1,0,0.03873354863376401,0.03873354863376401,0.03873354863376401,0.0886699507389162,0.0886699507389162,0.0886699507389162,0,0
7,5,8,1,0.5,rank,1,Toni Braxton,Toni Braxton,Toni Braxton,Toni Braxton,Toni Braxton,1,1,1,1,0,0.027613099414345213,0.027613099414345213,0.027613099414345213,0.1128205128205128,0.1128205128205128,0.1128205128205128,0,0
7,6,7,1,0.5,rank,1,Cloris Leachman,Cloris Leachman,Cloris Leachman,Cloris Leachman,Cloris Leachman,1,1,1,1,0,0.050642717555468425,0.050642717555468425,0.050642717555468425,0.09375,0.09375,0.09375,0,0
7,7,6,1,0.5,rank,1,Susan Lucci,Susan Lucci,Susan Lucci,Susan Lucci,Cody Linley,1,1,1,0,0,0.0387624057726203,0.0387624057726203,0.0387624057726203,0.1632653061224489,0.1632653061224489,0.1632653061224489,0,0
7,8,5,1,0.5,rank,1,Maurice Greene,Maurice Greene,Maurice Greene,Maurice Greene,Cody Linley,1,1,1,0,0,0.08055216923735352,0.08055216923735352,0.08055216923735352,0.188235294117647,0.188235294117647,0.188235294117647,0,0
7,9,4,1,0.5,rank,1,Cody Linley,Cody Linley,Cody Linley,Cody Linley,Cody Linley,1,1,1,1,0,0.12198556772800372,0.12198556772800372,0.12198556772800372,0.2288557213930348,0.2288557213930348,0.2288557213930348,0,0
7,10,3,0,0.5,rank,1,,,,,,,,,,,,,,,,,0,0
8,1,13,0,0.5,rank,1,,,,,,,,,,,,,,,,,0,0
8,2,13,1,0.5,rank,1,Belinda Carlisle,Belinda Carlisle,Belinda Carlisle,Belinda Carlisle,Belinda Carlisle,1,1,1,1,0,0.011511045122182305,0.011511045122182305,0.011511045122182305,0.0679245283018867,0.0679245283018867,0.0679245283018867,0,0
8,3,12,1,0.5,rank,1,Denise Richards,Denise Richards,Denise Richards,Steve Wozniak,Denise Richards,1,1,0,1,0,0.018011259027785807,0.018011259027785807,0.018011259027785807,0.0629921259842519,0.0629921259842519,0.0629921259842519,0,0
8,4,11,2,0.5,rank,1,Holly Madison|Steve Wozniak,Holly Madison|Steve Wozniak,Holly Madison|Steve Wozniak,,,1,1,,,0,0.03373523198779407,0.03373523198779407,0.03373523198779407,0.05785123966942145,0.05785123966942145,0.05785123966942145,0,0
8,5,9,1,0.5,rank,1,David Alan Grier,David Alan Grier,David Alan Grier,David Alan Grier,David Alan Grier,1,1,1,1,0,0.01969628310701301,0.01969628310701301,0.01969628310701301,0.1047619047619047,0.1047619047619047,0.1047619047619047,0,0
8,6,8,1,0.5,rank,1,Steve-O,Steve-O,Steve-O,Steve-O,Steve-O,1,1,1,1,0,0.041011854100893204,0.041011854100893204,0.041011854100893204,0.086021505376344,0.086021505376344,0.086021505376344,0,0
8,7,7,1,0.5,rank,1,Lawrence Taylor,Lawrence Taylor,Lawrence Taylor,Lawrence Taylor,Lawrence Taylor,1,1,1,1,0,0.06016065471152161,0.06016065471152161,0.06016065471152161,0.1153846153846153,0.1153846153846153,0.1153846153846153,0,0
8,8,6,1,0.5,rank,1,Chuck Wicks,Chuck Wicks,Chuck Wicks,Chuck Wicks,Chuck Wicks,1,1,1,1,0,0.053663762231679714,0.053663762231679714,0.053663762231679714,0.1634615384615384,0.1634615384615384,0.1634615384615384,0,0
8,9,5,1,0.5,rank,1,Lil' Kim,Lil' Kim,Lil' Kim,Lil' Kim,Lil' Kim,1,1,1,1,0,0.07500797777902611,0.07500797777902611,0.07500797777902611,0.1947565543071161,0.1947565543071161,0.1947565543071161,0,0
8,10,4,1,0.5,rank,1,Ty Murray,Ty Murray,Ty Murray,Ty Murray,Ty Murray,1,1,1,1,0,0.14083952948513073,0.14083952948513073,0.14083952948513073,0.2191780821917808,0.2191780821917808,0.2191780821917808,0,0
8,11,3,0,0.5,rank,1,,,,,,,,,,,,,,,,,0,0
9,1,16,2,0.5,rank,1,Ashley Hamiliton|Macy Gray,Ashley Hamiliton|Macy Gray,Ashley Hamiliton|Macy Gray,,,1,1,,,0,0.014684276233080513,0.014684276233080513,0.014684276233080513,0.0467979676767199,0.0467979676767199,0.0467979676767199,0,0
9,2,14,1,0.5,rank,1,Kathy Ireland,Kathy Ireland,Kathy Ireland,Kathy Ireland,Kathy Ireland,1,1,1,1,0,0.01661793979757021,0.01661793979757021,0.01661793979757021,0.0612244897959183,0.0612244897959183,0.0612244897959183,0,0
9,3,13,2,0.5,rank,1,Debi Mazar|Tom DeLay,Debi Mazar|Tom DeLay,Debi Mazar|Tom DeLay,,,1,1,,,0,0.02192901209931191,0.02192901209931191,0.02192901209931191,0.06201550387596895,0.06201550387596895,0.06201550387596895,0,0
9,4,11,1,0.5,rank,1,Chuck Liddell,Chuck Liddell,Chuck Liddell,Chuck Liddell,Chuck Liddell,1,1,1,1,0,0.01830930063941961,0.01830930063941961,0.01830930063941961,0.0702479338842975,0.0702479338842975,0.0702479338842975,0,0
9,5,10,1,0.5,rank,1,Natalie Coughlin,Natalie Coughlin,Natalie Coughlin,Natalie Coughlin,Natalie Coughlin,1,1,1,1,0,0.025700996811011307,0.025700996811011307,0.025700996811011307,0.0909090909090909,0.0909090909090909,0.0909090909090909,0,0
9,6,9,2,0.5,rank,1,Louie Vito|Melissa Joan Hart,Louie Vito|Melissa Joan Hart,Louie Vito|Melissa Joan Hart,,,1,1,,,0,0.034974562537406814,0.034974562537406814,0.034974562537406814,0.09230781952706754,0.09230781952706754,0.09230781952706754,0,0
9,7,7,2,0.5,rank,1,Mark Dacascos|Michael Irvin,Mark Dacascos|Michael Irvin,Mark Dacascos|Michael Irvin,,,1,1,,,0,0.0686058622536005,0.0686058622536005,0.0686058622536005,0.1282051282051282,0.1282051282051282,0.1282051282051282,0,0
9,8,5,1,0.5,rank,1,Aaron Carter,Aaron Carter,Aaron Carter,Aaron Carter,Aaron Carter,1,1,1,1,0,0.07950515306880701,0.07950515306880701,0.07950515306880701,0.1908396946564885,0.1908396946564885,0.1908396946564885,0,0
9,9,4,1,0.5,rank,1,Joanna Krupa,Joanna Krupa,Joanna Krupa,Joanna Krupa,Donny Osmond,1,1,1,0,0,0.07233395447800443,0.07233395447800443,0.07233395447800443,0.2531258701201785,0.2531258701201785,0.2531258701201785,0,0
9,10,3,0,0.5,rank,1,,,,,,,,,,,,,,,,,0,0
10,1,11,0,0.5,rank,1,,,,,,,,,,,,,,,,,0,0
10,2,11,1,0.5,rank,1,Shannen Doherty,Shannen Doherty,Shannen Doherty,Jake Pavelka,Jake Pavelka,1,1,0,0,0,0.013498209788351407,0.013498209788351407,0.013498209788351407,0.0909090909090909,0.0909090909090909,0.0909090909090909,0,0
10,3,10,1,0.5,rank,1,Buzz Aldrin,Buzz Aldrin,Buzz Aldrin,Buzz Aldrin,Buzz Aldrin,1,1,1,1,0,0.03125843645950551,0.03125843645950551,0.03125843645950551,0.064039408866995,0.064039408866995,0.064039408866995,0,0
10,4,9,1,0.5,rank,1,Aiden Turner,Aiden Turner,Aiden Turner,Aiden Turner,Aiden Turner,1,1,1,1,0,0.03304937856106312,0.03304937856106312,0.03304937856106312,0.0889487870619946,0.0889487870619946,0.0889487870619946,0,0
10,5,8,1,0.5,rank,1,Kate Gosselin,Kate Gosselin,Kate Gosselin,Kate Gosselin,Kate Gosselin,1,1,1,1,0,0.04219797262471572,0.04219797262471572,0.04219797262471572,0.0867052023121387,0.0867052023121387,0.0867052023121387,0,0
10,6,7,1,0.5,rank,1,Jake Pavelka,Jake Pavelka,Jake Pavelka,Jake Pavelka,Jake Pavelka,1,1,1,1,0,0.05705389154889801,0.05705389154889801,0.05705389154889801,0.1196171470430762,0.1196171470430762,0.1196171470430762,0,0
10,7,6,1,0.5,rank,1,Pamela Anderson,Pamela Anderson,Pamela Anderson,Pamela Anderson,Niecy Nash,1,1,1,0,0,0.044160925317931116,0.044160925317931116,0.044160925317931116,0.1639871382636656,0.1639871382636656,0.1639871382636656,0,0
10,8,5,1,0.5,rank,1,Niecy Nash,Niecy Nash,Niecy Nash,Niecy Nash,Niecy Nash,1,1,1,1,0,0.09609991688691383,0.09609991688691383,0.09609991688691383,0.1699604743083003,0.1699604743083003,0.1699604743083003,0,0
10,9,4,1,0.5,rank,1,Chad Ochocinco,Chad Ochocinco,Chad Ochocinco,Chad Ochocinco,Chad Ochocinco,1,1,1,1,0,0.13701687853709624,0.13701687853709624,0.13701687853709624,0.2300884955752212,0.2300884955752212,0.2300884955752212,0,0
10,10,3,0,0.5,rank,1,,,,,,,,,,,,,,,,,0,0
11,1,12,1,0.5,rank,1,David Hasselhoff,David Hasselhoff,David Hasselhoff,David Hasselhoff,David Hasselhoff,1,1,1,1,0,0.020406311178146806,0.020406311178146806,0.020406311178146806,0.066079295154185,0.066079295154185,0.066079295154185,0,0
11,2,11,1,0.5,rank,1,Michael Bolton,Michael Bolton,Michael Bolton,Michael Bolton,Michael Bolton,1,1,1,1,0,0.025099356047531506,0.025099356047531506,0.025099356047531506,0.0542986425339366,0.0542986425339366,0.0542986425339366,0,0
11,3,10,1,0.5,rank,1,Margaret Cho,Margaret Cho,Margaret Cho,Margaret Cho,Margaret Cho,1,1,1,1,0,0.03123999242075581,0.03123999242075581,0.03123999242075581,0.0814479638009049,0.0814479638009049,0.0814479638009049,0,0
11,4,9,1,0.5,rank,1,The Situation,The Situation,The Situation,The Situation,The Situation,1,1,1,1,0,0.03566516400383182,0.03566516400383182,0.03566516400383182,0.0782122905027933,0.0782122905027933,0.0782122905027933,0,0
11,5,8,1,0.5,rank,1,Florence Henderson,Florence Henderson,Florence Henderson,Florence Henderson,Florence Henderson,1,1,1,1,0,0.029213001306463007,0.029213001306463007,0.029213001306463007,0.1153846153846153,0.1153846153846153,0.1153846153846153,0,0
11,6,7,1,0.5,rank,1,Audrina Patridge,Audrina Patridge,Audrina Patridge,Rick Fox,Bristol Palin,1,1,0,0,0,0.02242569526772401,0.02242569526772401,0.02242569526772401,0.1545889285615941,0.1545889285615941,0.1545889285615941,0,0
11,7,6,1,0.5,rank,1,Rick Fox,Rick Fox,Rick Fox,Rick Fox,Bristol Palin,1,1,1,0,0,0.04126770933081101,0.04126770933081101,0.04126770933081101,0.1654676258992805,0.1654676258992805,0.1654676258992805,0,0
11,8,5,1,0.5,rank,1,Kurt Warner,Kurt Warner,Kurt Warner,Kurt Warner,Bristol Palin,1,1,1,0,0,0.07154864532393791,0.07154864532393791,0.07154864532393791,0.1811320754716981,0.1811320754716981,0.1811320754716981,0,0
11,9,4,1,0.5,rank,1,Brandy,Brandy,Brandy,Brandy,Bristol Palin,1,1,1,0,0,0.102990511896869,0.102990511896869,0.102990511896869,0.25,0.25,0.25,0,0
11,10,3,0,0.5,rank,1,,,,,,,,,,,,,,,,,0,0
12,1,11,0,0.5,rank,1,,,,,,,,,,,,,,,,,0,0
12,2,11,1,0.5,rank,1,Mike Catherwood,Mike Catherwood,Mike Catherwood,Mike Catherwood,Mike Catherwood,1,1,1,1,0,0.01982382780696431,0.01982382780696431,0.01982382780696431,0.0787037037037037,0.0787037037037037,0.0787037037037037,0,0
12,3,10,1,0.5,rank,1,Wendy Williams,Wendy Williams,Wendy Williams,Wendy Williams,Wendy Williams,1,1,1,1,0,0.03019549316175132,0.03019549316175132,0.03019549316175132,0.0700934579439252,0.0700934579439252,0.0700934579439252,0,0
12,4,9,1,0.5,rank,1,Sugar Ray Leonard,Sugar Ray Leonard,Sugar Ray Leonard,Sugar Ray Leonard,Sugar Ray Leonard,1,1,1,1,0,0.02893822708292091,0.02893822708292091,0.02893822708292091,0.1019417475728155,0.1019417475728155,0.1019417475728155,0,0
12,5,8,1,0.5,rank,1,Petra Nemcova,Petra Nemcova,Petra Nemcova,Petra Nemcova,Petra Nemcova,1,1,1,1,0,0.03775675027042671,0.03775675027042671,0.03775675027042671,0.1134020618556701,0.1134020618556701,0.1134020618556701,0,0
12,6,7,1,0.5,rank,1,Chris Jericho,Chris Jericho,Chris Jericho,Chris Jericho,Chris Jericho,1,1,1,1,0,0.05504966464730562,0.05504966464730562,0.05504966464730562,0.1222222222222222,0.1222222222222222,0.1222222222222222,0,0
12,7,6,1,0.5,rank,1,Kendra Wilkinson,Kendra Wilkinson,Kendra Wilkinson,Kendra Wilkinson,Romeo,1,1,1,0,0,0.0434074930957998,0.0434074930957998,0.0434074930957998,0.1618037135278514,0.1618037135278514,0.1618037135278514,0,0
12,8,5,1,0.5,rank,1,Romeo,Romeo,Romeo,Romeo,Romeo,1,1,1,1,0,0.06681378118045592,0.06681378118045592,0.06681378118045592,0.2,0.2,0.2,0,0
12,9,4,1,0.5,rank,1,Ralph Macchio,Ralph Macchio,Ralph Macchio,Ralph Macchio,Ralph Macchio,1,1,1,1,0,0.1318624222200973,0.1318624222200973,0.1318624222200973,0.2042553191489361,0.2042553191489361,0.2042553191489361,0,0
12,10,3,0,0.5,rank,1,,,,,,,,,,,,,,,,,0,0
13,1,12,1,0.5,rank,1,Metta World Peace (Ron),Metta World Peace (Ron),Metta World Peace (Ron),Metta World Peace (Ron),Metta World Peace (Ron),1,1,1,1,0,0.023116383821963515,0.023116383821963515,0.023116383821963515,0.064516129032258,0.064516129032258,0.064516129032258,0,0
13,2,11,1,0.5,rank,1,Elisabetta Canalis,Elisabetta Canalis,Elisabetta Canalis,Elisabetta Canalis,Elisabetta Canalis,1,1,1,1,0,0.010487162231356205,0.010487162231356205,0.010487162231356205,0.0941704035874439,0.0941704035874439,0.0941704035874439,0,0
13,3,10,1,0.5,rank,1,Kristin Cavallari,Kristin Cavallari,Kristin Cavallari,Kristin Cavallari,Kristin Cavallari,1,1,1,1,0,0.013748889914960606,0.013748889914960606,0.013748889914960606,0.1012658227848101,0.1012658227848101,0.1012658227848101,0,0
13,4,9,1,0.5,rank,1,Chynna Phillips,Chynna Phillips,Chynna Phillips,Chynna Phillips,Chynna Phillips,1,1,1,1,0,0.02237949155647071,0.02237949155647071,0.02237949155647071,0.1004784688995215,0.1004784688995215,0.1004784688995215,0,0
13,5,8,1,0.5,rank,1,Carson Kressley,Carson Kressley,Carson Kressley,Carson Kressley,Carson Kressley,1,1,1,1,0,0.04669573504338131,0.04669573504338131,0.04669573504338131,0.101063829787234,0.101063829787234,0.101063829787234,0,0
13,6,7,1,0.5,rank,1,Chaz Bono,Chaz Bono,Chaz Bono,Chaz Bono,Chaz Bono,1,1,1,1,0,0.05634920900198352,0.05634920900198352,0.05634920900198352,0.1144578313253012,0.1144578313253012,0.1144578313253012,0,0
13,7,6,1,0.5,rank,1,David Arquette,David Arquette,David Arquette,David Arquette,Nancy Grace,1,1,1,0,0,0.048816340595220616,0.048816340595220616,0.048816340595220616,0.1604095563139931,0.1604095563139931,0.1604095563139931,0,0
13,8,5,1,0.5,rank,1,Nancy Grace,Nancy Grace,Nancy Grace,Nancy Grace,Nancy Grace,1,1,1,1,0,0.0938833694467935,0.0938833694467935,0.0938833694467935,0.1698841698841698,0.1698841698841698,0.1698841698841698,0,0
13,9,4,1,0.5,rank,1,Hope Solo,Hope Solo,Hope Solo,Hope Solo,Hope Solo,1,1,1,1,0,0.14173855184837142,0.14173855184837142,0.14173855184837142,0.2067502394524871,0.2067502394524871,0.2067502394524871,0,0
13,10,3,0,0.5,rank,1,,,,,,,,,,,,,,,,,0,0
14,1,12,0,0.5,rank,1,,,,,,,,,,,,,,,,,0,0
14,2,12,1,0.5,rank,1,Martina Navratilova,Martina Navratilova,Martina Navratilova,Martina Navratilova,Martina Navratilova,1,1,1,1,0,0.02205043820553891,0.02205043820553891,0.02205043820553891,0.0631970260223048,0.0631970260223048,0.0631970260223048,0,0
14,3,11,1,0.5,rank,1,Jack Wagner,Jack Wagner,Jack Wagner,Jack Wagner,Gladys Knight,1,1,1,0,0,0.018164548602513212,0.018164548602513212,0.018164548602513212,0.0857142857142857,0.0857142857142857,0.0857142857142857,0,0
14,4,10,1,0.5,rank,1,Sherri Sheperd,Sherri Sheperd,Sherri Sheperd,Sherri Sheperd,Sherri Sheperd,1,1,1,1,0,0.025606674715111712,0.025606674715111712,0.025606674715111712,0.0901287553648068,0.0901287553648068,0.0901287553648068,0,0
14,5,9,1,0.5,rank,1,Gavin DeGraw,Gavin DeGraw,Gavin DeGraw,Gavin DeGraw,Gavin DeGraw,1,1,1,1,0,0.03600295603908711,0.03600295603908711,0.03600295603908711,0.0848214285714285,0.0848214285714285,0.0848214285714285,0,0
14,6,8,1,0.5,rank,1,Gladys Knight,Gladys Knight,Gladys Knight,Gladys Knight,Gladys Knight,1,1,1,1,0,0.04780669813051741,0.04780669813051741,0.04780669813051741,0.0930235082033168,0.0930235082033168,0.0930235082033168,0,0
14,7,7,1,0.5,rank,1,Jaleel White,Jaleel White,Jaleel White,Jaleel White,Jaleel White,1,1,1,1,0,0.04265427292304672,0.04265427292304672,0.04265427292304672,0.1389645776566757,0.1389645776566757,0.1389645776566757,0,0
14,8,6,2,0.5,rank,1,Melissa Gilbert|Roshon Fegan,Roshon Fegan|William Levy,Melissa Gilbert|Roshon Fegan,,,0,1,,,1,0.09818881985198427,0.04406913967555016,0.09818881985198427,0.1636085626911315,0.172782874617737,0.1636085626911315,0,0
14,9,4,1,0.5,rank,1,Maria Menounos,Maria Menounos,Donald Driver,William Levy,Katherine Jenkins,1,0,0,0,1,0.066116337566755,0.066116337566755,0.2872627246876293,0.2565217391304348,0.2565217391304348,0.2478260869565217,0,0
14,10,3,0,0.5,rank,1,,,,,,,,,,,,,,,,,0,0
15,1,13,1,0.5,rank,1,Pamela Anderson,Pamela Anderson,Pamela Anderson,Pamela Anderson,Pamela Anderson,1,1,1,1,0,0.02120986361800491,0.02120986361800491,0.02120986361800491,0.0614828209764918,0.0614828209764918,0.0614828209764918,0,0
15,2,12,1,0.5,rank,1,Joey Fatone,Joey Fatone,Joey Fatone,Joey Fatone,Emmitt Smith,1,1,1,0,0,0.012485673557503407,0.012485673557503407,0.012485673557503407,0.0815217391304347,0.0815217391304347,0.0815217391304347,0,0
15,3,11,2,0.5,rank,1,Drew Lachey|Helio Castroneves,Drew Lachey|Helio Castroneves,Drew Lachey|Helio Castroneves,,,1,1,,,0,0.02985370707600186,0.02985370707600186,0.02985370707600186,0.0890287769784172,0.0890287769784172,0.0890287769784172,0,0
15,4,9,1,0.5,rank,1,Bristol Palin,Bristol Palin,Bristol Palin,Bristol Palin,Bristol Palin,1,1,1,1,0,0.030082959864412118,0.030082959864412118,0.030082959864412118,0.0995334370139968,0.0995334370139968,0.0995334370139968,0,0
15,5,8,0,0.5,rank,1,,,,,,,,,,,,,,,,,0,0
15,6,8,1,0.5,rank,1,Sabrina Bryan,Sabrina Bryan,Kelly Monaco,Melissa Rycroft,Kelly Monaco,1,0,0,0,1,0.01217797463526431,0.01217797463526431,0.09829714510650336,0.1327433628318584,0.1327433628318584,0.1194690265486725,0,0
15,7,7,0,0.5,rank,1,,,,,,,,,,,,,,,,,0,0
15,8,7,2,0.5,rank,1,Gilles Marini|Kirstie Alley,Gilles Marini|Melissa Rycroft,Gilles Marini|Kirstie Alley,,,0,1,,,1,0.10254945199771702,0.04379930373782395,0.10254945199771702,0.13744082369601368,0.14873161733342566,0.13744082369601368,0,0
15,9,5,2,0.5,rank,1,Apolo Anton Ohno|Emmitt Smith,Apolo Anton Ohno|Emmitt Smith,Apolo Anton Ohno|Emmitt Smith,,,1,1,,,0,0.11049233224830202,0.11049233224830202,0.11049233224830202,0.19720254723946215,0.19720254723946215,0.19720254723946215,0,0
15,10,3,0,0.5,rank,1,,,,,,,,,,,,,,,,,0,0
16,1,12,0,0.5,rank,1,,,,,,,,,,,,,,,,,0,0
16,2,12,1,0.5,rank,1,Dorothy Hamill,Dorothy Hamill,Dorothy Hamill,Dorothy Hamill,Dorothy Hamill,1,1,1,1,0,0.02368054078049331,0.02368054078049331,0.02368054078049331,0.0614754098360655,0.0614754098360655,0.0614754098360655,0,0
16,3,11,1,0.5,rank,1,Wynonna Judd,Wynonna Judd,Wynonna Judd,Wynonna Judd,Wynonna Judd,1,1,1,1,0,0.026273703280961715,0.026273703280961715,0.026273703280961715,0.0638298958806738,0.0638298958806738,0.0638298958806738,0,0
16,4,10,1,0.5,rank,1,Lisa Vanderpump,Lisa Vanderpump,Lisa Vanderpump,Lisa Vanderpump,Lisa Vanderpump,1,1,1,1,0,0.02742058615013351,0.02742058615013351,0.02742058615013351,0.0803571428571428,0.0803571428571428,0.0803571428571428,0,0
16,5,9,1,0.5,rank,1,D. L. Hughley,D. L. Hughley,D. L. Hughley,D. L. Hughley,D. L. Hughley,1,1,1,1,0,0.03684660099853931,0.03684660099853931,0.03684660099853931,0.0861244019138756,0.0861244019138756,0.0861244019138756,0,0
16,6,8,1,0.5,rank,1,Victor Ortiz,Victor Ortiz,Victor Ortiz,Victor Ortiz,Victor Ortiz,1,1,1,1,0,0.04566096120114822,0.04566096120114822,0.04566096120114822,0.1061007957559681,0.1061007957559681,0.1061007957559681,0,0
16,7,7,1,0.5,rank,1,Andy Dick,Andy Dick,Andy Dick,Andy Dick,Andy Dick,1,1,1,1,0,0.05518293078414821,0.05518293078414821,0.05518293078414821,0.092391304347826,0.092391304347826,0.092391304347826,0,0
16,8,6,1,0.5,rank,1,Sean Lowe,Sean Lowe,Sean Lowe,Sean Lowe,Sean Lowe,1,1,1,1,0,0.07254216262516482,0.07254216262516482,0.07254216262516482,0.135048231511254,0.135048231511254,0.135048231511254,0,0
16,9,5,1,0.5,rank,1,Ingo Rademacher,Ingo Rademacher,Ingo Rademacher,Ingo Rademacher,Ingo Rademacher,1,1,1,1,0,0.09425166098762303,0.09425166098762303,0.09425166098762303,0.1808510638297872,0.1808510638297872,0.1808510638297872,0,0
16,10,4,1,0.5,rank,1,Alexandra Raisman,Alexandra Raisman,Alexandra Raisman,Alexandra Raisman,Jacoby Jones,1,1,1,0,0,0.0941311771098798,0.0941311771098798,0.0941311771098798,0.2478634597123587,0.2478634597123587,0.2478634597123587,0,0
17,1,12,0,0.5,rank,1,,,,,,,,,,,,,,,,,0,0
17,2,12,1,0.5,rank,1,Keyshawn Johnson,Keyshawn Johnson,Keyshawn Johnson,Keyshawn Johnson,Keyshawn Johnson,1,1,1,1,0,0.01950192072138361,0.01950192072138361,0.01950192072138361,0.0676691729323308,0.0676691729323308,0.0676691729323308,0,0
17,3,11,1,0.5,rank,1,Bill Nye,Bill Nye,Bill Nye,Bill Nye,Bill Nye,1,1,1,1,0,0.024664580515436914,0.024664580515436914,0.024664580515436914,0.0627450980392156,0.0627450980392156,0.0627450980392156,0,0
17,4,10,1,0.5,rank,1,Valerie Harper,Valerie Harper,Valerie Harper,Valerie Harper,Valerie Harper,1,1,1,1,0,0.03212557705791442,0.03212557705791442,0.03212557705791442,0.0759493670886076,0.0759493670886076,0.0759493670886076,0,0
17,5,9,1,0.5,rank,1,Christina Milian,Christina Milian,Brant Daugherty,Brant Daugherty,Elizabeth Berkley Lauren,1,0,0,0,1,0.015091072431256507,0.015091072431256507,0.04949740267231252,0.1191489361702127,0.1191489361702127,0.1148936170212766,0,0
17,6,8,0,0.5,rank,1,,,,,,,,,,,,,,,,,0,0
17,7,8,1,0.5,rank,1,"Nicole ""Snooki"" Polizzi","Nicole ""Snooki"" Polizzi","Nicole ""Snooki"" Polizzi","Nicole ""Snooki"" Polizzi","Nicole ""Snooki"" Polizzi",1,1,1,1,0,0.028448236994551606,0.028448236994551606,0.028448236994551606,0.1218961625282167,0.1218961625282167,0.1218961625282167,0,0
17,8,7,1,0.5,rank,1,Brant Daugherty,Brant Daugherty,Brant Daugherty,Brant Daugherty,Bill Engvall,1,1,1,0,0,0.038036774613968705,0.038036774613968705,0.038036774613968705,0.140625,0.140625,0.140625,0,0
17,9,6,1,0.5,rank,1,Elizabeth Berkley Lauren,Elizabeth Berkley Lauren,Elizabeth Berkley Lauren,Elizabeth Berkley Lauren,Jack Osbourne,1,1,1,0,0,0.02676597502415071,0.02676597502415071,0.02676597502415071,0.1777777777777777,0.1777777777777777,0.1777777777777777,0,0
17,10,5,1,0.5,rank,1,Leah Remini,Leah Remini,Leah Remini,Leah Remini,Bill Engvall,1,1,1,0,0,0.0726922880348486,0.0726922880348486,0.0726922880348486,0.1857142857142857,0.1857142857142857,0.1857142857142857,0,0
17,11,4,1,0.5,rank,1,Bill Engvall,Bill Engvall,Bill Engvall,Bill Engvall,Bill Engvall,1,1,1,1,0,0.13115360305401472,0.13115360305401472,0.13115360305401472,0.2227077172456798,0.2227077172456798,0.2227077172456798,0,0
18,1,12,1,0.5,rank,1,Diana Nyad,Diana Nyad,Diana Nyad,Diana Nyad,Diana Nyad,1,1,1,1,0,0.019389142287732506,0.019389142287732506,0.019389142287732506,0.0687022900763358,0.0687022900763358,0.0687022900763358,0,0
18,2,11,2,0.5,rank,1,Billy Dee Williams|Sean Avery,Billy Dee Williams|Sean Avery,Billy Dee Williams|Sean Avery,,,1,1,,,0,0.030644788946047816,0.030644788946047816,0.030644788946047816,0.07377049180327866,0.07377049180327866,0.07377049180327866,0,0
18,3,9,0,0.5,rank,1,,,,,,,,,,,,,,,,,0,0
18,4,9,0,0.5,rank,1,,,,,,,,,,,,,,,,,0,0
18,5,9,1,0.5,rank,1,Cody Simpson,Cody Simpson,Cody Simpson,Cody Simpson,Cody Simpson,1,1,1,1,0,0.030579367022826712,0.030579367022826712,0.030579367022826712,0.1055900621118012,0.1055900621118012,0.1055900621118012,0,0
18,6,8,1,0.5,rank,1,Drew Carey,Drew Carey,Drew Carey,Drew Carey,Drew Carey,1,1,1,1,0,0.04065934042347931,0.04065934042347931,0.04065934042347931,0.1134751773049645,0.1134751773049645,0.1134751773049645,0,0
18,7,7,1,0.5,rank,1,NeNe Leakes,NeNe Leakes,NeNe Leakes,NeNe Leakes,NeNe Leakes,1,1,1,1,0,0.058003847369059405,0.058003847369059405,0.058003847369059405,0.1304347826086956,0.1304347826086956,0.1304347826086956,0,0
18,8,6,1,0.5,rank,1,Danica McKellar,Danica McKellar,Danica McKellar,Danica McKellar,James Maslow,1,1,1,0,0,0.029517374550076015,0.029517374550076015,0.029517374550076015,0.168141592920354,0.168141592920354,0.168141592920354,0,0
18,9,5,1,0.5,rank,1,Charlie White,Charlie White,Charlie White,Charlie White,Candace Cameron Bure,1,1,1,0,0,0.05586364916997372,0.05586364916997372,0.05586364916997372,0.1989528795811518,0.1989528795811518,0.1989528795811518,0,0
18,10,4,1,0.5,rank,1,James Maslow,James Maslow,James Maslow,James Maslow,Candace Cameron Bure,1,1,1,0,0,0.09927716731290072,0.09927716731290072,0.09927716731290072,0.2529075649013137,0.2529075649013137,0.2529075649013137,0,0
19,1,13,1,0.5,rank,1,Lolo Jones,Lolo Jones,Lolo Jones,Lolo Jones,Lolo Jones,1,1,1,1,0,0.016689137056768704,0.016689137056768704,0.016689137056768704,0.0591397849462365,0.0591397849462365,0.0591397849462365,0,0
19,2,12,1,0.5,rank,1,Tavis Smiley,Tavis Smiley,Tavis Smiley,Tavis Smiley,Tavis Smiley,1,1,1,1,0,0.014219973658703507,0.014219973658703507,0.014219973658703507,0.0773480662983425,0.0773480662983425,0.0773480662983425,0,0
19,3,11,1,0.5,rank,1,Randy Couture,Randy Couture,Randy Couture,Randy Couture,Randy Couture,1,1,1,1,0,0.025653083784796908,0.025653083784796908,0.025653083784796908,0.0736543909348441,0.0736543909348441,0.0736543909348441,0,0
19,4,10,1,0.5,rank,1,Betsey Johnson,Betsey Johnson,Betsey Johnson,Antonio Sabato Jr.,Antonio Sabato Jr.,1,1,0,0,0,0.013758276815494908,0.013758276815494908,0.013758276815494908,0.090625,0.090625,0.090625,0,0
19,5,9,0,0.5,rank,1,,,,,,,,,,,,,,,,,0,0
19,6,9,1,0.5,rank,1,Jonathan Bennett,Jonathan Bennett,Jonathan Bennett,Jonathan Bennett,Antonio Sabato Jr.,1,1,1,0,0,0.018000644090387506,0.018000644090387506,0.018000644090387506,0.1092150170648464,0.1092150170648464,0.1092150170648464,0,0
19,7,8,1,0.5,rank,1,Antonio Sabato Jr.,Antonio Sabato Jr.,Antonio Sabato Jr.,Antonio Sabato Jr.,Antonio Sabato Jr.,1,1,1,1,0,0.032835034423284615,0.032835034423284615,0.032835034423284615,0.1141199226305609,0.1141199226305609,0.1141199226305609,0,0
19,8,7,1,0.5,rank,1,Michael Waltrip,Michael Waltrip,Michael Waltrip,Michael Waltrip,Michael Waltrip,1,1,1,1,0,0.05284550480756651,0.05284550480756651,0.05284550480756651,0.1008064516129032,0.1008064516129032,0.1008064516129032,0,0
19,9,6,1,0.5,rank,1,Lea Thompson,Lea Thompson,Lea Thompson,Lea Thompson,Tommy Chong,1,1,1,0,0,0.054242366300748815,0.054242366300748815,0.054242366300748815,0.1635514018691588,0.1635514018691588,0.1635514018691588,0,0
19,10,5,1,0.5,rank,1,Tommy Chong,Tommy Chong,Tommy Chong,Tommy Chong,Tommy Chong,1,1,1,1,0,0.08839791536129481,0.08839791536129481,0.08839791536129481,0.1698630136986301,0.1698630136986301,0.1698630136986301,0,0
19,11,4,1,0.5,rank,1,Bethany Mota,Bethany Mota,Bethany Mota,Bethany Mota,Bethany Mota,1,1,1,1,0,0.13405368335683093,0.13405368335683093,0.13405368335683093,0.2430708807481466,0.2430708807481466,0.2430708807481466,0,0
20,1,12,0,0.5,rank,1,,,,,,,,,,,,,,,,,0,0
20,2,12,1,0.5,rank,1,Redfoo,Redfoo,Redfoo,Redfoo,Robert Herjavec,1,1,1,0,0,0.004375454395521302,0.004375454395521302,0.004375454395521302,0.0893371757925072,0.0893371757925072,0.0893371757925072,0,0
20,3,11,1,0.5,rank,1,Charlotte McKinney,Charlotte McKinney,Charlotte McKinney,Charlotte McKinney,Charlotte McKinney,1,1,1,1,0,0.02531962367550351,0.02531962367550351,0.02531962367550351,0.0702875399361022,0.0702875399361022,0.0702875399361022,0,0
20,4,10,1,0.5,rank,1,Michael Sam,Michael Sam,Michael Sam,Michael Sam,Michael Sam,1,1,1,1,0,0.021692485310990214,0.021692485310990214,0.021692485310990214,0.0923076923076923,0.0923076923076923,0.0923076923076923,0,0
20,5,9,1,0.5,rank,1,Suzanne Somers,Suzanne Somers,Suzanne Somers,Noah Galloway,Noah Galloway,1,1,0,0,0,0.017212695495797604,0.017212695495797604,0.017212695495797604,0.0989399293286219,0.0989399293286219,0.0989399293286219,0,0
20,6,8,1,0.5,rank,1,Patti LaBelle,Patti LaBelle,Patti LaBelle,Patti LaBelle,Robert Herjavec,1,1,1,0,0,0.03247908407971561,0.03247908407971561,0.03247908407971561,0.1201413427561837,0.1201413427561837,0.1201413427561837,0,0
20,7,7,1,0.5,rank,1,Willow Shields,Willow Shields,Noah Galloway,Noah Galloway,Noah Galloway,1,0,0,0,1,0.015749975774369703,0.015749975774369703,0.03218044252418871,0.1535433070866141,0.1535433070866141,0.1496062992125984,0,0
20,8,6,2,0.5,rank,1,Chris Soules|Robert Herjavec,Chris Soules|Robert Herjavec,Chris Soules|Robert Herjavec,,,1,1,,,0,0.0810762100841732,0.0810762100841732,0.0810762100841732,0.1489361702127659,0.1489361702127659,0.1489361702127659,0,0
20,9,4,1,0.5,rank,1,Nastia Liukin,Nastia Liukin,Nastia Liukin,Nastia Liukin,Noah Galloway,1,1,1,0,0,0.07088902435746881,0.07088902435746881,0.07088902435746881,0.2547770700636942,0.2547770700636942,0.2547770700636942,0,0
20,10,3,0,0.5,rank,1,,,,,,,,,,,,,,,,,0,0
21,1,13,0,0.5,rank,1,,,,,,,,,,,,,,,,,0,0
21,2,13,3,0.5,rank,1,Chaka Khan|Kim Zolciak-Biermann|Victor Espinoza,Chaka Khan|Kim Zolciak-Biermann|Victor Espinoza,Chaka Khan|Kim Zolciak-Biermann|Victor Espinoza,,,1,1,,,0,0.025728059291349813,0.025728059291349813,0.025728059291349813,0.06407886629698085,0.06407886629698085,0.06407886629698085,0,0
21,3,10,0,0.5,rank,1,,,,,,,,,,,,,,,,,0,0
21,4,10,1,0.5,rank,1,Gary Busey,Gary Busey,Gary Busey,Gary Busey,Gary Busey,1,1,1,1,0,0.031032798948492517,0.031032798948492517,0.031032798948492517,0.0677966101694915,0.0677966101694915,0.0677966101694915,0,0
21,5,9,0,0.5,rank,1,,,,,,,,,,,,,,,,,0,0
21,6,9,1,0.5,rank,1,Paula Deen,Paula Deen,Paula Deen,Paula Deen,Paula Deen,1,1,1,1,0,0.03660141400715131,0.03660141400715131,0.03660141400715131,0.0766773162939297,0.0766773162939297,0.0766773162939297,0,0
21,7,8,1,0.5,rank,1,Hayes Grier,Hayes Grier,Alexa PenaVega,Alexa PenaVega,Alexa PenaVega,1,0,0,0,1,0.009713241641393304,0.009713241641393304,0.08806522123411793,0.1266968325791855,0.1266968325791855,0.1244343891402715,0,0
21,8,7,1,0.5,rank,1,Andy Grammer,Andy Grammer,Andy Grammer,Andy Grammer,Andy Grammer,1,1,1,1,0,0.055533256971321415,0.055533256971321415,0.055533256971321415,0.1237106918887378,0.1237106918887378,0.1237106918887378,0,0
21,9,6,2,0.5,rank,1,Alexa PenaVega|Tamar Braxton,Alexa PenaVega|Bindi Irwin,Alexa PenaVega|Tamar Braxton,,,0,1,,,1,0.11090176376875634,0.03956272323964556,0.11090176376875634,0.16565349544072944,0.182370820668693,0.16565349544072944,0,0
21,10,4,0,0.5,rank,1,,,,,,,,,,,,,,,,,0,0
21,11,4,1,0.5,rank,1,Carlos PenaVega,Carlos PenaVega,Carlos PenaVega,Carlos PenaVega,Alek Skarlatos,1,1,1,0,0,0.05895752591967431,0.05895752591967431,0.05895752591967431,0.2542375035911047,0.2542375035911047,0.2542375035911047,0,0
22,1,12,0,0.5,rank,1,,,,,,,,,,,,,,,,,0,0
22,2,12,1,0.5,rank,1,Geraldo Rivera,Geraldo Rivera,Geraldo Rivera,Geraldo Rivera,Geraldo Rivera,1,1,1,1,0,0.023051225290983413,0.023051225290983413,0.023051225290983413,0.0550847457627118,0.0550847457627118,0.0550847457627118,0,0
22,3,11,1,0.5,rank,1,Mischa Barton,Mischa Barton,Mischa Barton,Mischa Barton,Mischa Barton,1,1,1,1,0,0.02551483005722921,0.02551483005722921,0.02551483005722921,0.0759493670886076,0.0759493670886076,0.0759493670886076,0,0
22,4,10,1,0.5,rank,1,Marla Maples,Marla Maples,Marla Maples,Marla Maples,Marla Maples,1,1,1,1,0,0.02216444446229601,0.02216444446229601,0.02216444446229601,0.0877742946708464,0.0877742946708464,0.0877742946708464,0,0
22,5,9,0,0.5,rank,1,,,,,,,,,,,,,,,,,0,0
22,6,9,1,0.5,rank,1,Doug Flutie,Doug Flutie,Doug Flutie,Doug Flutie,Doug Flutie,1,1,1,1,0,0.03566199116857181,0.03566199116857181,0.03566199116857181,0.092511013215859,0.092511013215859,0.092511013215859,0,0
22,7,8,2,0.5,rank,1,Kim Fields|Von Miller,Kim Fields|Von Miller,Kim Fields|Von Miller,,,1,1,,,0,0.03764713669801596,0.03764713669801596,0.03764713669801596,0.1214953271028037,0.1214953271028037,0.1214953271028037,0,0
22,8,6,1,0.5,rank,1,Jodie Sweetin,Jodie Sweetin,Jodie Sweetin,Ginger Zee,Antonio Brown,1,1,0,0,0,0.027044259326013103,0.027044259326013103,0.027044259326013103,0.1775147928994082,0.1775147928994082,0.1775147928994082,0,0
22,9,5,2,0.5,rank,1,Antonio Brown|Wanya Morris,Paige VanZant|Wanya Morris,Antonio Brown|Nyle DiMarco,,,0,0,,,1,0.15493190975324672,0.07546287899773757,0.20591759356280548,0.2003484320557491,0.20731707317073167,0.1951219512195122,0,0
22,10,3,0,0.5,rank,1,,,,,,,,,,,,,,,,,0,0
23,1,13,0,0.5,rank,1,,,,,,,,,,,,,,,,,0,0
23,2,13,1,0.5,rank,1,Jake T. Austin,Jake T. Austin,Jake T. Austin,Jake T. Austin,Jake T. Austin,1,1,1,1,0,0.01379479528056981,0.01379479528056981,0.01379479528056981,0.0681818181818181,0.0681818181818181,0.0681818181818181,0,0
23,3,12,1,0.5,rank,1,Rick Perry,Rick Perry,Rick Perry,Rick Perry,Rick Perry,1,1,1,1,0,0.02101396301469311,0.02101396301469311,0.02101396301469311,0.0707692307692307,0.0707692307692307,0.0707692307692307,0,0
23,4,11,2,0.5,rank,1,Babyface|Vanilla Ice,Babyface|Vanilla Ice,Babyface|Vanilla Ice,,,1,1,,,0,0.03922726085295367,0.03922726085295367,0.03922726085295367,0.07854406130268195,0.07854406130268195,0.07854406130268195,0,0
23,5,9,0,0.5,rank,1,,,,,,,,,,,,,,,,,0,0
23,6,9,1,0.5,rank,1,Amber Rose,Amber Rose,Amber Rose,Amber Rose,Amber Rose,1,1,1,1,0,0.03795903365949961,0.03795903365949961,0.03795903365949961,0.0918032786885245,0.0918032786885245,0.0918032786885245,0,0
23,7,8,1,0.5,rank,1,Maureen McCormick,Maureen McCormick,Maureen McCormick,Maureen McCormick,Maureen McCormick,1,1,1,1,0,0.031785076865583205,0.031785076865583205,0.031785076865583205,0.1197822141560798,0.1197822141560798,0.1197822141560798,0,0
23,8,7,1,0.5,rank,1,Ryan Lochte,Ryan Lochte,Ryan Lochte,Ryan Lochte,Ryan Lochte,1,1,1,1,0,0.032176893706134704,0.032176893706134704,0.032176893706134704,0.1293533625406592,0.1293533625406592,0.1293533625406592,0,0
23,9,6,1,0.5,rank,1,Marilu Henner,Marilu Henner,Marilu Henner,Marilu Henner,Marilu Henner,1,1,1,1,0,0.05613523010776611,0.05613523010776611,0.05613523010776611,0.158590308370044,0.158590308370044,0.158590308370044,0,0
23,10,5,1,0.5,rank,1,Terra Jole,Terra Jole,Terra Jole,Laurie Hernandez,Calvin Johnson Jr.,1,1,0,0,0,0.024594366534933704,0.024594366534933704,0.024594366534933704,0.204778156996587,0.204778156996587,0.204778156996587,0,0
23,11,4,1,0.5,rank,1,Jana Kramer,Jana Kramer,Jana Kramer,Jana Kramer,Jana Kramer,1,1,1,1,0,0.1383335486020513,0.1383335486020513,0.1383335486020513,0.2332976924558098,0.2332976924558098,0.2332976924558098,0,0
24,1,12,0,0.5,rank,1,,,,,,,,,,,,,,,,,0,0
24,2,12,1,0.5,rank,1,Chris Kattan,Chris Kattan,Chris Kattan,Chris Kattan,Chris Kattan,1,1,1,1,0,0.020203973105920613,0.020203973105920613,0.020203973105920613,0.0670731707317073,0.0670731707317073,0.0670731707317073,0,0
24,3,11,1,0.5,rank,1,Charo,Charo,Charo,Charo,Charo,1,1,1,1,0,0.02092425131672911,0.02092425131672911,0.02092425131672911,0.0761904761904762,0.0761904761904762,0.0761904761904762,0,0
24,4,10,1,0.5,rank,1,Mr. T,Mr. T,Mr. T,Mr. T,Mr. T,1,1,1,1,0,0.031163066715902615,0.031163066715902615,0.031163066715902615,0.0858895705521472,0.0858895705521472,0.0858895705521472,0,0
24,5,9,1,0.5,rank,1,Erika Jayne,Erika Jayne,Erika Jayne,Erika Jayne,Erika Jayne,1,1,1,1,0,0.022225378256136404,0.022225378256136404,0.022225378256136404,0.1052631578947368,0.1052631578947368,0.1052631578947368,0,0
24,6,8,1,0.5,rank,1,Heather Morris,Heather Morris,Bonner Bolton,Simone Biles,David Ross,1,0,0,0,1,0.01989836119083281,0.01989836119083281,0.16576628379997219,0.137546468401487,0.137546468401487,0.1171003717472119,0,0
24,7,7,2,0.5,rank,1,Nancy Kerrigan|Nick Viall,Nancy Kerrigan|Nick Viall,Nancy Kerrigan|Nick Viall,,,1,1,,,0,0.05118838544836746,0.05118838544836746,0.05118838544836746,0.13833992094861658,0.13833992094861658,0.13833992094861658,0,0
24,8,5,1,0.5,rank,1,Bonner Bolton,Bonner Bolton,Bonner Bolton,Bonner Bolton,Bonner Bolton,1,1,1,1,0,0.09627253803799751,0.09627253803799751,0.09627253803799751,0.166189111747851,0.166189111747851,0.166189111747851,0,0
24,9,4,1,0.5,rank,1,Simone Biles,Simone Biles,David Ross,Rashad Jennings,David Ross,1,0,0,0,1,0.06834616639086502,0.06834616639086502,0.5099721548993507,0.264026402640264,0.264026402640264,0.231023102310231,0,0
24,10,3,0,0.5,rank,1,,,,,,,,,,,,,,,,,0,0
25,1,13,0,0.5,rank,1,,,,,,,,,,,,,,,,,0,0
25,2,13,2,0.5,rank,1,Barbara Corcoran|Debbie Gibson,Barbara Corcoran|Debbie Gibson,Barbara Corcoran|Debbie Gibson,,,1,1,,,0,0.03191430250898476,0.03191430250898476,0.03191430250898476,0.0685557586837294,0.0685557586837294,0.0685557586837294,0,0
25,3,11,0,0.5,rank,1,,,,,,,,,,,,,,,,,0,0
25,4,11,1,0.5,rank,1,Derek Fisher,Derek Fisher,Derek Fisher,Derek Fisher,Derek Fisher,1,1,1,1,0,0.021772047703915706,0.021772047703915706,0.021772047703915706,0.084870848708487,0.084870848708487,0.084870848708487,0,0
25,5,10,1,0.5,rank,1,Sasha Pieterse,Sasha Pieterse,Sasha Pieterse,Sasha Pieterse,Sasha Pieterse,1,1,1,1,0,0.023149931815526513,0.023149931815526513,0.023149931815526513,0.0919540229885057,0.0919540229885057,0.0919540229885057,0,0
25,6,9,1,0.5,rank,1,Nick Lachey,Nick Lachey,Nick Lachey,Nick Lachey,Nick Lachey,1,1,1,1,0,0.03350447534996051,0.03350447534996051,0.03350447534996051,0.0849673202614379,0.0849673202614379,0.0849673202614379,0,0
25,7,8,2,0.5,rank,1,Nikki Bella|Vanessa Lachey,Nikki Bella|Vanessa Lachey,Nikki Bella|Vanessa Lachey,,,1,1,,,0,0.06179860059408887,0.06179860059408887,0.06179860059408887,0.11860465116279065,0.11860465116279065,0.11860465116279065,0,0
25,8,6,1,0.5,rank,1,Terrell Owens,Terrell Owens,Terrell Owens,Terrell Owens,Drew Scott,1,1,1,0,0,0.04233797619571811,0.04233797619571811,0.04233797619571811,0.1629392971246006,0.1629392971246006,0.1629392971246006,0,0
25,9,5,1,0.5,rank,1,Victoria Arlen,Victoria Arlen,Victoria Arlen,Victoria Arlen,Drew Scott,1,1,1,0,0,0.04767798997886602,0.04767798997886602,0.04767798997886602,0.2074074074074074,0.2074074074074074,0.2074074074074074,0,0
25,10,4,1,0.5,rank,1,Drew Scott,Drew Scott,Drew Scott,Drew Scott,Drew Scott,1,1,1,1,0,0.13850229779484122,0.13850229779484122,0.13850229779484122,0.2397871457464638,0.2397871457464638,0.2397871457464638,0,0
26,1,10,2,0.5,rank,1,Jamie Anderson|Johnny Damon,Jamie Anderson|Johnny Damon,Jamie Anderson|Johnny Damon,,,1,1,,,0,0.033901743350069666,0.033901743350069666,0.033901743350069666,0.08809523809523806,0.08809523809523806,0.08809523809523806,0,0
26,2,8,2,0.5,rank,1,Arike Ogunbowale|Kareem Abdul-Jabbar,Arike Ogunbowale|Mirai Nagasu,Arike Ogunbowale|Kareem Abdul-Jabbar,,,0,1,,,1,0.07953947099115553,0.03934392228754546,0.07953947099115553,0.1205607476635514,0.13457943925233645,0.1205607476635514,0,0
26,3,6,3,0.5,rank,1,Chris Mazdzer|Jennie Finch Daigle|Mirai Nagasu,Chris Mazdzer|Jennie Finch Daigle|Mirai Nagasu,Chris Mazdzer|Jennie Finch Daigle|Mirai Nagasu,,,1,1,,,0,0.11091551044125082,0.11091551044125082,0.11091551044125082,0.15323854660347547,0.15323854660347547,0.15323854660347547,0,0
26,4,3,0,0.5,rank,1,,,,,,,,,,,,,,,,,0,0
27,1,13,1,0.5,rank,1,Nikki Glaser,Nikki Glaser,Nikki Glaser,Nikki Glaser,Nikki Glaser,1,1,1,1,0,0.01762142842090101,0.01762142842090101,0.01762142842090101,0.0686274509803921,0.0686274509803921,0.0686274509803921,0,0
27,2,12,1,0.5,rank,1,Danelle Umstead,Danelle Umstead,Danelle Umstead,Danelle Umstead,Danelle Umstead,1,1,1,1,0,0.019291737298713908,0.019291737298713908,0.019291737298713908,0.0683918669131238,0.0683918669131238,0.0683918669131238,0,0
27,3,11,1,0.5,rank,1,Nancy McKeon,Nancy McKeon,Nancy McKeon,Nancy McKeon,Nancy McKeon,1,1,1,1,0,0.02017849813348911,0.02017849813348911,0.02017849813348911,0.081180811808118,0.081180811808118,0.081180811808118,0,0
27,4,10,1,0.5,rank,1,Tinashe,Tinashe,Tinashe,Mary Lou Retton,DeMarcus Ware,1,1,0,0,0,0.0008369067452044001,0.0008369067452044001,0.0008369067452044001,0.1120689655172413,0.1120689655172413,0.1120689655172413,0,0
27,5,9,0,0.5,rank,1,,,,,,,,,,,,,,,,,0,0
27,6,9,1,0.5,rank,1,Mary Lou Retton,Mary Lou Retton,Mary Lou Retton,Mary Lou Retton,Mary Lou Retton,1,1,1,1,0,0.018624727335379607,0.018624727335379607,0.018624727335379607,0.1048034934497816,0.1048034934497816,0.1048034934497816,0,0
27,7,8,2,0.5,rank,1,DeMarcus Ware|John Schneider,DeMarcus Ware|John Schneider,DeMarcus Ware|John Schneider,,,1,1,,,0,0.042329606656929315,0.042329606656929315,0.042329606656929315,0.1229885057471264,0.1229885057471264,0.1229885057471264,0,0
27,8,6,2,0.5,rank,1,Joe Amabile|Juan Pablo Di Pace,Joe Amabile|Juan Pablo Di Pace,Alexis Ren|Joe Amabile,,,1,0,,,1,0.07754897073358356,0.07754897073358356,0.12042347719463287,0.1645962732919254,0.1645962732919254,0.16149068322981358,0,0
27,9,4,0,0.5,rank,1,,,,,,,,,,,,,,,,,0,0
28,1,12,0,0.5,rank,1,,,,,,,,,,,,,,,,,0,0
28,2,12,2,0.5,rank,1,Mary Wilson|Ray Lewis,Mary Wilson|Ray Lewis,Mary Wilson|Ray Lewis,,,1,1,,,0,0.01962832260368196,0.01962832260368196,0.01962832260368196,0.0684931506849315,0.0684931506849315,0.0684931506849315,0,0
28,3,10,0,0.5,rank,1,,,,,,,,,,,,,,,,,0,0
28,4,10,1,0.5,rank,1,Lamar Odom,Lamar Odom,Lamar Odom,Lamar Odom,Lamar Odom,1,1,1,1,0,0.03213156066790052,0.03213156066790052,0.03213156066790052,0.0709219858156028,0.0709219858156028,0.0709219858156028,0,0
28,5,9,0,0.5,rank,1,,,,,,,,,,,,,,,,,0,0
28,6,9,1,0.5,rank,1,Sailor Brinkley-Cook,Sailor Brinkley-Cook,Hannah Brown,James Van Der Beek,Hannah Brown,1,0,0,0,1,0.010590446121041501,0.010590446121041501,0.13652615436753912,0.1184210526315789,0.1184210526315789,0.1052631578947368,0,0
28,7,8,1,0.5,rank,1,Karamo Brown,Karamo Brown,Karamo Brown,Karamo Brown,Karamo Brown,1,1,1,1,0,0.02912506073291781,0.02912506073291781,0.02912506073291781,0.1212871287128712,0.1212871287128712,0.1212871287128712,0,0
28,8,7,1,0.5,rank,1,Kate Flannery,Kate Flannery,Kate Flannery,Kate Flannery,Kate Flannery,1,1,1,1,0,0.035213188353801106,0.035213188353801106,0.035213188353801106,0.1347145480395773,0.1347145480395773,0.1347145480395773,0,0
28,9,6,1,0.5,rank,1,Sean Spicer,Sean Spicer,Sean Spicer,Sean Spicer,Sean Spicer,1,1,1,1,0,0.07772475845475162,0.07772475845475162,0.07772475845475162,0.1199040767386091,0.1199040767386091,0.1199040767386091,0,0
28,10,5,1,0.5,rank,1,James Van Der Beek,James Van Der Beek,James Van Der Beek,James Van Der Beek,James Van Der Beek,1,1,1,1,0,0.08832365184853071,0.08832365184853071,0.08832365184853071,0.1854545454545454,0.1854545454545454,0.1854545454545454,0,0
28,11,4,0,0.5,rank,1,,,,,,,,,,,,,,,,,0,0
29,1,15,0,0.5,rank,1,,,,,,,,,,,,,,,,,0,0
29,2,15,1,0.5,rank,1,Charles Oakley,Charles Oakley,Charles Oakley,Charles Oakley,Charles Oakley,1,1,1,1,0,0.016083576314910707,0.016083576314910707,0.016083576314910707,0.0549450549450549,0.0549450549450549,0.0549450549450549,0,0
29,3,14,1,0.5,rank,1,Carole Baskin,Carole Baskin,Carole Baskin,Carole Baskin,Carole Baskin,1,1,1,1,0,0.017514612282293514,0.017514612282293514,0.017514612282293514,0.0427046263345195,0.0427046263345195,0.0427046263345195,0,0
29,4,13,1,0.5,rank,1,Anne Heche,Anne Heche,Anne Heche,Anne Heche,Anne Heche,1,1,1,1,0,0.015633202566197612,0.015633202566197612,0.015633202566197612,0.0697674418604651,0.0697674418604651,0.0697674418604651,0,0
29,5,12,1,0.5,rank,1,Jesse Metcalfe,Jesse Metcalfe,Jesse Metcalfe,Jesse Metcalfe,Jesse Metcalfe,1,1,1,1,0,0.02383527053876752,0.02383527053876752,0.02383527053876752,0.0662020905923344,0.0662020905923344,0.0662020905923344,0,0
29,6,11,1,0.5,rank,1,Veron Davis,Veron Davis,Veron Davis,Veron Davis,Veron Davis,1,1,1,1,0,0.02267319486693291,0.02267319486693291,0.02267319486693291,0.0783582089552238,0.0783582089552238,0.0783582089552238,0,0
29,7,10,2,0.5,rank,1,Jeannie Mai|Monica Aldama,Jeannie Mai|Monica Aldama,Jeannie Mai|Monica Aldama,,,1,1,,,0,0.03271988756869431,0.03271988756869431,0.03271988756869431,0.09038461538461535,0.09038461538461535,0.09038461538461535,0,0
29,8,8,1,0.5,rank,1,Chrishell Stause,Chrishell Stause,Chrishell Stause,Chrishell Stause,AJ McLean,1,1,1,0,0,0.02426388185789941,0.02426388185789941,0.02426388185789941,0.1216218407600734,0.1216218407600734,0.1216218407600734,0,0
29,9,7,1,0.5,rank,1,AJ McLean,AJ McLean,AJ McLean,AJ McLean,AJ McLean,1,1,1,1,0,0.04495764465622131,0.04495764465622131,0.04495764465622131,0.1295331794121426,0.1295331794121426,0.1295331794121426,0,0
29,10,6,2,0.5,rank,1,Johnny Weir|Skai Jackson,Johnny Weir|Skai Jackson,Johnny Weir|Skai Jackson,,,1,1,,,0,0.06145431074395396,0.06145431074395396,0.06145431074395396,0.1637931034482758,0.1637931034482758,0.1637931034482758,0,0
29,11,4,0,0.5,rank,1,,,,,,,,,,,,,,,,,0,0
30,1,15,0,0.5,rank,1,,,,,,,,,,,,,,,,,0,0
30,2,15,1,0.5,rank,1,Martin Kove,Martin Kove,Martin Kove,Martin Kove,Martin Kove,1,1,1,1,0,0.01621315772367991,0.01621315772367991,0.01621315772367991,0.0389610389610389,0.0389610389610389,0.0389610389610389,0,0
30,3,14,1,0.5,rank,1,Christine Chiu,Christine Chiu,Christine Chiu,Christine Chiu,Christine Chiu,1,1,1,1,0,0.005453220622319804,0.005453220622319804,0.005453220622319804,0.0704697986577181,0.0704697986577181,0.0704697986577181,0,0
30,4,13,2,0.5,rank,1,Brian Austin Green|Matt James,Brian Austin Green|Matt James,Brian Austin Green|Matt James,,,1,1,,,0,0.026013348200378615,0.026013348200378615,0.026013348200378615,0.06534772182254195,0.06534772182254195,0.06534772182254195,0,0
30,5,11,1,0.5,rank,1,Melanie C,Melanie C,Melanie C,Melanie C,Melanie C,1,1,1,1,0,0.003462084439556402,0.003462084439556402,0.003462084439556402,0.0935064935064935,0.0935064935064935,0.0935064935064935,0,0
30,6,10,1,0.5,rank,1,Kenya Moore,Kenya Moore,Kenya Moore,Kenya Moore,Kenya Moore,1,1,1,1,0,0.03297314320033201,0.03297314320033201,0.03297314320033201,0.0879120879120879,0.0879120879120879,0.0879120879120879,0,0
30,7,9,1,0.5,rank,1,"Mike ""The Miz"" Mizanin","Mike ""The Miz"" Mizanin","Mike ""The Miz"" Mizanin","Mike ""The Miz"" Mizanin","Mike ""The Miz"" Mizanin",1,1,1,1,0,0.03841209882889221,0.03841209882889221,0.03841209882889221,0.0978593272171253,0.0978593272171253,0.0978593272171253,0,0
30,8,8,2,0.5,rank,1,Jimmie Allen|Olivia Jade,Jimmie Allen|Olivia Jade,Jimmie Allen|Olivia Jade,,,1,1,,,0,0.054729632714162035,0.054729632714162035,0.054729632714162035,0.11038961038961034,0.11038961038961034,0.11038961038961034,0,0
30,9,6,2,0.5,rank,1,Melora Hardin|Suni Lee,Melora Hardin|Suni Lee,Melora Hardin|Suni Lee,,,1,1,,,0,0.07027970497096525,0.07027970497096525,0.07027970497096525,0.16261061946902655,0.16261061946902655,0.16261061946902655,0,0
30,10,4,0,0.5,rank,1,,,,,,,,,,,,,,,,,0,0
31,1,16,1,0.5,rank,1,Jason Lewis,Jason Lewis,Jason Lewis,Jason Lewis,Jason Lewis,1,1,1,1,0,0.012413445992496207,0.012413445992496207,0.012413445992496207,0.0471204188481675,0.0471204188481675,0.0471204188481675,0,0
31,2,15,1,0.5,rank,1,Teresa Giudice,Teresa Giudice,Teresa Giudice,Teresa Giudice,Teresa Giudice,1,1,1,1,0,0.013434882765262609,0.013434882765262609,0.013434882765262609,0.0558252427184466,0.0558252427184466,0.0558252427184466,0,0
31,3,14,1,0.5,rank,1,Cheryl Ladd,Cheryl Ladd,Cheryl Ladd,Cheryl Ladd,Cheryl Ladd,1,1,1,1,0,0.015427286347218409,0.015427286347218409,0.015427286347218409,0.0595533498759305,0.0595533498759305,0.0595533498759305,0,0
31,4,13,1,0.5,rank,1,Sam Champion,Sam Champion,Sam Champion,Sam Champion,Sam Champion,1,1,1,1,0,0.022270899732092814,0.022270899732092814,0.022270899732092814,0.0609756097560975,0.0609756097560975,0.0609756097560975,0,0
31,5,12,2,0.5,rank,1,Joseph Baena|Selma Blair,Heidi D'Amelio|Selma Blair,Daniel Durant|Joseph Baena,,,0,0,,,1,0.023302917817827916,0.008375411928496505,0.0676158388960577,0.08361204013377921,0.0880713489409141,0.076365663322185,0,0
31,6,10,1,0.5,rank,1,Jessie James Decker,Jessie James Decker,Jessie James Decker,Jessie James Decker,Jessie James Decker,1,1,1,1,0,0.02666553987327281,0.02666553987327281,0.02666553987327281,0.0927536231884058,0.0927536231884058,0.0927536231884058,0,0
31,7,9,1,0.5,rank,1,Jordin Sparks,Jordin Sparks,Jordin Sparks,Jordin Sparks,Jordin Sparks,1,1,1,1,0,0.030647705752735212,0.030647705752735212,0.030647705752735212,0.1059907834101382,0.1059907834101382,0.1059907834101382,0,0
31,8,8,2,0.5,rank,1,Heidi D'Amelio|Vinny Guadagnino,Heidi D'Amelio|Vinny Guadagnino,Heidi D'Amelio|Vinny Guadagnino,,,1,1,,,0,0.05214741710925287,0.05214741710925287,0.05214741710925287,0.10191082802547766,0.10191082802547766,0.10191082802547766,0,0
31,9,6,2,0.5,rank,1,Daniel Durant|Trevor Donovan,Daniel Durant|Trevor Donovan,Daniel Durant|Trevor Donovan,,,1,1,,,0,0.08255796281971069,0.08255796281971069,0.08255796281971069,0.15227272727272725,0.15227272727272725,0.15227272727272725,0,0
31,10,4,0,0.5,rank,1,,,,,,,,,,,,,,,,,0,0
32,1,14,1,0.5,rank,1,Matt Walsh,Matt Walsh,Matt Walsh,Matt Walsh,Matt Walsh,1,1,1,1,0,0.013679529586517209,0.013679529586517209,0.013679529586517209,0.0519480519480519,0.0519480519480519,0.0519480519480519,0,0
32,2,13,1,0.5,rank,1,Jamie Lynn Spears,Jamie Lynn Spears,Jamie Lynn Spears,Jamie Lynn Spears,Jamie Lynn Spears,1,1,1,1,0,0.011138679414009103,0.011138679414009103,0.011138679414009103,0.0672268907563025,0.0672268907563025,0.0672268907563025,0,0
32,3,12,1,0.5,rank,1,Tyson Beckford,Tyson Beckford,Tyson Beckford,Tyson Beckford,Tyson Beckford,1,1,1,1,0,0.024521158582367916,0.024521158582367916,0.024521158582367916,0.0619195046439628,0.0619195046439628,0.0619195046439628,0,0
32,4,11,1,0.5,rank,1,Adrian Peterson,Adrian Peterson,Adrian Peterson,Adrian Peterson,Adrian Peterson,1,1,1,1,0,0.012953298146763704,0.012953298146763704,0.012953298146763704,0.0875,0.0875,0.0875,0,0
32,5,10,1,0.5,rank,1,Mira Sorvino,Mira Sorvino,Mira Sorvino,Mira Sorvino,Mira Sorvino,1,1,1,1,0,0.02275960567708301,0.02275960567708301,0.02275960567708301,0.0916666666666666,0.0916666666666666,0.0916666666666666,0,0
32,6,9,1,0.5,rank,1,Mauricio Umansky,Mauricio Umansky,Mauricio Umansky,Mauricio Umansky,Mauricio Umansky,1,1,1,1,0,0.02060466301120401,0.02060466301120401,0.02060466301120401,0.1024844720496894,0.1024844720496894,0.1024844720496894,0,0
32,7,8,1,0.5,rank,1,Lele Pons,Lele Pons,Lele Pons,Lele Pons,Jason Mraz,1,1,1,0,0,0.013034312660357605,0.013034312660357605,0.013034312660357605,0.1294326241134751,0.1294326241134751,0.1294326241134751,0,0
32,8,7,1,0.5,rank,1,Barry Williams,Barry Williams,Barry Williams,Barry Williams,Barry Williams,1,1,1,1,0,0.03431628783817531,0.03431628783817531,0.03431628783817531,0.1383399209486166,0.1383399209486166,0.1383399209486166,0,0
32,9,6,1,0.5,rank,1,Harry Jowsey,Harry Jowsey,Harry Jowsey,Harry Jowsey,Harry Jowsey,1,1,1,1,0,0.07326569082141293,0.07326569082141293,0.07326569082141293,0.1357466063348416,0.1357466063348416,0.1357466063348416,0,0
32,10,5,0,0.5,rank,1,,,,,,,,,,,,,,,,,0,0
32,11,5,0,0.5,rank,1,,,,,,,,,,,,,,,,,0,0
33,1,13,0,0.5,rank,1,,,,,,,,,,,,,,,,,0,0
33,2,13,2,0.5,rank,1,Anna Delvey|Tori Spelling,Anna Delvey|Tori Spelling,Anna Delvey|Tori Spelling,,,1,1,,,0,0.01616983304962781,0.01616983304962781,0.01616983304962781,0.06976744186046505,0.06976744186046505,0.06976744186046505,0,0
33,3,11,2,0.5,rank,1,Eric Roberts|Reginald VelJohnson,Eric Roberts|Reginald VelJohnson,Eric Roberts|Reginald VelJohnson,,,1,1,,,0,0.03134449976619286,0.03134449976619286,0.03134449976619286,0.0691823899371069,0.0691823899371069,0.0691823899371069,0,0
33,4,9,1,0.5,rank,1,Brooks Nader,Brooks Nader,Brooks Nader,Brooks Nader,Brooks Nader,1,1,1,1,0,0.01966062692240341,0.01966062692240341,0.01966062692240341,0.1088435374149659,0.1088435374149659,0.1088435374149659,0,0
33,5,8,1,0.5,rank,1,Phaedra Parks,Phaedra Parks,Phaedra Parks,Phaedra Parks,Phaedra Parks,1,1,1,1,0,0.03600338111722251,0.03600338111722251,0.03600338111722251,0.1188118811881188,0.1188118811881188,0.1188118811881188,0,0
33,6,7,1,0.5,rank,1,Jenn Tran,Jenn Tran,Jenn Tran,Dwight Howard,Dwight Howard,1,1,0,0,0,0.019694065491411405,0.019694065491411405,0.019694065491411405,0.1504854368932038,0.1504854368932038,0.1504854368932038,0,0
33,7,6,1,0.5,rank,1,Dwight Howard,Dwight Howard,Dwight Howard,Dwight Howard,Dwight Howard,1,1,1,1,0,0.06847501901981813,0.06847501901981813,0.06847501901981813,0.15,0.15,0.15,0,0
33,8,5,0,0.5,rank,1,,,,,,,,,,,,,,,,,0,0
33,9,5,0,0.5,rank,1,,,,,,,,,,,,,,,,,0,0
34,1,14,0,0.5,rank,1,,,,,,,,,,,,,,,,,0,0
34,2,14,2,0.5,rank,1,Baron Davis|Corey Feldman,Baron Davis|Corey Feldman,Baron Davis|Corey Feldman,,,1,1,,,0,0.022901021609166215,0.022901021609166215,0.022901021609166215,0.0593525179856115,0.0593525179856115,0.0593525179856115,0,0
34,3,12,1,0.5,rank,1,Lauren Jauregui,Lauren Jauregui,Lauren Jauregui,Lauren Jauregui,Lauren Jauregui,1,1,1,1,0,0.02212681401148061,0.02212681401148061,0.02212681401148061,0.0700389105058365,0.0700389105058365,0.0700389105058365,0,0
34,4,11,1,0.5,rank,1,Hilaria Baldwin,Hilaria Baldwin,Hilaria Baldwin,Hilaria Baldwin,Scott Hoying,1,1,1,0,0,0.011361752782568705,0.011361752782568705,0.011361752782568705,0.0927419354838709,0.0927419354838709,0.0927419354838709,0,0
34,5,10,0,0.5,rank,1,,,,,,,,,,,,,,,,,0,0
34,6,10,1,0.5,rank,1,Scott Hoying,Scott Hoying,Scott Hoying,Scott Hoying,Scott Hoying,1,1,1,1,0,0.02566108292029581,0.02566108292029581,0.02566108292029581,0.0823529411764705,0.0823529411764705,0.0823529411764705,0,0
34,7,9,1,0.5,rank,1,Jen Affleck,Jen Affleck,Jen Affleck,Jen Affleck,Jen Affleck,1,1,1,1,0,0.023402327004806805,0.023402327004806805,0.023402327004806805,0.1024096385542168,0.1024096385542168,0.1024096385542168,0,0
34,8,8,1,0.5,rank,1,Danielle Fishel,Danielle Fishel,Danielle Fishel,Danielle Fishel,Danielle Fishel,1,1,1,1,0,0.03717660581225371,0.03717660581225371,0.03717660581225371,0.1227197346600331,0.1227197346600331,0.1227197346600331,0,0
34,9,7,1,0.5,rank,1,Andy Richter,Andy Richter,Andy Richter,Andy Richter,Andy Richter,1,1,1,1,0,0.058230174862518205,0.058230174862518205,0.058230174862518205,0.1074074074074074,0.1074074074074074,0.1074074074074074,0,0
34,10,6,1,0.5,rank,1,Whitney Leavitt,Whitney Leavitt,Whitney Leavitt,Alix Earle,Alix Earle,1,1,0,0,0,0.030297813117828302,0.030297813117828302,0.030297813117828302,0.1686046511627907,0.1686046511627907,0.1686046511627907,0,0
34,11,5,0,0.5,rank,1,,,,,,,,,,,,,,,,,0,0
