season,week,mechanism,n_active,n_exit,alpha,tau,m,r,ess,ess_ratio,evidence
1,1,percent,6,0,0.5,0.03,2000,500,2000.000000000002,1.000000000000001,1.0
1,2,percent,6,1,0.5,0.03,2000,500,905.4280599908285,0.45271402999541427,0.17424446307708175
1,3,percent,5,1,0.5,0.03,2000,500,1127.6869921470961,0.5638434960735481,0.3819202498765144
1,4,percent,4,1,0.5,0.03,2000,500,742.6857047706918,0.3713428523853459,0.20640499847306598
1,5,percent,3,0,0.5,0.03,2000,500,2000.000000000002,1.000000000000001,1.0
1,6,percent,2,0,0.5,0.03,2000,500,2000.000000000002,1.000000000000001,1.0
2,1,percent,10,1,0.5,0.03,2000,500,1256.0225395643868,0.6280112697821933,0.1571296387448815
2,2,percent,9,1,0.5,0.03,2000,500,1202.6058583087995,0.6013029291543998,0.1612218261724172
2,3,percent,8,1,0.5,0.03,2000,500,1049.880459107258,0.5249402295536291,0.12164727884851541
2,4,percent,7,1,0.5,0.03,2000,500,1344.130146418336,0.672065073209168,0.4068201633801449
2,5,percent,6,1,0.5,0.03,2000,500,962.3436186961849,0.48117180934809245,0.2076155004599964
2,6,percent,5,1,0.5,0.03,2000,500,954.9355800916933,0.47746779004584666,0.2583078029543152
2,7,percent,4,1,0.5,0.03,2000,500,752.0670602303002,0.37603353011515006,0.22868685600650626
2,8,percent,3,0,0.5,0.03,2000,500,2000.000000000002,1.000000000000001,1.0
3,1,percent,11,1,0.5,0.03,2000,500,1313.6383986554958,0.6568191993277479,0.1470222824029915
3,2,percent,10,1,0.5,0.03,2000,500,1207.760264616406,0.6038801323082029,0.10239516215241778
3,3,percent,9,1,0.5,0.03,2000,500,1135.47738278237,0.5677386913911849,0.11373127026592444
3,4,percent,8,1,0.5,0.03,2000,500,1110.60134109805,0.555300670549025,0.13291429406737473
3,5,percent,7,2,0.5,0.03,2000,500,510.0046997277564,0.2550023498638782,0.05080443745883238
3,6,percent,5,0,0.5,0.03,2000,500,2000.000000000002,1.000000000000001,1.0
3,7,percent,5,1,0.5,0.03,2000,500,984.0930768784,0.4920465384392,0.27866893312567625
3,8,percent,4,1,0.5,0.03,2000,500,838.9763468214124,0.4194881734107062,0.2653840126637244
3,9,percent,3,0,0.5,0.03,2000,500,2000.000000000002,1.000000000000001,1.0
3,10,percent,2,0,0.5,0.03,2000,500,2000.000000000002,1.000000000000001,1.0
4,1,percent,11,0,0.5,0.03,2000,500,2000.000000000002,1.000000000000001,1.0
4,2,percent,11,1,0.5,0.03,2000,500,1266.428070750994,0.633214035375497,0.0955555853418009
4,3,percent,10,1,0.5,0.03,2000,500,1220.0755824505345,0.6100377912252672,0.10477597667321535
4,4,percent,9,1,0.5,0.03,2000,500,1179.5382080176773,0.5897691040088386,0.15739705158076062
4,5,percent,8,1,0.5,0.03,2000,500,1195.3824039284887,0.5976912019642443,0.23093615456391547
4,6,percent,7,1,0.5,0.03,2000,500,1024.1365300584812,0.5120682650292406,0.1520516922600804
4,7,percent,6,1,0.5,0.03,2000,500,991.5090633451973,0.49575453167259864,0.21233321945090047
4,8,percent,5,1,0.5,0.03,2000,500,1061.4343927300445,0.5307171963650222,0.3271480377838142
4,9,percent,4,1,0.5,0.03,2000,500,816.9682302631542,0.40848411513157706,0.25560069252870155
4,10,percent,3,0,0.5,0.03,2000,500,2000.000000000002,1.000000000000001,1.0
5,1,percent,12,1,0.5,0.03,2000,500,1351.7619293501812,0.6758809646750906,0.11567057470337416
5,2,percent,11,1,0.5,0.03,2000,500,1260.6740644846693,0.6303370322423346,0.09231827912811778
5,3,percent,10,1,0.5,0.03,2000,500,1280.6418735688142,0.640320936784407,0.14625491155286904
5,4,percent,9,1,0.5,0.03,2000,500,1157.3484534498004,0.5786742267249002,0.13358552304920399
5,5,percent,8,1,0.5,0.03,2000,500,1114.0877793811776,0.5570438896905888,0.16021717082574366
5,6,percent,7,1,0.5,0.03,2000,500,1008.9733086157925,0.5044866543078962,0.15138901398580362
5,7,percent,6,1,0.5,0.03,2000,500,943.9391483784481,0.47196957418922403,0.17756656908392762
5,8,percent,5,1,0.5,0.03,2000,500,873.4316991209582,0.4367158495604791,0.20535513766261615
5,9,percent,4,1,0.5,0.03,2000,500,800.8481350835648,0.4004240675417824,0.24830313302601886
5,10,percent,3,0,0.5,0.03,2000,500,2000.000000000002,1.000000000000001,1.0
6,1,percent,12,0,0.5,0.03,2000,500,2000.000000000002,1.000000000000001,1.0
6,2,percent,12,2,0.5,0.03,2000,500,942.8004036624551,0.47140020183122755,0.028837090173440785
6,3,percent,10,1,0.5,0.03,2000,500,1227.207818480985,0.6136039092404925,0.11120585932731243
6,4,percent,9,1,0.5,0.03,2000,500,1187.0146234252386,0.5935073117126193,0.1577345174941163
6,5,percent,8,1,0.5,0.03,2000,500,1130.919834250564,0.565459917125282,0.15890175737199633
6,6,percent,7,1,0.5,0.03,2000,500,1092.025107834583,0.5460125539172915,0.20324510868826487
6,7,percent,6,1,0.5,0.03,2000,500,936.6943885666809,0.4683471942833405,0.17000422433871398
6,8,percent,5,1,0.5,0.03,2000,500,848.6645674771124,0.4243322837385562,0.20024115141844173
6,9,percent,4,1,0.5,0.03,2000,500,864.7588992929747,0.43237944964648733,0.27953140353915296
6,10,percent,3,0,0.5,0.03,2000,500,2000.000000000002,1.000000000000001,1.0
7,1,percent,13,2,0.5,0.03,2000,500,950.4727335037726,0.4752363667518863,0.020015886999391982
7,2,percent,11,2,0.5,0.03,2000,500,811.2312503133707,0.4056156251566853,0.020801717714682855
7,3,percent,9,0,0.5,0.03,2000,500,2000.000000000002,1.000000000000001,1.0
7,4,percent,9,1,0.5,0.03,2000,500,1225.4785921047642,0.6127392960523821,0.15733115453181887
7,5,percent,8,1,0.5,0.03,2000,500,1092.9227618899465,0.5464613809449732,0.14757636470118526
7,6,percent,7,1,0.5,0.03,2000,500,1137.4332719044867,0.5687166359522433,0.2537422214937969
7,7,percent,6,1,0.5,0.03,2000,500,949.1480295921232,0.4745740147960616,0.1755304178017912
7,8,percent,5,1,0.5,0.03,2000,500,892.8844039743664,0.4464422019871832,0.22610528853472217
7,9,percent,4,1,0.5,0.03,2000,500,893.7729801358245,0.44688649006791226,0.2934531809439778
7,10,percent,3,0,0.5,0.03,2000,500,2000.000000000002,1.000000000000001,1.0
8,1,percent,13,0,0.5,0.03,2000,500,2000.000000000002,1.000000000000001,1.0
8,2,percent,13,1,0.5,0.03,2000,500,1362.9394751361,0.6814697375680501,0.08499951795782565
8,3,percent,12,1,0.5,0.03,2000,500,1317.5337703649798,0.6587668851824899,0.10712890465417181
8,4,percent,11,2,0.5,0.03,2000,500,883.3387781860088,0.4416693890930044,0.04508716667300246
8,5,percent,9,1,0.5,0.03,2000,500,1122.596861694351,0.5612984308471755,0.11307449482096686
8,6,percent,8,1,0.5,0.03,2000,500,1169.0236167021933,0.5845118083510966,0.20157631326508796
8,7,percent,7,1,0.5,0.03,2000,500,1083.6605831122636,0.5418302915561318,0.2042223223237964
8,8,percent,6,1,0.5,0.03,2000,500,946.8692061541243,0.47343460307706214,0.17497227262609738
8,9,percent,5,1,0.5,0.03,2000,500,864.0628751493173,0.4320314375746586,0.20601227096945504
8,10,percent,4,1,0.5,0.03,2000,500,913.4024871805113,0.45670124359025566,0.3064477536340471
8,11,percent,3,0,0.5,0.03,2000,500,2000.000000000002,1.000000000000001,1.0
9,1,percent,16,2,0.5,0.03,2000,500,1128.9983498784072,0.5644991749392037,0.013522413266222656
9,2,percent,14,1,0.5,0.03,2000,500,1414.1865244536484,0.7070932622268242,0.08266376930051363
9,3,percent,13,2,0.5,0.03,2000,500,923.6738271725368,0.4618369135862684,0.01906414514553153
9,4,percent,11,1,0.5,0.03,2000,500,1282.281909656956,0.641140954828478,0.11985334464725947
9,5,percent,10,1,0.5,0.03,2000,500,1241.6358349854047,0.6208179174927023,0.11557316767686797
9,6,percent,9,2,0.5,0.03,2000,500,663.6227230032393,0.33181136150161966,0.04007405487848158
9,7,percent,7,2,0.5,0.03,2000,500,559.1022508859661,0.27955112544298305,0.06484917284380418
9,8,percent,5,1,0.5,0.03,2000,500,889.4098124632507,0.44470490623162534,0.22041657336812162
9,9,percent,4,1,0.5,0.03,2000,500,794.4474002946437,0.39722370014732183,0.24097883152260027
9,10,percent,3,0,0.5,0.03,2000,500,2000.000000000002,1.000000000000001,1.0
10,1,percent,11,0,0.5,0.03,2000,500,2000.000000000002,1.000000000000001,1.0
10,2,percent,11,1,0.5,0.03,2000,500,1272.8218751372092,0.6364109375686046,0.0877057912112438
10,3,percent,10,1,0.5,0.03,2000,500,1298.7468318776287,0.6493734159388144,0.16687892761594766
10,4,percent,9,1,0.5,0.03,2000,500,1196.7281082430695,0.5983640541215348,0.14820452139477563
10,5,percent,8,1,0.5,0.03,2000,500,1138.456692852695,0.5692283464263475,0.1944824802390406
10,6,percent,7,1,0.5,0.03,2000,500,1058.431281979353,0.5292156409896764,0.19668169618867387
10,7,percent,6,1,0.5,0.03,2000,500,925.096875941738,0.462548437970869,0.17289822538528032
10,8,percent,5,1,0.5,0.03,2000,500,990.4078676957566,0.4952039338478783,0.2723535247564323
10,9,percent,4,1,0.5,0.03,2000,500,927.7876353722203,0.46389381768611015,0.2996610452777547
10,10,percent,3,0,0.5,0.03,2000,500,2000.000000000002,1.000000000000001,1.0
11,1,percent,12,1,0.5,0.03,2000,500,1358.0974776283072,0.6790487388141536,0.10625784338341597
11,2,percent,11,1,0.5,0.03,2000,500,1342.8435019492242,0.6714217509746121,0.1589857561129974
11,3,percent,10,1,0.5,0.03,2000,500,1215.5719211444175,0.6077859605722088,0.12758968224609776
11,4,percent,9,1,0.5,0.03,2000,500,1219.392547817451,0.6096962739087255,0.1720969942286314
11,5,percent,8,1,0.5,0.03,2000,500,1049.4289830567468,0.5247144915283734,0.13721344487900092
11,6,percent,7,1,0.5,0.03,2000,500,945.1994417715993,0.4725997208857996,0.11290287121539576
11,7,percent,6,1,0.5,0.03,2000,500,938.7099632148853,0.46935498160744266,0.170743263102205
11,8,percent,5,1,0.5,0.03,2000,500,927.9053042321217,0.46395265211606085,0.24144006524619757
11,9,percent,4,1,0.5,0.03,2000,500,818.1810390582082,0.4090905195291041,0.25955264632670744
11,10,percent,3,0,0.5,0.03,2000,500,2000.000000000002,1.000000000000001,1.0
12,1,percent,11,0,0.5,0.03,2000,500,2000.000000000002,1.000000000000001,1.0
12,2,percent,11,1,0.5,0.03,2000,500,1288.783124066884,0.6443915620334421,0.10818588102613817
12,3,percent,10,1,0.5,0.03,2000,500,1282.5095775804284,0.6412547887902142,0.1575486563834925
12,4,percent,9,1,0.5,0.03,2000,500,1174.484404059386,0.587242202029693,0.1313568910494608
12,5,percent,8,1,0.5,0.03,2000,500,1081.222675604814,0.540611337802407,0.14392957375984344
12,6,percent,7,1,0.5,0.03,2000,500,1073.7074575438128,0.5368537287719064,0.1900731696153885
12,7,percent,6,1,0.5,0.03,2000,500,968.2640331717829,0.48413201658589144,0.1797527690148375
12,8,percent,5,1,0.5,0.03,2000,500,848.951253215291,0.4244756266076455,0.19833984537966054
12,9,percent,4,1,0.5,0.03,2000,500,988.2411798470757,0.49412058992353786,0.3498978814603861
12,10,percent,3,0,0.5,0.03,2000,500,2000.000000000002,1.000000000000001,1.0
13,1,percent,12,1,0.5,0.03,2000,500,1351.1948645742902,0.6755974322871451,0.11320328054137482
13,2,percent,11,1,0.5,0.03,2000,500,1254.1601060153496,0.6270800530076748,0.08419320601192737
13,3,percent,10,1,0.5,0.03,2000,500,1211.219234049597,0.6056096170247984,0.09782058280013323
13,4,percent,9,1,0.5,0.03,2000,500,1193.9459947408563,0.5969729973704282,0.13351726384679238
13,5,percent,8,1,0.5,0.03,2000,500,1134.6931978060632,0.5673465989030316,0.1717670196948718
13,6,percent,7,1,0.5,0.03,2000,500,1062.0068316027246,0.5310034158013622,0.19837613748281557
13,7,percent,6,1,0.5,0.03,2000,500,929.8645428738939,0.464932271436947,0.17522739433646486
13,8,percent,5,1,0.5,0.03,2000,500,991.609110697743,0.49580455534887147,0.27774593866279124
13,9,percent,4,1,0.5,0.03,2000,500,981.1171527084698,0.4905585763542349,0.3492285188062096
13,10,percent,3,0,0.5,0.03,2000,500,2000.000000000002,1.000000000000001,1.0
14,1,percent,12,0,0.5,0.03,2000,500,2000.000000000002,1.000000000000001,1.0
14,2,percent,12,1,0.5,0.03,2000,500,1332.6939859564952,0.6663469929782476,0.11085851270023454
14,3,percent,11,1,0.5,0.03,2000,500,1273.3644248158455,0.6366822124079228,0.09830232567079344
14,4,percent,10,1,0.5,0.03,2000,500,1217.729193618437,0.6088645968092185,0.1155437215229947
14,5,percent,9,1,0.5,0.03,2000,500,1197.2031912810262,0.5986015956405131,0.16095541893095464
14,6,percent,8,1,0.5,0.03,2000,500,1148.657264751636,0.574328632375818,0.19122780338237017
14,7,percent,7,1,0.5,0.03,2000,500,1017.6309706549749,0.5088154853274874,0.1514761036233226
14,8,percent,6,2,0.5,0.03,2000,500,464.01347168025274,0.23200673584012638,0.06641643108708203
14,9,percent,4,1,0.5,0.03,2000,500,779.8851026576771,0.38994255132883854,0.23782285007104223
14,10,percent,3,0,0.5,0.03,2000,500,2000.000000000002,1.000000000000001,1.0
15,1,percent,13,1,0.5,0.03,2000,500,1402.3187242563627,0.7011593621281813,0.10050549312416007
15,2,percent,12,1,0.5,0.03,2000,500,1339.7780635767406,0.6698890317883703,0.08528702900286532
15,3,percent,11,2,0.5,0.03,2000,500,818.0000061647498,0.40900000308237494,0.019476362092034922
15,4,percent,9,1,0.5,0.03,2000,500,1180.6719738246486,0.5903359869123243,0.12914559532445746
15,5,percent,8,0,0.5,0.03,2000,500,2000.000000000002,1.000000000000001,1.0
15,6,percent,8,1,0.5,0.03,2000,500,1049.0949487848093,0.5245474743924047,0.10762748467648851
15,7,percent,7,0,0.5,0.03,2000,500,2000.000000000002,1.000000000000001,1.0
15,8,percent,7,2,0.5,0.03,2000,500,552.1963670682611,0.27609818353413057,0.05449141372462932
15,9,percent,5,2,0.5,0.03,2000,500,436.3219533299118,0.2181609766649559,0.10367941542491042
15,10,percent,3,0,0.5,0.03,2000,500,2000.000000000002,1.000000000000001,1.0
16,1,percent,12,0,0.5,0.03,2000,500,2000.000000000002,1.000000000000001,1.0
16,2,percent,12,1,0.5,0.03,2000,500,1384.3540252956275,0.6921770126478137,0.11877123351557486
16,3,percent,11,1,0.5,0.03,2000,500,1309.2207484345092,0.6546103742172547,0.13348621668942576
16,4,percent,10,1,0.5,0.03,2000,500,1207.9364668824144,0.6039682334412072,0.1278293749789984
16,5,percent,9,1,0.5,0.03,2000,500,1212.6573266020218,0.6063286633010109,0.160936694528701
16,6,percent,8,1,0.5,0.03,2000,500,1154.5304171625908,0.5772652085812954,0.16317856835217134
16,7,percent,7,1,0.5,0.03,2000,500,1169.4840473296078,0.5847420236648039,0.2612273279331671
16,8,percent,6,1,0.5,0.03,2000,500,1041.5438621686867,0.5207719310843434,0.23873425272722443
16,9,percent,5,1,0.5,0.03,2000,500,900.2897258111278,0.45014486290556394,0.2401919360680134
16,10,percent,4,1,0.5,0.03,2000,500,826.8137931007732,0.4134068965503866,0.25637246169342415
17,1,percent,12,0,0.5,0.03,2000,500,2000.000000000002,1.000000000000001,1.0
17,2,percent,12,1,0.5,0.03,2000,500,1352.4164717456224,0.6762082358728112,0.10465293798404039
17,3,percent,11,1,0.5,0.03,2000,500,1331.2269289974722,0.6656134644987362,0.14078777226414224
17,4,percent,10,1,0.5,0.03,2000,500,1274.2738970607384,0.6371369485303692,0.14360694784824907
17,5,percent,9,1,0.5,0.03,2000,500,1139.7809429410804,0.5698904714705402,0.09516035989664567
17,6,percent,8,0,0.5,0.03,2000,500,2000.000000000002,1.000000000000001,1.0
17,7,percent,8,1,0.5,0.03,2000,500,1074.812594896807,0.5374062974484035,0.1297537851264417
17,8,percent,7,1,0.5,0.03,2000,500,995.4653015818182,0.49773265079090906,0.14680643917154027
17,9,percent,6,1,0.5,0.03,2000,500,871.3576030926016,0.4356788015463008,0.1387695402938141
17,10,percent,5,1,0.5,0.03,2000,500,865.8613752199749,0.43293068760998743,0.22140551675829695
17,11,percent,4,1,0.5,0.03,2000,500,924.4660200959862,0.4622330100479931,0.30972347294223773
18,1,percent,12,1,0.5,0.03,2000,500,1325.9068865160557,0.6629534432580279,0.10312632479821944
18,2,percent,11,2,0.5,0.03,2000,500,844.4150425202007,0.42220752126010036,0.03030036376297229
18,3,percent,9,0,0.5,0.03,2000,500,2000.000000000002,1.000000000000001,1.0
18,4,percent,9,0,0.5,0.03,2000,500,2000.000000000002,1.000000000000001,1.0
18,5,percent,9,1,0.5,0.03,2000,500,1151.5517616931813,0.5757758808465907,0.12012245583530526
18,6,percent,8,1,0.5,0.03,2000,500,1123.665547651393,0.5618327738256964,0.14950594226620284
18,7,percent,7,1,0.5,0.03,2000,500,1045.7969951574116,0.5228984975787058,0.17194340112409623
18,8,percent,6,1,0.5,0.03,2000,500,955.7757173760184,0.4778878586880092,0.16681606147578124
18,9,percent,5,1,0.5,0.03,2000,500,829.2242900536369,0.4146121450268184,0.19478231245308092
18,10,percent,4,1,0.5,0.03,2000,500,788.1589890017906,0.3940794945008953,0.23941750735791914
19,1,percent,13,1,0.5,0.03,2000,500,1390.2419435531456,0.6951209717765728,0.0997399430951377
19,2,percent,12,1,0.5,0.03,2000,500,1325.7040224837624,0.6628520112418812,0.09045028975602641
19,3,percent,11,1,0.5,0.03,2000,500,1317.5428778455002,0.6587714389227501,0.12155388614509331
19,4,percent,10,1,0.5,0.03,2000,500,1190.4569765194096,0.5952284882597049,0.10967692012298322
19,5,percent,9,0,0.5,0.03,2000,500,2000.000000000002,1.000000000000001,1.0
19,6,percent,9,1,0.5,0.03,2000,500,1170.7283977990946,0.5853641988995473,0.11514199514771531
19,7,percent,8,1,0.5,0.03,2000,500,1102.582162151175,0.5512910810755876,0.14361368303134628
19,8,percent,7,1,0.5,0.03,2000,500,1143.480361836054,0.571740180918027,0.23856115356346458
19,9,percent,6,1,0.5,0.03,2000,500,928.9683518306513,0.46448417591532565,0.1653030147066066
19,10,percent,5,1,0.5,0.03,2000,500,941.9569079557563,0.47097845397787813,0.26296370646979167
19,11,percent,4,1,0.5,0.03,2000,500,808.1030590893121,0.404051529544656,0.2527728711738299
20,1,percent,12,0,0.5,0.03,2000,500,2000.000000000002,1.000000000000001,1.0
20,2,percent,12,1,0.5,0.03,2000,500,1298.656005203135,0.6493280026015675,0.07382600318498518
20,3,percent,11,1,0.5,0.03,2000,500,1314.8476674011933,0.6574238337005966,0.12378752477952426
20,4,percent,10,1,0.5,0.03,2000,500,1223.841906707828,0.611920953353914,0.11007002027270184
20,5,percent,9,1,0.5,0.03,2000,500,1153.9155903097362,0.5769577951548681,0.1265218787589694
20,6,percent,8,1,0.5,0.03,2000,500,1104.510849441862,0.552255424720931,0.13405056053928807
20,7,percent,7,1,0.5,0.03,2000,500,981.8703706804641,0.49093518534023206,0.12079957392747809
20,8,percent,6,2,0.5,0.03,2000,500,542.4605117442319,0.27123025587211597,0.10016871312909903
20,9,percent,4,1,0.5,0.03,2000,500,765.2856096348247,0.38264280481741236,0.23615031281890192
20,10,percent,3,0,0.5,0.03,2000,500,2000.000000000002,1.000000000000001,1.0
21,1,percent,13,0,0.5,0.03,2000,500,2000.000000000002,1.000000000000001,1.0
21,2,percent,13,3,0.5,0.03,2000,500,637.7611081770704,0.31888055408853516,0.006001119634510605
21,3,percent,10,0,0.5,0.03,2000,500,2000.000000000002,1.000000000000001,1.0
21,4,percent,10,1,0.5,0.03,2000,500,1246.8900717861084,0.6234450358930542,0.15700803507426395
21,5,percent,9,0,0.5,0.03,2000,500,2000.000000000002,1.000000000000001,1.0
21,6,percent,9,1,0.5,0.03,2000,500,1224.9545182294814,0.6124772591147407,0.17989043139624208
21,7,percent,8,1,0.5,0.03,2000,500,1104.0433975661863,0.5520216987830932,0.12415909474373496
21,8,percent,7,1,0.5,0.03,2000,500,1029.352955747235,0.5146764778736175,0.17467178616355192
21,9,percent,6,2,0.5,0.03,2000,500,425.2783335610816,0.2126391667805408,0.0629074285791396
21,10,percent,4,0,0.5,0.03,2000,500,2000.000000000002,1.000000000000001,1.0
21,11,percent,4,1,0.5,0.03,2000,500,767.8718932224554,0.38393594661122765,0.23038766757038007
22,1,percent,12,0,0.5,0.03,2000,500,2000.000000000002,1.000000000000001,1.0
22,2,percent,12,1,0.5,0.03,2000,500,1357.6264964173438,0.678813248208672,0.12649838902703742
22,3,percent,11,1,0.5,0.03,2000,500,1297.7810358853314,0.6488905179426657,0.11444964729667476
22,4,percent,10,1,0.5,0.03,2000,500,1207.9503684699687,0.6039751842349843,0.11584260574642223
22,5,percent,9,0,0.5,0.03,2000,500,2000.000000000002,1.000000000000001,1.0
22,6,percent,9,1,0.5,0.03,2000,500,1175.3421399378246,0.5876710699689123,0.1419658007237198
22,7,percent,8,2,0.5,0.03,2000,500,575.1198991285333,0.28755994956426667,0.0393015161432393
22,8,percent,6,1,0.5,0.03,2000,500,917.1577485786821,0.4585788742893411,0.14779935197589067
22,9,percent,5,2,0.5,0.03,2000,500,433.62859123339615,0.21681429561669807,0.10013694237895762
22,10,percent,3,0,0.5,0.03,2000,500,2000.000000000002,1.000000000000001,1.0
23,1,percent,13,0,0.5,0.03,2000,500,2000.000000000002,1.000000000000001,1.0
23,2,percent,13,1,0.5,0.03,2000,500,1386.6731757080074,0.6933365878540038,0.08819545554591383
23,3,percent,12,1,0.5,0.03,2000,500,1341.053584436252,0.670526792218126,0.10064618039832086
23,4,percent,11,2,0.5,0.03,2000,500,821.0680337199512,0.41053401685997565,0.026336314262975377
23,5,percent,9,0,0.5,0.03,2000,500,2000.000000000002,1.000000000000001,1.0
23,6,percent,9,1,0.5,0.03,2000,500,1209.9197866533736,0.6049598933266869,0.14987775586569926
23,7,percent,8,1,0.5,0.03,2000,500,1115.303633913309,0.5576518169566546,0.13869792066862618
23,8,percent,7,1,0.5,0.03,2000,500,1045.8892073922757,0.5229446036961378,0.1696061280431873
23,9,percent,6,1,0.5,0.03,2000,500,921.3945983513747,0.46069729917568736,0.18046641692525886
23,10,percent,5,1,0.5,0.03,2000,500,858.2409370941929,0.42912046854709646,0.19486261967404256
23,11,percent,4,1,0.5,0.03,2000,500,851.2885300614483,0.42564426503072417,0.27469953787390544
24,1,percent,12,0,0.5,0.03,2000,500,2000.000000000002,1.000000000000001,1.0
24,2,percent,12,1,0.5,0.03,2000,500,1334.0080596568087,0.6670040298284043,0.10400504027789081
24,3,percent,11,1,0.5,0.03,2000,500,1276.110563824075,0.6380552819120374,0.11361588454424458
24,4,percent,10,1,0.5,0.03,2000,500,1253.3990970074142,0.6266995485037071,0.1244637030595471
24,5,percent,9,1,0.5,0.03,2000,500,1176.250388845048,0.588125194422524,0.12103921458765282
24,6,percent,8,1,0.5,0.03,2000,500,1078.3444916665203,0.5391722458332602,0.10394704011372999
24,7,percent,7,2,0.5,0.03,2000,500,491.1744069806934,0.24558720349034668,0.04993556457091404
24,8,percent,5,1,0.5,0.03,2000,500,973.6720798819019,0.486836039940951,0.2739380224539823
24,9,percent,4,1,0.5,0.03,2000,500,773.7634350023027,0.38688171750115136,0.22744207106716294
24,10,percent,3,0,0.5,0.03,2000,500,2000.000000000002,1.000000000000001,1.0
25,1,percent,13,0,0.5,0.03,2000,500,2000.000000000002,1.000000000000001,1.0
25,2,percent,13,2,0.5,0.03,2000,500,915.9954351149426,0.45799771755747126,0.016223005762901067
25,3,percent,11,0,0.5,0.03,2000,500,2000.000000000002,1.000000000000001,1.0
25,4,percent,11,1,0.5,0.03,2000,500,1273.5216389061266,0.6367608194530633,0.09854671403551456
25,5,percent,10,1,0.5,0.03,2000,500,1229.3469153047329,0.6146734576523665,0.11134597085609677
25,6,percent,9,1,0.5,0.03,2000,500,1204.3445756918873,0.6021722878459437,0.16043042939105068
25,7,percent,8,2,0.5,0.03,2000,500,615.3529897623613,0.30767649488118065,0.04058977215379509
25,8,percent,6,1,0.5,0.03,2000,500,937.0496020724585,0.46852480103622923,0.16809843283235393
25,9,percent,5,1,0.5,0.03,2000,500,839.011999487921,0.4195059997439605,0.18535940716037588
25,10,percent,4,1,0.5,0.03,2000,500,856.7427643714597,0.42837138218572984,0.2703360343225857
26,1,percent,10,2,0.5,0.03,2000,500,775.5524256605137,0.3877762128302568,0.03209793167690539
26,2,percent,8,2,0.5,0.03,2000,500,585.1204349071184,0.2925602174535592,0.03914357429344915
26,3,percent,6,3,0.5,0.03,2000,500,328.6000344889269,0.16430001724446344,0.06984938921849144
26,4,percent,3,0,0.5,0.03,2000,500,2000.000000000002,1.000000000000001,1.0
27,1,percent,13,1,0.5,0.03,2000,500,1374.45974919593,0.687229874597965,0.08469259760545031
27,2,percent,12,1,0.5,0.03,2000,500,1355.6977895873438,0.6778488947936719,0.10670291416566982
27,3,percent,11,1,0.5,0.03,2000,500,1271.188567179934,0.635594283589967,0.10262925365179996
27,4,percent,10,1,0.5,0.03,2000,500,1203.8663230031464,0.6019331615015732,0.08080424581978962
27,5,percent,9,0,0.5,0.03,2000,500,2000.000000000002,1.000000000000001,1.0
27,6,percent,9,1,0.5,0.03,2000,500,1167.6305383603394,0.5838152691801697,0.12036581569438527
27,7,percent,8,2,0.5,0.03,2000,500,526.3912419609302,0.2631956209804651,0.03731175529514888
27,8,percent,6,2,0.5,0.03,2000,500,440.33080195671124,0.22016540097835563,0.06896196302504468
27,9,percent,4,0,0.5,0.03,2000,500,2000.000000000002,1.000000000000001,1.0
28,1,percent,12,0,0.5,0.03,2000,500,2000.000000000002,1.000000000000001,1.0
28,2,percent,12,2,0.5,0.03,2000,500,859.7788823052734,0.4298894411526367,0.02289962829697036
28,3,percent,10,0,0.5,0.03,2000,500,2000.000000000002,1.000000000000001,1.0
28,4,percent,10,1,0.5,0.03,2000,500,1258.3781423289192,0.6291890711644597,0.15085879764700116
28,5,percent,9,0,0.5,0.03,2000,500,2000.000000000002,1.000000000000001,1.0
28,6,percent,9,1,0.5,0.03,2000,500,1150.0014118887077,0.5750007059443538,0.10047933481899528
28,7,percent,8,1,0.5,0.03,2000,500,1083.989546599506,0.541994773299753,0.1302003842713934
28,8,percent,7,1,0.5,0.03,2000,500,994.3454249604473,0.49717271248022366,0.14951678939253693
28,9,percent,6,1,0.5,0.03,2000,500,1141.8097466800282,0.570904873340014,0.29570046577016335
28,10,percent,5,1,0.5,0.03,2000,500,909.1856723668574,0.45459283618342866,0.2318555290364209
28,11,percent,4,0,0.5,0.03,2000,500,2000.000000000002,1.000000000000001,1.0
29,1,percent,15,0,0.5,0.03,2000,500,2000.000000000002,1.000000000000001,1.0
29,2,percent,15,1,0.5,0.03,2000,500,1462.57944501727,0.731289722508635,0.08041607179068577
29,3,percent,14,1,0.5,0.03,2000,500,1437.206672848554,0.718603336424277,0.11152904049057172
29,4,percent,13,1,0.5,0.03,2000,500,1415.8790357689786,0.7079395178844893,0.0884709133170656
29,5,percent,12,1,0.5,0.03,2000,500,1346.5445735949656,0.6732722867974829,0.10808661943017829
29,6,percent,11,1,0.5,0.03,2000,500,1292.6508383165926,0.6463254191582963,0.11171097244834416
29,7,percent,10,2,0.5,0.03,2000,500,768.174862091611,0.3840874310458055,0.03008063827553939
29,8,percent,8,1,0.5,0.03,2000,500,1064.9375345699657,0.5324687672849828,0.12546502028994758
29,9,percent,7,1,0.5,0.03,2000,500,1033.58214811388,0.51679107405694,0.16882661308398364
29,10,percent,6,2,0.5,0.03,2000,500,450.89547559855043,0.2254477377992752,0.06589312660928841
29,11,percent,4,0,0.5,0.03,2000,500,2000.000000000002,1.000000000000001,1.0
30,1,percent,15,0,0.5,0.03,2000,500,2000.000000000002,1.000000000000001,1.0
30,2,percent,15,1,0.5,0.03,2000,500,1474.8752953051865,0.7374376476525932,0.10190434760401826
30,3,percent,14,1,0.5,0.03,2000,500,1413.0989162262586,0.7065494581131293,0.07124780946603665
30,4,percent,13,2,0.5,0.03,2000,500,980.6294151289569,0.4903147075644785,0.019293790032505833
30,5,percent,11,1,0.5,0.03,2000,500,1269.524423674467,0.6347622118372335,0.08482739220282386
30,6,percent,10,1,0.5,0.03,2000,500,1220.6304391869946,0.6103152195934973,0.1187234549931381
30,7,percent,9,1,0.5,0.03,2000,500,1183.3264326902406,0.5916632163451203,0.13262687490629516
30,8,percent,8,2,0.5,0.03,2000,500,643.6149814680683,0.32180749073403414,0.053981198800846925
30,9,percent,6,2,0.5,0.03,2000,500,475.2369747744463,0.23761848738722316,0.07332581893569032
30,10,percent,4,0,0.5,0.03,2000,500,2000.000000000002,1.000000000000001,1.0
31,1,percent,16,1,0.5,0.03,2000,500,1486.2680430665423,0.7431340215332711,0.07905459758757613
31,2,percent,15,1,0.5,0.03,2000,500,1455.777545285516,0.727888772642758,0.0786716446989544
31,3,percent,14,1,0.5,0.03,2000,500,1402.9928683941548,0.7014964341970774,0.08466460116946595
31,4,percent,13,1,0.5,0.03,2000,500,1395.92628796093,0.697963143980465,0.09907152858242131
31,5,percent,12,2,0.5,0.03,2000,500,853.4110682382359,0.42670553411911794,0.014670743116968702
31,6,percent,10,1,0.5,0.03,2000,500,1217.5078809807478,0.6087539404903739,0.11114115240608277
31,7,percent,9,1,0.5,0.03,2000,500,1158.7207048294815,0.5793603524147407,0.12093388560068809
31,8,percent,8,2,0.5,0.03,2000,500,638.6879492818522,0.31934397464092606,0.0597301058906766
31,9,percent,6,2,0.5,0.03,2000,500,527.1769608151867,0.26358848040759336,0.0918102089062249
31,10,percent,4,0,0.5,0.03,2000,500,2000.000000000002,1.000000000000001,1.0
32,1,percent,14,1,0.5,0.03,2000,500,1452.9248650473933,0.7264624325236967,0.09676064563038686
32,2,percent,13,1,0.5,0.03,2000,500,1379.5495610214425,0.6897747805107213,0.08877291890953463
32,3,percent,12,1,0.5,0.03,2000,500,1330.1571544403396,0.6650785772201698,0.11339218142978122
32,4,percent,11,1,0.5,0.03,2000,500,1277.9382637654494,0.6389691318827248,0.09443551765275103
32,5,percent,10,1,0.5,0.03,2000,500,1262.3322980417981,0.6311661490208991,0.11666573274538572
32,6,percent,9,1,0.5,0.03,2000,500,1199.7799486763072,0.5998899743381536,0.1263875221381406
32,7,percent,8,1,0.5,0.03,2000,500,1075.137294494196,0.5375686472470981,0.11799990514410796
32,8,percent,7,1,0.5,0.03,2000,500,1000.7926776092405,0.5003963388046203,0.15116126414767114
32,9,percent,6,1,0.5,0.03,2000,500,1025.3970504250715,0.5126985252125358,0.2371094653296514
32,10,percent,5,0,0.5,0.03,2000,500,2000.000000000002,1.000000000000001,1.0
32,11,percent,5,0,0.5,0.03,2000,500,2000.000000000002,1.000000000000001,1.0
33,1,percent,13,0,0.5,0.03,2000,500,2000.000000000002,1.000000000000001,1.0
33,2,percent,13,2,0.5,0.03,2000,500,951.1117805773462,0.47555589028867307,0.016038279480755566
33,3,percent,11,2,0.5,0.03,2000,500,864.1767246261666,0.4320883623130833,0.034928084220043475
33,4,percent,9,1,0.5,0.03,2000,500,1160.645280468673,0.5803226402343366,0.11361019405902689
33,5,percent,8,1,0.5,0.03,2000,500,1090.682073561919,0.5453410367809595,0.1337953288029334
33,6,percent,7,1,0.5,0.03,2000,500,960.1148308635577,0.4800574154317788,0.1239764558212836
33,7,percent,6,1,0.5,0.03,2000,500,1016.6484070747052,0.5083242035373526,0.21065792892234544
33,8,percent,5,0,0.5,0.03,2000,500,2000.000000000002,1.000000000000001,1.0
33,9,percent,5,0,0.5,0.03,2000,500,2000.000000000002,1.000000000000001,1.0
34,1,percent,14,0,0.5,0.03,2000,500,2000.000000000002,1.000000000000001,1.0
34,2,percent,14,2,0.5,0.03,2000,500,1001.5025448317311,0.5007512724158656,0.016215311893012868
34,3,percent,12,1,0.5,0.03,2000,500,1327.340775531063,0.6636703877655314,0.10018591542879672
34,4,percent,11,1,0.5,0.03,2000,500,1287.9661907398834,0.6439830953699417,0.0883234127963536
34,5,percent,10,0,0.5,0.03,2000,500,2000.000000000002,1.000000000000001,1.0
34,6,percent,10,1,0.5,0.03,2000,500,1247.815668074317,0.6239078340371585,0.1308680137378442
34,7,percent,9,1,0.5,0.03,2000,500,1170.1355824022244,0.5850677912011122,0.12516455820870678
34,8,percent,8,1,0.5,0.03,2000,500,1101.5247943902955,0.5507623971951477,0.13037378084938814
34,9,percent,7,1,0.5,0.03,2000,500,1105.6503373987407,0.5528251686993704,0.2241237275195649
34,10,percent,6,1,0.5,0.03,2000,500,942.1846432047071,0.47109232160235354,0.16522172410268945
34,11,percent,5,0,0.5,0.03,2000,500,2000.000000000002,1.000000000000001,1.0
1,1,rank,6,0,0.5,0.03,2000,500,2000.000000000002,1.000000000000001,1.0
1,2,rank,6,1,0.5,0.03,2000,500,414.18745998977414,0.20709372999488707,0.16137499955904536
1,3,rank,5,1,0.5,0.03,2000,500,1141.2093545729622,0.5706046772864811,0.5194583332458642
1,4,rank,4,1,0.5,0.03,2000,500,331.6169999489346,0.1658084999744673,0.10745833482832606
1,5,rank,3,0,0.5,0.03,2000,500,2000.000000000002,1.000000000000001,1.0
1,6,rank,2,0,0.5,0.03,2000,500,2000.000000000002,1.000000000000001,1.0
2,1,rank,10,1,0.5,0.03,2000,500,616.6980695222268,0.30834903476111336,0.2794917247547588
2,2,rank,9,1,0.5,0.03,2000,500,610.7324234427327,0.30536621172136635,0.2797662454291441
2,3,rank,8,1,0.5,0.03,2000,500,259.07526370216,0.12953763185108,0.12950115316497085
2,4,rank,7,1,0.5,0.03,2000,500,935.269888571967,0.4676349442859835,0.427582803005951
2,5,rank,6,1,0.5,0.03,2000,500,1039.8638079170307,0.5199319039585154,0.4774916668811252
2,6,rank,5,1,0.5,0.03,2000,500,877.1633369059443,0.43858166845297214,0.43349170472753146
2,7,rank,4,1,0.5,0.03,2000,500,770.4400183596194,0.3852200091798097,0.33949697929586814
2,8,rank,3,0,0.5,0.03,2000,500,2000.000000000002,1.000000000000001,1.0
3,1,rank,11,1,0.5,0.03,2000,500,776.573628043849,0.3882868140219245,0.36293327624408384
3,2,rank,10,1,0.5,0.03,2000,500,104.21345608907852,0.05210672804453926,0.03995828524971189
3,3,rank,9,1,0.5,0.03,2000,500,128.0374959395874,0.06401874796979369,0.06400336429225403
3,4,rank,8,1,0.5,0.03,2000,500,174.73055666990925,0.08736527833495462,0.076333334524994
3,5,rank,7,2,0.5,0.03,2000,500,28.281494583749225,0.014140747291874613,0.013025276997486544
3,6,rank,5,0,0.5,0.03,2000,500,2000.000000000002,1.000000000000001,1.0
3,7,rank,5,1,0.5,0.03,2000,500,1156.7740401811097,0.5783870200905549,0.5290802022551219
3,8,rank,4,1,0.5,0.03,2000,500,1184.2450895124562,0.592122544756228,0.5919972260791727
3,9,rank,3,0,0.5,0.03,2000,500,2000.000000000002,1.000000000000001,1.0
3,10,rank,2,0,0.5,0.03,2000,500,2000.000000000002,1.000000000000001,1.0
4,1,rank,11,0,0.5,0.03,2000,500,2000.000000000002,1.000000000000001,1.0
4,2,rank,11,1,0.5,0.03,2000,500,169.02764010306188,0.08451382005153094,0.08449921920362503
4,3,rank,10,1,0.5,0.03,2000,500,238.67074464852305,0.11933537232426153,0.10766645908692116
4,4,rank,9,1,0.5,0.03,2000,500,513.4444772074273,0.2567222386037137,0.24949816640569986
4,5,rank,8,1,0.5,0.03,2000,500,905.9368037139939,0.45296840185699694,0.41678749985808383
4,6,rank,7,1,0.5,0.03,2000,500,405.13906215255474,0.20256953107627737,0.17105002726639287
4,7,rank,6,1,0.5,0.03,2000,500,700.8836864343194,0.3504418432171597,0.3237467500443124
4,8,rank,5,1,0.5,0.03,2000,500,1124.9774382987746,0.5624887191493873,0.5133333342224642
4,9,rank,4,1,0.5,0.03,2000,500,1272.436733120669,0.6362183665603345,0.5894963986444947
4,10,rank,3,0,0.5,0.03,2000,500,2000.000000000002,1.000000000000001,1.0
5,1,rank,12,1,0.5,0.03,2000,500,777.9338929607728,0.38896694648038643,0.36524998681932197
5,2,rank,11,1,0.5,0.03,2000,500,128.14222117459994,0.06407111058729997,0.05925000062431793
5,3,rank,10,1,0.5,0.03,2000,500,771.2328555519431,0.38561642777597155,0.36059868250381344
5,4,rank,9,1,0.5,0.03,2000,500,666.9995782521091,0.33349978912605455,0.30033332890151965
5,5,rank,8,1,0.5,0.03,2000,500,728.8225590671119,0.36441127953355595,0.3622449221118164
5,6,rank,7,1,0.5,0.03,2000,500,214.08115699432088,0.10704057849716044,0.10700142679836278
5,7,rank,6,1,0.5,0.03,2000,500,982.8629689494709,0.49143148447473545,0.4659181357301441
5,8,rank,5,1,0.5,0.03,2000,500,376.87426434041555,0.18843713217020777,0.1399333324891402
5,9,rank,4,1,0.5,0.03,2000,500,765.4880550652226,0.38274402753261133,0.33499589877376557
5,10,rank,3,0,0.5,0.03,2000,500,2000.000000000002,1.000000000000001,1.0
6,1,rank,12,0,0.5,0.03,2000,500,2000.000000000002,1.000000000000001,1.0
6,2,rank,12,2,0.5,0.03,2000,500,139.2787315957707,0.06963936579788535,0.06679509345244622
6,3,rank,10,1,0.5,0.03,2000,500,306.02660166829475,0.15301330083414738,0.15299931879068107
6,4,rank,9,1,0.5,0.03,2000,500,866.6768600878933,0.4333384300439466,0.40516666748396984
6,5,rank,8,1,0.5,0.03,2000,500,893.4962921229082,0.44674814606145413,0.4318316160261179
6,6,rank,7,1,0.5,0.03,2000,500,931.8052946355007,0.46590264731775033,0.45958427991625
6,7,rank,6,1,0.5,0.03,2000,500,473.07987015025515,0.23653993507512758,0.2364887305176659
6,8,rank,5,1,0.5,0.03,2000,500,379.29250231464454,0.18964625115732228,0.1389999990691407
6,9,rank,4,1,0.5,0.03,2000,500,1270.0375121026834,0.6350187560513417,0.5695416667605543
6,10,rank,3,0,0.5,0.03,2000,500,2000.000000000002,1.000000000000001,1.0
7,1,rank,13,2,0.5,0.03,2000,500,49.43424231280033,0.024717121156400165,0.02171840931532618
7,2,rank,11,2,0.5,0.03,2000,500,5.92658570693903,0.0029632928534695153,0.0020083455961239292
7,3,rank,9,0,0.5,0.03,2000,500,2000.000000000002,1.000000000000001,1.0
7,4,rank,9,1,0.5,0.03,2000,500,858.9643459187322,0.4294821729593661,0.40000000013821796
7,5,rank,8,1,0.5,0.03,2000,500,297.5608087147447,0.14878040435737236,0.13499726710808027
7,6,rank,7,1,0.5,0.03,2000,500,920.2836589725758,0.4601418294862879,0.4417498901676628
7,7,rank,6,1,0.5,0.03,2000,500,384.78458119199604,0.19239229059599802,0.16258079964738176
7,8,rank,5,1,0.5,0.03,2000,500,844.0567212097317,0.4220283606048658,0.4219772960272975
7,9,rank,4,1,0.5,0.03,2000,500,1177.228748992532,0.588614374496266,0.5884981885967956
7,10,rank,3,0,0.5,0.03,2000,500,2000.000000000002,1.000000000000001,1.0
8,1,rank,13,0,0.5,0.03,2000,500,2000.000000000002,1.000000000000001,1.0
8,2,rank,13,1,0.5,0.03,2000,500,193.66253132362527,0.09683126566181263,0.09024994040584354
8,3,rank,12,1,0.5,0.03,2000,500,368.9796271438995,0.18448981357194974,0.16626696016184625
8,4,rank,11,2,0.5,0.03,2000,500,142.77413584067594,0.07138706792033797,0.06820010698579049
8,5,rank,9,1,0.5,0.03,2000,500,216.15359706409433,0.10807679853204716,0.09037518737632655
8,6,rank,8,1,0.5,0.03,2000,500,930.0093019731556,0.46500465098657784,0.4324993210205594
8,7,rank,7,1,0.5,0.03,2000,500,958.295289419424,0.479147644709712,0.4506629611517353
8,8,rank,6,1,0.5,0.03,2000,500,692.6535544972119,0.34632677724860594,0.32183254551492324
8,9,rank,5,1,0.5,0.03,2000,500,719.196556599973,0.3595982782999865,0.3257477351262046
8,10,rank,4,1,0.5,0.03,2000,500,1275.5650326437262,0.6377825163218631,0.5698750013794366
8,11,rank,3,0,0.5,0.03,2000,500,2000.000000000002,1.000000000000001,1.0
9,1,rank,16,2,0.5,0.03,2000,500,69.49014293897663,0.03474507146948832,0.03360384579808097
9,2,rank,14,1,0.5,0.03,2000,500,616.2748704481193,0.3081374352240596,0.29591663581920796
9,3,rank,13,2,0.5,0.03,2000,500,83.1561311004238,0.0415780655502119,0.04016619497603639
9,4,rank,11,1,0.5,0.03,2000,500,387.48544074195803,0.193742720370979,0.18758832272903203
9,5,rank,10,1,0.5,0.03,2000,500,459.05711430920564,0.22952855715460282,0.22949541555097236
9,6,rank,9,2,0.5,0.03,2000,500,113.40907569510756,0.05670453784755378,0.05176184269002179
9,7,rank,7,2,0.5,0.03,2000,500,242.05898105170033,0.12102949052585016,0.11771876734145077
9,8,rank,5,1,0.5,0.03,2000,500,878.052639594519,0.4390263197972595,0.4389792779423418
9,9,rank,4,1,0.5,0.03,2000,500,330.8068405228655,0.16540342026143276,0.1079166675261071
9,10,rank,3,0,0.5,0.03,2000,500,2000.000000000002,1.000000000000001,1.0
10,1,rank,11,0,0.5,0.03,2000,500,2000.000000000002,1.000000000000001,1.0
10,2,rank,11,1,0.5,0.03,2000,500,79.03649398643051,0.03951824699321526,0.03950179340159817
10,3,rank,10,1,0.5,0.03,2000,500,768.436181159753,0.3842180905798765,0.3700007315839822
10,4,rank,9,1,0.5,0.03,2000,500,623.1813735041628,0.3115906867520814,0.2828916635106198
10,5,rank,8,1,0.5,0.03,2000,500,878.8508783662736,0.4394254391831368,0.43053943583074816
10,6,rank,7,1,0.5,0.03,2000,500,943.261809319887,0.4716309046599435,0.4377083339612219
10,7,rank,6,1,0.5,0.03,2000,500,469.83377765515485,0.2349168888275774,0.23424134913838532
10,8,rank,5,1,0.5,0.03,2000,500,1144.355837428176,0.5721779187140881,0.5414956162685759
10,9,rank,4,1,0.5,0.03,2000,500,1263.812790991227,0.6319063954956136,0.5874921635946544
10,10,rank,3,0,0.5,0.03,2000,500,2000.000000000002,1.000000000000001,1.0
11,1,rank,12,1,0.5,0.03,2000,500,582.1288709843964,0.2910644354921982,0.28699843742466713
11,2,rank,11,1,0.5,0.03,2000,500,758.8314113859989,0.3794157056929994,0.37125042224107324
11,3,rank,10,1,0.5,0.03,2000,500,771.8035672018708,0.3859017836009354,0.37899850058554363
11,4,rank,9,1,0.5,0.03,2000,500,813.6050795981635,0.4068025397990817,0.37984166747194015
11,5,rank,8,1,0.5,0.03,2000,500,404.69918211467854,0.20234959105733927,0.17304143320185927
11,6,rank,7,1,0.5,0.03,2000,500,13.666481446521846,0.006833240723260923,0.0024630964409903715
11,7,rank,6,1,0.5,0.03,2000,500,416.7809662016005,0.20839048310080024,0.16554066745683302
11,8,rank,5,1,0.5,0.03,2000,500,745.2457224522734,0.3726228612261367,0.3205820689417402
11,9,rank,4,1,0.5,0.03,2000,500,771.6059582362187,0.38580297911810935,0.3119166581950436
11,10,rank,3,0,0.5,0.03,2000,500,2000.000000000002,1.000000000000001,1.0
12,1,rank,11,0,0.5,0.03,2000,500,2000.000000000002,1.000000000000001,1.0
12,2,rank,11,1,0.5,0.03,2000,500,546.8391700622125,0.27341958503110625,0.2719141298698662
12,3,rank,10,1,0.5,0.03,2000,500,815.8023763624332,0.40790118818121657,0.40099789504966143
12,4,rank,9,1,0.5,0.03,2000,500,663.5080851155351,0.3317540425577675,0.2997499692211603
12,5,rank,8,1,0.5,0.03,2000,500,595.3781068485982,0.29768905342429913,0.2899166643234688
12,6,rank,7,1,0.5,0.03,2000,500,950.6607718988544,0.47533038594942717,0.4382500476208056
12,7,rank,6,1,0.5,0.03,2000,500,280.81828934209403,0.140409144671047,0.13351742271983316
12,8,rank,5,1,0.5,0.03,2000,500,756.9236872255459,0.37846184361277296,0.32603332630454207
12,9,rank,4,1,0.5,0.03,2000,500,1261.1804832221019,0.6305902416110509,0.5617083336872197
12,10,rank,3,0,0.5,0.03,2000,500,2000.000000000002,1.000000000000001,1.0
13,1,rank,12,1,0.5,0.03,2000,500,739.7538820636597,0.36987694103182983,0.36074943065651405
13,2,rank,11,1,0.5,0.03,2000,500,34.14509557482726,0.01707254778741363,0.015249669625964331
13,3,rank,10,1,0.5,0.03,2000,500,62.02451866887178,0.03101225933443589,0.03099976054056709
13,4,rank,9,1,0.5,0.03,2000,500,397.91660410312943,0.19895830205156473,0.18674959536821906
13,5,rank,8,1,0.5,0.03,2000,500,900.4748764971533,0.45023743824857665,0.42282998359738005
13,6,rank,7,1,0.5,0.03,2000,500,934.4262940262525,0.4672131470131263,0.42915817042229243
13,7,rank,6,1,0.5,0.03,2000,500,722.1618348286031,0.36108091741430154,0.31829999455206487
13,8,rank,5,1,0.5,0.03,2000,500,1153.8783058807276,0.5769391529403638,0.5472428517097854
13,9,rank,4,1,0.5,0.03,2000,500,1273.8344379450389,0.6369172189725194,0.5729166670422196
13,10,rank,3,0,0.5,0.03,2000,500,2000.000000000002,1.000000000000001,1.0
14,1,rank,12,0,0.5,0.03,2000,500,2000.000000000002,1.000000000000001,1.0
14,2,rank,12,1,0.5,0.03,2000,500,729.5581497172553,0.36477907485862765,0.3467498992579806
14,3,rank,11,1,0.5,0.03,2000,500,395.0024236872693,0.19750121184363464,0.19749879871570533
14,4,rank,10,1,0.5,0.03,2000,500,612.853445513321,0.3064267227566605,0.2793499660708736
14,5,rank,9,1,0.5,0.03,2000,500,822.4555192574398,0.41122775962871994,0.3825411074889917
14,6,rank,8,1,0.5,0.03,2000,500,904.000386702209,0.4520001933511045,0.42195833242566505
14,7,rank,7,1,0.5,0.03,2000,500,674.5639993814716,0.3372819996907358,0.30570500159934216
14,8,rank,6,2,0.5,0.03,2000,500,10.888904488285863,0.005444452244142931,0.005039304024972811
14,9,rank,4,1,0.5,0.03,2000,500,66.00008735957627,0.033000043679788135,0.008250005459972287
14,10,rank,3,0,0.5,0.03,2000,500,2000.000000000002,1.000000000000001,1.0
15,1,rank,13,1,0.5,0.03,2000,500,715.1172360163271,0.3575586180081635,0.3381666227480699
15,2,rank,12,1,0.5,0.03,2000,500,137.73336713204733,0.06886668356602367,0.06270833372874801
15,3,rank,11,2,0.5,0.03,2000,500,8.586744874394753,0.0042933724371973766,0.004012375025859879
15,4,rank,9,1,0.5,0.03,2000,500,606.6682996118584,0.3033341498059292,0.27349166425022714
15,5,rank,8,0,0.5,0.03,2000,500,2000.000000000002,1.000000000000001,1.0
15,6,rank,8,1,0.5,0.03,2000,500,1.0014439521287424,0.0005007219760643712,6.012129259154262e-08
15,7,rank,7,0,0.5,0.03,2000,500,2000.000000000002,1.000000000000001,1.0
15,8,rank,7,2,0.5,0.03,2000,500,16.35292585155716,0.00817646292577858,0.007308916116759533
15,9,rank,5,2,0.5,0.03,2000,500,364.91028027978166,0.18245514013989084,0.1588667152436198
15,10,rank,3,0,0.5,0.03,2000,500,2000.000000000002,1.000000000000001,1.0
16,1,rank,12,0,0.5,0.03,2000,500,2000.000000000002,1.000000000000001,1.0
16,2,rank,12,1,0.5,0.03,2000,500,719.3695805790755,0.35968479028953776,0.33987499983589564
16,3,rank,11,1,0.5,0.03,2000,500,740.5155910653884,0.3702577955326942,0.34849966039948016
16,4,rank,10,1,0.5,0.03,2000,500,657.341016815837,0.32867050840791845,0.3214963038466021
16,5,rank,9,1,0.5,0.03,2000,500,719.5083572765961,0.35975417863829806,0.34474747429297237
16,6,rank,8,1,0.5,0.03,2000,500,880.3120216973069,0.44015601084865347,0.41367469206822605
16,7,rank,7,1,0.5,0.03,2000,500,907.2201495632006,0.4536100747816003,0.4190416680394834
16,8,rank,6,1,0.5,0.03,2000,500,1065.9564620085255,0.5329782310042628,0.4934166667639652
16,9,rank,5,1,0.5,0.03,2000,500,1143.4900055877433,0.5717450027938716,0.5229134613710575
16,10,rank,4,1,0.5,0.03,2000,500,779.4075528924103,0.38970377644620513,0.3382460503440276
17,1,rank,12,0,0.5,0.03,2000,500,2000.000000000002,1.000000000000001,1.0
17,2,rank,12,1,0.5,0.03,2000,500,562.3861851733911,0.28119309258669556,0.26012499811199963
17,3,rank,11,1,0.5,0.03,2000,500,607.0516673904295,0.3035258336952148,0.303497657682321
17,4,rank,10,1,0.5,0.03,2000,500,828.0881791368341,0.41404408956841704,0.41399093049130603
17,5,rank,9,1,0.5,0.03,2000,500,11.451799072777655,0.005725899536388828,6.481605632181657e-14
17,6,rank,8,0,0.5,0.03,2000,500,2000.000000000002,1.000000000000001,1.0
17,7,rank,8,1,0.5,0.03,2000,500,265.3943879764859,0.13269719398824295,0.13024834777632452
17,8,rank,7,1,0.5,0.03,2000,500,382.06269338876945,0.19103134669438473,0.16933074079879254
17,9,rank,6,1,0.5,0.03,2000,500,13.476340899239759,0.0067381704496198794,0.004922291209468646
17,10,rank,5,1,0.5,0.03,2000,500,747.617467915915,0.3738087339579575,0.3191416609587328
17,11,rank,4,1,0.5,0.03,2000,500,1271.3106899147367,0.6356553449573683,0.5680833345033266
18,1,rank,12,1,0.5,0.03,2000,500,567.0260619714629,0.28351303098573144,0.2594999985457326
18,2,rank,11,2,0.5,0.03,2000,500,142.52418331908953,0.07126209165954477,0.07049767003249427
18,3,rank,9,0,0.5,0.03,2000,500,2000.000000000002,1.000000000000001,1.0
18,4,rank,9,0,0.5,0.03,2000,500,2000.000000000002,1.000000000000001,1.0
18,5,rank,9,1,0.5,0.03,2000,500,573.0956722504013,0.2865478361252007,0.264833038223521
18,6,rank,8,1,0.5,0.03,2000,500,697.8638037567505,0.34893190187837525,0.3457493983041552
18,7,rank,7,1,0.5,0.03,2000,500,937.1125606366727,0.46855628031833635,0.43190833424031916
18,8,rank,6,1,0.5,0.03,2000,500,171.12349219467936,0.08556174609733967,0.055498896628982164
18,9,rank,5,1,0.5,0.03,2000,500,421.1031097174969,0.21055155485874846,0.21049441817123124
18,10,rank,4,1,0.5,0.03,2000,500,771.9896788251972,0.3859948394125986,0.3104999916655985
19,1,rank,13,1,0.5,0.03,2000,500,547.7435067140062,0.2738717533570031,0.26483154549045135
19,2,rank,12,1,0.5,0.03,2000,500,308.0269216090958,0.1540134608045479,0.1534999698492633
19,3,rank,11,1,0.5,0.03,2000,500,771.4606070564683,0.3857303035282342,0.3741675351327985
19,4,rank,10,1,0.5,0.03,2000,500,151.04342098223285,0.07552171049111642,0.07550052207223833
19,5,rank,9,0,0.5,0.03,2000,500,2000.000000000002,1.000000000000001,1.0
19,6,rank,9,1,0.5,0.03,2000,500,138.80262180051187,0.06940131090025593,0.06050165309995947
19,7,rank,8,1,0.5,0.03,2000,500,641.9854485037363,0.32099272425186814,0.28874166418388786
19,8,rank,7,1,0.5,0.03,2000,500,920.5752928769984,0.46028764643849923,0.42299642967671963
19,9,rank,6,1,0.5,0.03,2000,500,705.7706357099997,0.3528853178549999,0.3042072292678496
19,10,rank,5,1,0.5,0.03,2000,500,1083.8773990736854,0.5419386995368427,0.49840000148536245
19,11,rank,4,1,0.5,0.03,2000,500,1234.4350588966356,0.6172175294483178,0.5478750019716558
20,1,rank,12,0,0.5,0.03,2000,500,2000.000000000002,1.000000000000001,1.0
20,2,rank,12,1,0.5,0.03,2000,500,4.459719218389574,0.002229859609194787,0.0017506909723400722
20,3,rank,11,1,0.5,0.03,2000,500,597.0531863944032,0.2985265931972016,0.29849683701898355
20,4,rank,10,1,0.5,0.03,2000,500,259.8317956736587,0.12991589783682936,0.12875397601803418
20,5,rank,9,1,0.5,0.03,2000,500,142.47897818962053,0.07123948909481027,0.06258278343826454
20,6,rank,8,1,0.5,0.03,2000,500,451.062632035234,0.225531316017617,0.2249958455058872
20,7,rank,7,1,0.5,0.03,2000,500,1.8116717251879364,0.0009058358625939682,0.000752102525762524
20,8,rank,6,2,0.5,0.03,2000,500,299.44770921826097,0.14972385460913049,0.13218008033298315
20,9,rank,4,1,0.5,0.03,2000,500,65.09861407122575,0.03254930703561288,0.03250901661365289
20,10,rank,3,0,0.5,0.03,2000,500,2000.000000000002,1.000000000000001,1.0
21,1,rank,13,0,0.5,0.03,2000,500,2000.000000000002,1.000000000000001,1.0
21,2,rank,13,3,0.5,0.03,2000,500,31.39043898449019,0.015695219492245095,0.014916599321670873
21,3,rank,10,0,0.5,0.03,2000,500,2000.000000000002,1.000000000000001,1.0
21,4,rank,10,1,0.5,0.03,2000,500,823.980634764604,0.411990317382302,0.3871250000208639
21,5,rank,9,0,0.5,0.03,2000,500,2000.000000000002,1.000000000000001,1.0
21,6,rank,9,1,0.5,0.03,2000,500,806.6761639089809,0.40333808195449045,0.3959990860483284
21,7,rank,8,1,0.5,0.03,2000,500,13.911638513647395,0.006955819256823697,0.004834508390827111
21,8,rank,7,1,0.5,0.03,2000,500,915.1231211889522,0.45756156059447606,0.4311645185667668
21,9,rank,6,2,0.5,0.03,2000,500,13.014636074460755,0.006507318037230377,0.006501120307242346
21,10,rank,4,0,0.5,0.03,2000,500,2000.000000000002,1.000000000000001,1.0
21,11,rank,4,1,0.5,0.03,2000,500,287.34312615536726,0.14367156307768364,0.12150000066444139
22,1,rank,12,0,0.5,0.03,2000,500,2000.000000000002,1.000000000000001,1.0
22,2,rank,12,1,0.5,0.03,2000,500,703.1041596397331,0.3515520798198665,0.3442507528833246
22,3,rank,11,1,0.5,0.03,2000,500,800.1659962690094,0.4000829981345047,0.37983092830235576
22,4,rank,10,1,0.5,0.03,2000,500,383.8315061130633,0.19191575305653166,0.17566401120708816
22,5,rank,9,0,0.5,0.03,2000,500,2000.000000000002,1.000000000000001,1.0
22,6,rank,9,1,0.5,0.03,2000,500,849.82945119916,0.42491472559958,0.40066554076020927
22,7,rank,8,2,0.5,0.03,2000,500,91.92449156849578,0.04596224578424789,0.04101347577672899
22,8,rank,6,1,0.5,0.03,2000,500,42.776067035253135,0.021388033517626567,3.604992756306126e-06
22,9,rank,5,2,0.5,0.03,2000,500,18.64585219226679,0.009322926096133395,0.002501769148986287
22,10,rank,3,0,0.5,0.03,2000,500,2000.000000000002,1.000000000000001,1.0
23,1,rank,13,0,0.5,0.03,2000,500,2000.000000000002,1.000000000000001,1.0
23,2,rank,13,1,0.5,0.03,2000,500,359.13806383489896,0.17956903191744947,0.17374966922351262
23,3,rank,12,1,0.5,0.03,2000,500,625.03688916984,0.31251844458492,0.31199588503309034
23,4,rank,11,2,0.5,0.03,2000,500,64.15352902453596,0.03207676451226798,0.029063179207363173
23,5,rank,9,0,0.5,0.03,2000,500,2000.000000000002,1.000000000000001,1.0
23,6,rank,9,1,0.5,0.03,2000,500,819.2724967991471,0.4096362483995736,0.40291509229574735
23,7,rank,8,1,0.5,0.03,2000,500,508.0766619915803,0.25403833099579015,0.2539982590875113
23,8,rank,7,1,0.5,0.03,2000,500,397.7238416392544,0.1988619208196272,0.17074896634386522
23,9,rank,6,1,0.5,0.03,2000,500,817.8095034176072,0.4089047517088036,0.4082351005509644
23,10,rank,5,1,0.5,0.03,2000,500,16.03513117162321,0.008017565585811605,0.00800300727483419
23,11,rank,4,1,0.5,0.03,2000,500,1257.70648288858,0.62885324144429,0.5645833347849918
24,1,rank,12,0,0.5,0.03,2000,500,2000.000000000002,1.000000000000001,1.0
24,2,rank,12,1,0.5,0.03,2000,500,605.0323230396712,0.30251616151983557,0.29174897729568766
24,3,rank,11,1,0.5,0.03,2000,500,566.0244516796724,0.2830122258398362,0.28199885831439
24,4,rank,10,1,0.5,0.03,2000,500,752.4541485067599,0.37622707425338,0.3712460041648424
24,5,rank,9,1,0.5,0.03,2000,500,273.4321230879482,0.1367160615439741,0.13375157145356437
24,6,rank,8,1,0.5,0.03,2000,500,1.000004198502032,0.000500002099251016,7.2222006017996154e-12
24,7,rank,7,2,0.5,0.03,2000,500,67.00370909458375,0.033501854547291876,0.026965888222357168
24,8,rank,5,1,0.5,0.03,2000,500,1140.8021862166622,0.5704010931083311,0.5202499993251265
24,9,rank,4,1,0.5,0.03,2000,500,69.00010307505886,0.03450005153752943,0.008625006442189448
24,10,rank,3,0,0.5,0.03,2000,500,2000.000000000002,1.000000000000001,1.0
25,1,rank,13,0,0.5,0.03,2000,500,2000.000000000002,1.000000000000001,1.0
25,2,rank,13,2,0.5,0.03,2000,500,23.850540885215317,0.011925270442607659,0.011415181059375303
25,3,rank,11,0,0.5,0.03,2000,500,2000.000000000002,1.000000000000001,1.0
25,4,rank,11,1,0.5,0.03,2000,500,610.6123830695768,0.3053061915347884,0.29600095858864806
25,5,rank,10,1,0.5,0.03,2000,500,459.2239153620696,0.2296119576810348,0.22124932748170353
25,6,rank,9,1,0.5,0.03,2000,500,813.8155768624262,0.40690778843121306,0.3944969383933702
25,7,rank,8,2,0.5,0.03,2000,500,98.48636115157124,0.049243180575785625,0.04650069084273143
25,8,rank,6,1,0.5,0.03,2000,500,364.0221528283761,0.18201107641418804,0.1399250001797521
25,9,rank,5,1,0.5,0.03,2000,500,373.8397190503104,0.1869198595251552,0.1407083325260536
25,10,rank,4,1,0.5,0.03,2000,500,1280.9299826921933,0.6404649913460967,0.598990002550671
26,1,rank,10,2,0.5,0.03,2000,500,121.34326071499594,0.060671630357497966,0.056613917642707845
26,2,rank,8,2,0.5,0.03,2000,500,6.044643380743459,0.0030223216903717295,0.0030098281396273236
26,3,rank,6,3,0.5,0.03,2000,500,162.29343494480733,0.08114671747240366,0.07658150639688216
26,4,rank,3,0,0.5,0.03,2000,500,2000.000000000002,1.000000000000001,1.0
27,1,rank,13,1,0.5,0.03,2000,500,560.3893013454108,0.2801946506727054,0.2604166341488924
27,2,rank,12,1,0.5,0.03,2000,500,581.1801115270995,0.29059005576354974,0.2687916642921727
27,3,rank,11,1,0.5,0.03,2000,500,379.2079956473476,0.18960399782367382,0.16755874788402
27,4,rank,10,1,0.5,0.03,2000,500,1.0012023675960662,0.000500601183798033,0.0005000600779623606
27,5,rank,9,0,0.5,0.03,2000,500,2000.000000000002,1.000000000000001,1.0
27,6,rank,9,1,0.5,0.03,2000,500,203.4660035324684,0.10173300176623419,0.09446267374535773
27,7,rank,8,2,0.5,0.03,2000,500,87.81611971193445,0.04390805985596723,0.04183308418644799
27,8,rank,6,2,0.5,0.03,2000,500,17.013950425109655,0.008506975212554828,2.0427898524191663e-06
27,9,rank,4,0,0.5,0.03,2000,500,2000.000000000002,1.000000000000001,1.0
28,1,rank,12,0,0.5,0.03,2000,500,2000.000000000002,1.000000000000001,1.0
28,2,rank,12,2,0.5,0.03,2000,500,77.41898763955926,0.03870949381977963,0.038098250495841965
28,3,rank,10,0,0.5,0.03,2000,500,2000.000000000002,1.000000000000001,1.0
28,4,rank,10,1,0.5,0.03,2000,500,819.0402691087497,0.40952013455437486,0.39170762255604014
28,5,rank,9,0,0.5,0.03,2000,500,2000.000000000002,1.000000000000001,1.0
28,6,rank,9,1,0.5,0.03,2000,500,2.005532737884152,0.001002766368942076,5.7850400242735773e-11
28,7,rank,8,1,0.5,0.03,2000,500,426.4386112414738,0.21321930562073688,0.17963333265880513
28,8,rank,7,1,0.5,0.03,2000,500,407.4607031633076,0.20373035158165378,0.16873809513231408
28,9,rank,6,1,0.5,0.03,2000,500,1012.1356553779915,0.5060678276889957,0.46323333486162765
28,10,rank,5,1,0.5,0.03,2000,500,1070.9476143973382,0.5354738071986691,0.5327441939173018
28,11,rank,4,0,0.5,0.03,2000,500,2000.000000000002,1.000000000000001,1.0
29,1,rank,15,0,0.5,0.03,2000,500,2000.000000000002,1.000000000000001,1.0
29,2,rank,15,1,0.5,0.03,2000,500,599.9118358668039,0.299955917933402,0.28958333351950344
29,3,rank,14,1,0.5,0.03,2000,500,676.1090419719604,0.3380545209859802,0.32679064481740666
29,4,rank,13,1,0.5,0.03,2000,500,427.87767365082635,0.21393883682541318,0.21024960954035482
29,5,rank,12,1,0.5,0.03,2000,500,624.0504661103864,0.3120252330551932,0.312000721208969
29,6,rank,11,1,0.5,0.03,2000,500,574.8790078025793,0.28743950390128964,0.2707495940077001
29,7,rank,10,2,0.5,0.03,2000,500,181.27380352498162,0.09063690176249081,0.08329172740987593
29,8,rank,8,1,0.5,0.03,2000,500,278.0682117920351,0.13903410589601753,0.13899818989670132
29,9,rank,7,1,0.5,0.03,2000,500,662.2526282752956,0.3311263141376478,0.2989964863016508
29,10,rank,6,2,0.5,0.03,2000,500,137.82075321280388,0.06891037660640194,0.06666265474790609
29,11,rank,4,0,0.5,0.03,2000,500,2000.000000000002,1.000000000000001,1.0
30,1,rank,15,0,0.5,0.03,2000,500,2000.000000000002,1.000000000000001,1.0
30,2,rank,15,1,0.5,0.03,2000,500,734.5944863883014,0.36729724319415075,0.3494083326852865
30,3,rank,14,1,0.5,0.03,2000,500,32.369479692301454,0.016184739846150726,0.015251412058910226
30,4,rank,13,2,0.5,0.03,2000,500,107.31528012714342,0.05365764006357171,0.051478396657661116
30,5,rank,11,1,0.5,0.03,2000,500,11.727269176364805,0.0058636345881824025,0.005167944988512539
30,6,rank,10,1,0.5,0.03,2000,500,825.0689911901535,0.41253449559507677,0.4052459429970579
30,7,rank,9,1,0.5,0.03,2000,500,882.7466534730142,0.44137332673650714,0.4110412432487114
30,8,rank,8,2,0.5,0.03,2000,500,208.59895677075525,0.10429947838537762,0.09385508047091527
30,9,rank,6,2,0.5,0.03,2000,500,150.66640682047247,0.07533320341023624,0.06916320193466101
30,10,rank,4,0,0.5,0.03,2000,500,2000.000000000002,1.000000000000001,1.0
31,1,rank,16,1,0.5,0.03,2000,500,484.68901696820666,0.24234450848410333,0.2278332120910341
31,2,rank,15,1,0.5,0.03,2000,500,531.4036416225797,0.26570182081128985,0.2504164544093734
31,3,rank,14,1,0.5,0.03,2000,500,552.4154980040597,0.2762077490020299,0.2545829417182132
31,4,rank,13,1,0.5,0.03,2000,500,661.3300740455678,0.3306650370227839,0.3292467365658189
31,5,rank,12,2,0.5,0.03,2000,500,1.0000954670042859,0.0005000477335021429,1.6691985693137599e-06
31,6,rank,10,1,0.5,0.03,2000,500,653.7090378417305,0.32685451892086526,0.3147509876993681
31,7,rank,9,1,0.5,0.03,2000,500,637.7024905540983,0.31885124527704917,0.2925825593288538
31,8,rank,8,2,0.5,0.03,2000,500,212.6980196094751,0.10634900980473755,0.10373565618557637
31,9,rank,6,2,0.5,0.03,2000,500,272.841387479815,0.1364206937399075,0.13594681420781599
31,10,rank,4,0,0.5,0.03,2000,500,2000.000000000002,1.000000000000001,1.0
32,1,rank,14,1,0.5,0.03,2000,500,539.528833218794,0.26976441660939704,0.2650803281440183
32,2,rank,13,1,0.5,0.03,2000,500,150.3050987713503,0.07515254938567514,0.06558391129090543
32,3,rank,12,1,0.5,0.03,2000,500,704.33475649913,0.352167378249565,0.339833681257248
32,4,rank,11,1,0.5,0.03,2000,500,118.80054395722041,0.059400271978610204,0.056500810738462255
32,5,rank,10,1,0.5,0.03,2000,500,430.84674680825634,0.21542337340412818,0.19824977841482394
32,6,rank,9,1,0.5,0.03,2000,500,225.3162568638234,0.11265812843191171,0.09110833377077313
32,7,rank,8,1,0.5,0.03,2000,500,16.503935450273094,0.008251967725136547,0.004334932993514797
32,8,rank,7,1,0.5,0.03,2000,500,403.8529921521024,0.2019264960760512,0.17080118927133728
32,9,rank,6,1,0.5,0.03,2000,500,1044.094956049815,0.5220474780249075,0.47542499963467755
32,10,rank,5,0,0.5,0.03,2000,500,2000.000000000002,1.000000000000001,1.0
32,11,rank,5,0,0.5,0.03,2000,500,2000.000000000002,1.000000000000001,1.0
33,1,rank,13,0,0.5,0.03,2000,500,2000.000000000002,1.000000000000001,1.0
33,2,rank,13,2,0.5,0.03,2000,500,50.78727150302983,0.025393635751514914,0.02474915218011845
33,3,rank,11,2,0.5,0.03,2000,500,127.29337445925536,0.06364668722962769,0.06273728164606895
33,4,rank,9,1,0.5,0.03,2000,500,223.38204630097803,0.11169102315048901,0.10575000077758696
33,5,rank,8,1,0.5,0.03,2000,500,576.0230870388015,0.2880115435194007,0.2879953144549031
33,6,rank,7,1,0.5,0.03,2000,500,111.58711214761631,0.055793556073808155,0.04450117235248258
33,7,rank,6,1,0.5,0.03,2000,500,1026.1622537451924,0.5130811268725962,0.47318333410510377
33,8,rank,5,0,0.5,0.03,2000,500,2000.000000000002,1.000000000000001,1.0
33,9,rank,5,0,0.5,0.03,2000,500,2000.000000000002,1.000000000000001,1.0
34,1,rank,14,0,0.5,0.03,2000,500,2000.000000000002,1.000000000000001,1.0
34,2,rank,14,2,0.5,0.03,2000,500,114.19269856857368,0.057096349284286835,0.055166503319439314
34,3,rank,12,1,0.5,0.03,2000,500,645.2138608721074,0.3226069304360537,0.31699606455308915
34,4,rank,11,1,0.5,0.03,2000,500,44.25372351342678,0.022126861756713388,0.020419416975484283
34,5,rank,10,0,0.5,0.03,2000,500,2000.000000000002,1.000000000000001,1.0
34,6,rank,10,1,0.5,0.03,2000,500,580.7160244356998,0.29035801221784985,0.27612547779910435
34,7,rank,9,1,0.5,0.03,2000,500,404.91231255775165,0.20245615627887584,0.17749916009194852
34,8,rank,8,1,0.5,0.03,2000,500,596.0734319478902,0.2980367159739451,0.2735835207311041
34,9,rank,7,1,0.5,0.03,2000,500,976.55632919283,0.48827816459641504,0.4555333341338882
34,10,rank,6,1,0.5,0.03,2000,500,62.252249244894905,0.031126124622447453,0.023502074311305195
34,11,rank,5,0,0.5,0.03,2000,500,2000.000000000002,1.000000000000001,1.0
