season,mechanism,alpha,n_sims,n_finalists,top_judge_final,champion_mode,champion_mode_prob,champion_entropy,tpi_season_avg,fan_vs_uniform_contrast,robust_fail_rate,outlier_mult
1,percent,0.3,20,2,Kelly Monaco,Kelly Monaco,0.5,0.8556886672556694,0.6857222222222223,0.5,0.55,2.0
1,percent,0.3,20,2,Kelly Monaco,Kelly Monaco,0.5,0.8556886672556694,0.6857222222222223,0.5,0.55,5.0
1,percent,0.3,20,2,Kelly Monaco,Kelly Monaco,0.5,0.8556886672556694,0.6857222222222223,0.5,0.55,10.0
1,rank,0.3,20,2,Kelly Monaco,John O'Hurley,0.5,0.8556886672556694,0.6960000000000001,0.55,0.55,2.0
1,rank,0.3,20,2,Kelly Monaco,John O'Hurley,0.5,0.8556886672556694,0.6960000000000001,0.55,0.65,5.0
1,rank,0.3,20,2,Kelly Monaco,John O'Hurley,0.5,0.8556886672556694,0.6960000000000001,0.55,0.75,10.0
1,percent_judge_save,0.3,20,2,Kelly Monaco,Kelly Monaco,0.55,0.6881388137135884,0.6869444444444446,0.45,0.5,2.0
1,percent_judge_save,0.3,20,2,Kelly Monaco,Kelly Monaco,0.55,0.6881388137135884,0.6869444444444446,0.45,0.55,5.0
1,percent_judge_save,0.3,20,2,Kelly Monaco,Kelly Monaco,0.55,0.6881388137135884,0.6869444444444446,0.45,0.5,10.0
1,percent_sqrt,0.3,20,2,Kelly Monaco,Kelly Monaco,0.5,0.8556886672556694,0.6857222222222223,0.5,0.5,2.0
1,percent_sqrt,0.3,20,2,Kelly Monaco,Kelly Monaco,0.5,0.8556886672556694,0.6857222222222223,0.5,0.7,5.0
1,percent_sqrt,0.3,20,2,Kelly Monaco,Kelly Monaco,0.5,0.8556886672556694,0.6857222222222223,0.5,0.7,10.0
1,percent_log,0.3,20,2,Kelly Monaco,Kelly Monaco,0.55,0.8451132568429528,0.6754444444444445,0.45,0.5,2.0
1,percent_log,0.3,20,2,Kelly Monaco,Kelly Monaco,0.55,0.8451132568429528,0.6754444444444445,0.45,0.6,5.0
1,percent_log,0.3,20,2,Kelly Monaco,Kelly Monaco,0.55,0.8451132568429528,0.6754444444444445,0.45,0.6,10.0
1,dynamic_weight,0.3,20,2,Kelly Monaco,John O'Hurley,0.5,0.8556886672556694,0.6960000000000001,0.55,0.4,2.0
1,dynamic_weight,0.3,20,2,Kelly Monaco,John O'Hurley,0.5,0.8556886672556694,0.6960000000000001,0.55,0.5,5.0
1,dynamic_weight,0.3,20,2,Kelly Monaco,John O'Hurley,0.5,0.8556886672556694,0.6960000000000001,0.55,0.55,10.0
1,percent_cap,0.3,20,2,Kelly Monaco,Kelly Monaco,0.5,0.8556886672556694,0.6857222222222223,0.5,0.55,2.0
1,percent_cap,0.3,20,2,Kelly Monaco,Kelly Monaco,0.5,0.8556886672556694,0.6857222222222223,0.5,0.65,5.0
1,percent_cap,0.3,20,2,Kelly Monaco,Kelly Monaco,0.5,0.8556886672556694,0.6857222222222223,0.5,0.5,10.0
2,percent,0.3,20,3,Drew Lachey,Jerry Rice,0.35,1.2312356911067466,0.7347434807256236,0.65,0.9,2.0
2,percent,0.3,20,3,Drew Lachey,Jerry Rice,0.35,1.2312356911067466,0.7347434807256236,0.65,0.95,5.0
2,percent,0.3,20,3,Drew Lachey,Jerry Rice,0.35,1.2312356911067466,0.7347434807256236,0.65,0.85,10.0
2,rank,0.3,20,3,Drew Lachey,Drew Lachey,0.5,1.1421200429883351,0.8431363378684807,0.5,0.65,2.0
2,rank,0.3,20,3,Drew Lachey,Drew Lachey,0.5,1.1421200429883351,0.8431363378684807,0.5,0.65,5.0
2,rank,0.3,20,3,Drew Lachey,Drew Lachey,0.5,1.1421200429883351,0.8431363378684807,0.5,0.7,10.0
2,percent_judge_save,0.3,20,3,Drew Lachey,Drew Lachey,0.45,0.9489154358953991,0.8814880952380953,0.55,0.8,2.0
2,percent_judge_save,0.3,20,3,Drew Lachey,Drew Lachey,0.45,0.9489154358953991,0.8814880952380953,0.55,0.8,5.0
2,percent_judge_save,0.3,20,3,Drew Lachey,Drew Lachey,0.45,0.9489154358953991,0.8814880952380953,0.55,0.85,10.0
2,percent_sqrt,0.3,20,3,Drew Lachey,Drew Lachey,0.35,1.3350851650920204,0.7260955215419501,0.65,0.85,2.0
2,percent_sqrt,0.3,20,3,Drew Lachey,Drew Lachey,0.35,1.3350851650920204,0.7260955215419501,0.65,0.9,5.0
2,percent_sqrt,0.3,20,3,Drew Lachey,Drew Lachey,0.35,1.3350851650920204,0.7260955215419501,0.65,0.9,10.0
2,percent_log,0.3,20,3,Drew Lachey,Drew Lachey,0.65,0.8864644756797975,0.8444246031746033,0.35,0.9,2.0
2,percent_log,0.3,20,3,Drew Lachey,Drew Lachey,0.65,0.8864644756797975,0.8444246031746033,0.35,0.9,5.0
2,percent_log,0.3,20,3,Drew Lachey,Drew Lachey,0.65,0.8864644756797975,0.8444246031746033,0.35,0.95,10.0
2,dynamic_weight,0.3,20,3,Drew Lachey,Drew Lachey,0.4,1.0888999753452238,0.7793253968253968,0.6,0.8,2.0
2,dynamic_weight,0.3,20,3,Drew Lachey,Drew Lachey,0.4,1.0888999753452238,0.7793253968253968,0.6,0.85,5.0
2,dynamic_weight,0.3,20,3,Drew Lachey,Drew Lachey,0.4,1.0888999753452238,0.7793253968253968,0.6,0.75,10.0
2,percent_cap,0.3,20,3,Drew Lachey,Drew Lachey,0.4,1.2487805433564858,0.7211536281179138,0.6,0.85,2.0
2,percent_cap,0.3,20,3,Drew Lachey,Drew Lachey,0.4,1.2487805433564858,0.7211536281179138,0.6,0.95,5.0
2,percent_cap,0.3,20,3,Drew Lachey,Drew Lachey,0.4,1.2487805433564858,0.7211536281179138,0.6,0.9,10.0
3,percent,0.3,20,2,Emmitt Smith,Mario Lopez,0.5,0.9433483923290392,0.8290481000481,0.5,0.65,2.0
3,percent,0.3,20,2,Emmitt Smith,Mario Lopez,0.5,0.9433483923290392,0.8290481000481,0.5,0.45,5.0
3,percent,0.3,20,2,Emmitt Smith,Mario Lopez,0.5,0.9433483923290392,0.8290481000481,0.5,0.4,10.0
3,rank,0.3,20,2,Emmitt Smith,Emmitt Smith,0.55,0.926506603289533,0.8070751262626263,0.65,0.55,2.0
3,rank,0.3,20,2,Emmitt Smith,Emmitt Smith,0.55,0.926506603289533,0.8070751262626263,0.65,0.65,5.0
3,rank,0.3,20,2,Emmitt Smith,Emmitt Smith,0.55,0.926506603289533,0.8070751262626263,0.65,0.55,10.0
3,percent_judge_save,0.3,20,2,Emmitt Smith,Emmitt Smith,0.5,1.094056456831614,0.8110029611592111,0.65,0.65,2.0
3,percent_judge_save,0.3,20,2,Emmitt Smith,Emmitt Smith,0.5,1.094056456831614,0.8110029611592111,0.65,0.55,5.0
3,percent_judge_save,0.3,20,2,Emmitt Smith,Emmitt Smith,0.5,1.094056456831614,0.8110029611592111,0.65,0.5,10.0
3,percent_sqrt,0.3,20,2,Emmitt Smith,Mario Lopez,0.5,1.0126631103850336,0.823097598003848,0.5,0.65,2.0
3,percent_sqrt,0.3,20,2,Emmitt Smith,Mario Lopez,0.5,1.0126631103850336,0.823097598003848,0.5,0.45,5.0
3,percent_sqrt,0.3,20,2,Emmitt Smith,Mario Lopez,0.5,1.0126631103850336,0.823097598003848,0.5,0.4,10.0
3,percent_log,0.3,20,2,Emmitt Smith,Mario Lopez,0.5,0.8556886672556694,0.8310707671957672,0.5,0.6,2.0
3,percent_log,0.3,20,2,Emmitt Smith,Mario Lopez,0.5,0.8556886672556694,0.8310707671957672,0.5,0.35,5.0
3,percent_log,0.3,20,2,Emmitt Smith,Mario Lopez,0.5,0.8556886672556694,0.8310707671957672,0.5,0.3,10.0
3,dynamic_weight,0.3,20,2,Emmitt Smith,Mario Lopez,0.55,1.070047314690476,0.8244322540885042,0.45,0.55,2.0
3,dynamic_weight,0.3,20,2,Emmitt Smith,Mario Lopez,0.55,1.070047314690476,0.8244322540885042,0.45,0.45,5.0
3,dynamic_weight,0.3,20,2,Emmitt Smith,Mario Lopez,0.55,1.070047314690476,0.8244322540885042,0.45,0.35,10.0
3,percent_cap,0.3,20,2,Emmitt Smith,Mario Lopez,0.5,0.9433483923290392,0.8290481000481,0.5,0.6,2.0
3,percent_cap,0.3,20,2,Emmitt Smith,Mario Lopez,0.5,0.9433483923290392,0.8290481000481,0.5,0.5,5.0
3,percent_cap,0.3,20,2,Emmitt Smith,Mario Lopez,0.5,0.9433483923290392,0.8290481000481,0.5,0.4,10.0
4,percent,0.3,20,3,Apolo Anton Ohno,Apolo Anton Ohno,0.5,1.0397207708399179,0.832194264069264,0.5,0.6,2.0
4,percent,0.3,20,3,Apolo Anton Ohno,Apolo Anton Ohno,0.5,1.0397207708399179,0.832194264069264,0.5,0.8,5.0
4,percent,0.3,20,3,Apolo Anton Ohno,Apolo Anton Ohno,0.5,1.0397207708399179,0.832194264069264,0.5,0.75,10.0
4,rank,0.3,20,3,Apolo Anton Ohno,Apolo Anton Ohno,0.55,0.9972715231823841,0.8303627344877345,0.45,0.75,2.0
4,rank,0.3,20,3,Apolo Anton Ohno,Apolo Anton Ohno,0.55,0.9972715231823841,0.8303627344877345,0.45,0.65,5.0
4,rank,0.3,20,3,Apolo Anton Ohno,Apolo Anton Ohno,0.55,0.9972715231823841,0.8303627344877345,0.45,0.6,10.0
4,percent_judge_save,0.3,20,3,Apolo Anton Ohno,Laila Ali,0.4,1.080527626604172,0.8230465367965369,0.65,0.65,2.0
4,percent_judge_save,0.3,20,3,Apolo Anton Ohno,Laila Ali,0.4,1.080527626604172,0.8230465367965369,0.65,0.85,5.0
4,percent_judge_save,0.3,20,3,Apolo Anton Ohno,Laila Ali,0.4,1.080527626604172,0.8230465367965369,0.65,0.95,10.0
4,percent_sqrt,0.3,20,3,Apolo Anton Ohno,Apolo Anton Ohno,0.55,0.9972715231823841,0.8303627344877345,0.45,0.65,2.0
4,percent_sqrt,0.3,20,3,Apolo Anton Ohno,Apolo Anton Ohno,0.55,0.9972715231823841,0.8303627344877345,0.45,0.75,5.0
4,percent_sqrt,0.3,20,3,Apolo Anton Ohno,Apolo Anton Ohno,0.55,0.9972715231823841,0.8303627344877345,0.45,0.75,10.0
4,percent_log,0.3,20,3,Apolo Anton Ohno,Apolo Anton Ohno,0.45,1.202262257535642,0.8221991141574476,0.55,0.6,2.0
4,percent_log,0.3,20,3,Apolo Anton Ohno,Apolo Anton Ohno,0.45,1.202262257535642,0.8221991141574476,0.55,0.8,5.0
4,percent_log,0.3,20,3,Apolo Anton Ohno,Apolo Anton Ohno,0.45,1.202262257535642,0.8221991141574476,0.55,0.75,10.0
4,dynamic_weight,0.3,20,3,Apolo Anton Ohno,Joey Fatone,0.4,1.080527626604172,0.8376888528138527,0.65,0.65,2.0
4,dynamic_weight,0.3,20,3,Apolo Anton Ohno,Joey Fatone,0.4,1.080527626604172,0.8376888528138527,0.65,0.65,5.0
4,dynamic_weight,0.3,20,3,Apolo Anton Ohno,Joey Fatone,0.4,1.080527626604172,0.8376888528138527,0.65,0.9,10.0
4,percent_cap,0.3,20,3,Apolo Anton Ohno,Apolo Anton Ohno,0.5,1.0397207708399179,0.832194264069264,0.5,0.6,2.0
4,percent_cap,0.3,20,3,Apolo Anton Ohno,Apolo Anton Ohno,0.5,1.0397207708399179,0.832194264069264,0.5,0.8,5.0
4,percent_cap,0.3,20,3,Apolo Anton Ohno,Apolo Anton Ohno,0.5,1.0397207708399179,0.832194264069264,0.5,0.7,10.0
5,percent,0.3,20,3,Mel B,Mel B,0.4,1.2628643221541276,0.6871351511143178,0.6,0.7,2.0
5,percent,0.3,20,3,Mel B,Mel B,0.4,1.2628643221541276,0.6871351511143178,0.6,0.7,5.0
5,percent,0.3,20,3,Mel B,Mel B,0.4,1.2628643221541276,0.6871351511143178,0.6,0.85,10.0
5,rank,0.3,20,3,Mel B,Mel B,0.45,1.2580481453641945,0.7416846240179573,0.55,0.65,2.0
5,rank,0.3,20,3,Mel B,Mel B,0.45,1.2580481453641945,0.7416846240179573,0.55,0.8,5.0
5,rank,0.3,20,3,Mel B,Mel B,0.45,1.2580481453641945,0.7416846240179573,0.55,0.9,10.0
5,percent_judge_save,0.3,20,3,Mel B,Mel B,0.5,0.9433483923290391,0.8079105339105339,0.5,0.55,2.0
5,percent_judge_save,0.3,20,3,Mel B,Mel B,0.5,0.9433483923290391,0.8079105339105339,0.5,0.65,5.0
5,percent_judge_save,0.3,20,3,Mel B,Mel B,0.5,0.9433483923290391,0.8079105339105339,0.5,0.5,10.0
5,percent_sqrt,0.3,20,3,Mel B,Marie Osmond,0.45,1.327362863420189,0.6557336359628027,0.75,0.65,2.0
5,percent_sqrt,0.3,20,3,Mel B,Marie Osmond,0.45,1.327362863420189,0.6557336359628027,0.75,0.7,5.0
5,percent_sqrt,0.3,20,3,Mel B,Marie Osmond,0.45,1.327362863420189,0.6557336359628027,0.75,0.85,10.0
5,percent_log,0.3,20,3,Mel B,Marie Osmond,0.45,1.3046615296840591,0.6609592853134519,0.7,0.7,2.0
5,percent_log,0.3,20,3,Mel B,Marie Osmond,0.45,1.3046615296840591,0.6609592853134519,0.7,0.75,5.0
5,percent_log,0.3,20,3,Mel B,Marie Osmond,0.45,1.3046615296840591,0.6609592853134519,0.7,0.8,10.0
5,dynamic_weight,0.3,20,3,Mel B,Mel B,0.5,1.1648213767244648,0.7516734307359307,0.5,0.65,2.0
5,dynamic_weight,0.3,20,3,Mel B,Mel B,0.5,1.1648213767244648,0.7516734307359307,0.5,0.85,5.0
5,dynamic_weight,0.3,20,3,Mel B,Mel B,0.5,1.1648213767244648,0.7516734307359307,0.5,0.8,10.0
5,percent_cap,0.3,20,3,Mel B,Marie Osmond,0.5,1.2772884056482265,0.6400090688632355,0.75,0.75,2.0
5,percent_cap,0.3,20,3,Mel B,Marie Osmond,0.5,1.2772884056482265,0.6400090688632355,0.75,0.7,5.0
5,percent_cap,0.3,20,3,Mel B,Marie Osmond,0.5,1.2772884056482265,0.6400090688632355,0.75,0.85,10.0
6,percent,0.3,20,3,Kristi Yamaguchi,Jason Taylor,0.35,1.3747764025076896,0.7472658179012346,0.7,0.65,2.0
6,percent,0.3,20,3,Kristi Yamaguchi,Jason Taylor,0.35,1.3747764025076896,0.7472658179012346,0.7,0.75,5.0
6,percent,0.3,20,3,Kristi Yamaguchi,Jason Taylor,0.35,1.3747764025076896,0.7472658179012346,0.7,0.85,10.0
6,rank,0.3,20,3,Kristi Yamaguchi,Kristi Yamaguchi,0.65,0.9989315046035592,0.8454825837742505,0.35,0.65,2.0
6,rank,0.3,20,3,Kristi Yamaguchi,Kristi Yamaguchi,0.65,0.9989315046035592,0.8454825837742505,0.35,0.7,5.0
6,rank,0.3,20,3,Kristi Yamaguchi,Kristi Yamaguchi,0.65,0.9989315046035592,0.8454825837742505,0.35,0.7,10.0
6,percent_judge_save,0.3,20,3,Kristi Yamaguchi,Kristi Yamaguchi,0.4,1.2056282324887189,0.7725570436507936,0.6,0.5,2.0
6,percent_judge_save,0.3,20,3,Kristi Yamaguchi,Kristi Yamaguchi,0.4,1.2056282324887189,0.7725570436507936,0.6,0.65,5.0
6,percent_judge_save,0.3,20,3,Kristi Yamaguchi,Kristi Yamaguchi,0.4,1.2056282324887189,0.7725570436507936,0.6,0.7,10.0
6,percent_sqrt,0.3,20,3,Kristi Yamaguchi,Kristi Yamaguchi,0.4,1.2056282324887189,0.7918963293650794,0.6,0.7,2.0
6,percent_sqrt,0.3,20,3,Kristi Yamaguchi,Kristi Yamaguchi,0.4,1.2056282324887189,0.7918963293650794,0.6,0.9,5.0
6,percent_sqrt,0.3,20,3,Kristi Yamaguchi,Kristi Yamaguchi,0.4,1.2056282324887189,0.7918963293650794,0.6,0.9,10.0
6,percent_log,0.3,20,3,Kristi Yamaguchi,Kristi Yamaguchi,0.4,1.3180952614124803,0.7585039131393299,0.6,0.7,2.0
6,percent_log,0.3,20,3,Kristi Yamaguchi,Kristi Yamaguchi,0.4,1.3180952614124803,0.7585039131393299,0.6,0.85,5.0
6,percent_log,0.3,20,3,Kristi Yamaguchi,Kristi Yamaguchi,0.4,1.3180952614124803,0.7585039131393299,0.6,0.9,10.0
6,dynamic_weight,0.3,20,3,Kristi Yamaguchi,Cristian de la Fuente,0.45,1.161120818283116,0.7344111552028217,0.65,0.6,2.0
6,dynamic_weight,0.3,20,3,Kristi Yamaguchi,Cristian de la Fuente,0.45,1.161120818283116,0.7344111552028217,0.65,0.7,5.0
6,dynamic_weight,0.3,20,3,Kristi Yamaguchi,Cristian de la Fuente,0.45,1.161120818283116,0.7344111552028217,0.65,0.65,10.0
6,percent_cap,0.3,20,3,Kristi Yamaguchi,Jason Taylor,0.35,1.4305622903362423,0.7396591159611993,0.7,0.65,2.0
6,percent_cap,0.3,20,3,Kristi Yamaguchi,Jason Taylor,0.35,1.4305622903362423,0.7396591159611993,0.7,0.8,5.0
6,percent_cap,0.3,20,3,Kristi Yamaguchi,Jason Taylor,0.35,1.4305622903362423,0.7396591159611993,0.7,0.8,10.0
7,percent,0.3,20,3,Brooke Burke,Brooke Burke,0.4,1.080527626604172,0.8126824703074703,0.6,0.6,2.0
7,percent,0.3,20,3,Brooke Burke,Brooke Burke,0.4,1.080527626604172,0.8126824703074703,0.6,0.7,5.0
7,percent,0.3,20,3,Brooke Burke,Brooke Burke,0.4,1.080527626604172,0.8126824703074703,0.6,0.85,10.0
7,rank,0.3,20,3,Brooke Burke,Brooke Burke,0.45,1.0670938948757507,0.8271728410478412,0.55,0.5,2.0
7,rank,0.3,20,3,Brooke Burke,Brooke Burke,0.45,1.0670938948757507,0.8271728410478412,0.55,0.75,5.0
7,rank,0.3,20,3,Brooke Burke,Brooke Burke,0.45,1.0670938948757507,0.8271728410478412,0.55,0.65,10.0
7,percent_judge_save,0.3,20,3,Brooke Burke,Brooke Burke,0.5,1.0397207708399179,0.8386217254967254,0.5,0.8,2.0
7,percent_judge_save,0.3,20,3,Brooke Burke,Brooke Burke,0.5,1.0397207708399179,0.8386217254967254,0.5,0.8,5.0
7,percent_judge_save,0.3,20,3,Brooke Burke,Brooke Burke,0.5,1.0397207708399179,0.8386217254967254,0.5,0.9,10.0
7,percent_sqrt,0.3,20,3,Brooke Burke,Brooke Burke,0.35,1.0960673284468554,0.8027543290043291,0.65,0.75,2.0
7,percent_sqrt,0.3,20,3,Brooke Burke,Brooke Burke,0.35,1.0960673284468554,0.8027543290043291,0.65,0.75,5.0
7,percent_sqrt,0.3,20,3,Brooke Burke,Brooke Burke,0.35,1.0960673284468554,0.8027543290043291,0.65,0.8,10.0
7,percent_log,0.3,20,3,Brooke Burke,Brooke Burke,0.4,1.0888999753452238,0.8142032134532136,0.6,0.65,2.0
7,percent_log,0.3,20,3,Brooke Burke,Brooke Burke,0.4,1.0888999753452238,0.8142032134532136,0.6,0.7,5.0
7,percent_log,0.3,20,3,Brooke Burke,Brooke Burke,0.4,1.0888999753452238,0.8142032134532136,0.6,0.8,10.0
7,dynamic_weight,0.3,20,3,Brooke Burke,Brooke Burke,0.4,1.0549201679861442,0.8172446997446998,0.6,0.55,2.0
7,dynamic_weight,0.3,20,3,Brooke Burke,Brooke Burke,0.4,1.0549201679861442,0.8172446997446998,0.6,0.9,5.0
7,dynamic_weight,0.3,20,3,Brooke Burke,Brooke Burke,0.4,1.0549201679861442,0.8172446997446998,0.6,0.85,10.0
7,percent_cap,0.3,20,3,Brooke Burke,Brooke Burke,0.4,1.080527626604172,0.8126824703074703,0.6,0.65,2.0
7,percent_cap,0.3,20,3,Brooke Burke,Brooke Burke,0.4,1.080527626604172,0.8126824703074703,0.6,0.7,5.0
7,percent_cap,0.3,20,3,Brooke Burke,Brooke Burke,0.4,1.080527626604172,0.8126824703074703,0.6,0.85,10.0
8,percent,0.3,20,3,Shawn Johnson,Melissa Rycroft,0.4,1.0888999753452238,0.8191646232555323,0.7,0.65,2.0
8,percent,0.3,20,3,Shawn Johnson,Melissa Rycroft,0.4,1.0888999753452238,0.8191646232555323,0.7,0.75,5.0
8,percent,0.3,20,3,Shawn Johnson,Melissa Rycroft,0.4,1.0888999753452238,0.8191646232555323,0.7,0.8,10.0
8,rank,0.3,20,3,Shawn Johnson,Melissa Rycroft,0.65,0.8864644756797975,0.7908614239296057,0.8,0.9,2.0
8,rank,0.3,20,3,Shawn Johnson,Melissa Rycroft,0.65,0.8864644756797975,0.7908614239296057,0.8,0.85,5.0
8,rank,0.3,20,3,Shawn Johnson,Melissa Rycroft,0.65,0.8864644756797975,0.7908614239296057,0.8,0.85,10.0
8,percent_judge_save,0.3,20,3,Shawn Johnson,Gilles Marini,0.45,1.0670938948757507,0.8350274977547704,0.75,0.75,2.0
8,percent_judge_save,0.3,20,3,Shawn Johnson,Gilles Marini,0.45,1.0670938948757507,0.8350274977547704,0.75,0.9,5.0
8,percent_judge_save,0.3,20,3,Shawn Johnson,Gilles Marini,0.45,1.0670938948757507,0.8350274977547704,0.75,0.9,10.0
8,percent_sqrt,0.3,20,3,Shawn Johnson,Shawn Johnson,0.35,1.287021578935299,0.7752006755870392,0.65,0.45,2.0
8,percent_sqrt,0.3,20,3,Shawn Johnson,Shawn Johnson,0.35,1.287021578935299,0.7752006755870392,0.65,0.75,5.0
8,percent_sqrt,0.3,20,3,Shawn Johnson,Shawn Johnson,0.35,1.287021578935299,0.7752006755870392,0.65,0.75,10.0
8,percent_log,0.3,20,3,Shawn Johnson,Shawn Johnson,0.5,1.1421200429883351,0.7502458728140546,0.5,0.65,2.0
8,percent_log,0.3,20,3,Shawn Johnson,Shawn Johnson,0.5,1.1421200429883351,0.7502458728140546,0.5,0.65,5.0
8,percent_log,0.3,20,3,Shawn Johnson,Shawn Johnson,0.5,1.1421200429883351,0.7502458728140546,0.5,0.6,10.0
8,dynamic_weight,0.3,20,3,Shawn Johnson,Shawn Johnson,0.5,0.9985793315873921,0.8157420735829826,0.5,0.6,2.0
8,dynamic_weight,0.3,20,3,Shawn Johnson,Shawn Johnson,0.5,0.9985793315873921,0.8157420735829826,0.5,0.95,5.0
8,dynamic_weight,0.3,20,3,Shawn Johnson,Shawn Johnson,0.5,0.9985793315873921,0.8157420735829826,0.5,0.85,10.0
8,percent_cap,0.3,20,3,Shawn Johnson,Melissa Rycroft,0.4,1.0549201679861442,0.8141184068456795,0.6,0.6,2.0
8,percent_cap,0.3,20,3,Shawn Johnson,Melissa Rycroft,0.4,1.0549201679861442,0.8141184068456795,0.6,0.75,5.0
8,percent_cap,0.3,20,3,Shawn Johnson,Melissa Rycroft,0.4,1.0549201679861442,0.8141184068456795,0.6,0.85,10.0
9,percent,0.3,20,3,Donny Osmond,Mya,0.55,0.926506603289533,0.7845137917637918,0.45,0.75,2.0
9,percent,0.3,20,3,Donny Osmond,Mya,0.55,0.926506603289533,0.7845137917637918,0.45,0.6,5.0
9,percent,0.3,20,3,Donny Osmond,Mya,0.55,0.926506603289533,0.7845137917637918,0.45,0.6,10.0
9,rank,0.3,20,3,Donny Osmond,Donny Osmond,0.5,0.9985793315873921,0.7431534368409369,0.65,0.7,2.0
9,rank,0.3,20,3,Donny Osmond,Donny Osmond,0.5,0.9985793315873921,0.7431534368409369,0.65,0.7,5.0
9,rank,0.3,20,3,Donny Osmond,Donny Osmond,0.5,0.9985793315873921,0.7431534368409369,0.65,0.75,10.0
9,percent_judge_save,0.3,20,3,Donny Osmond,Mya,0.6,1.0888999753452238,0.8061322705072704,0.4,0.8,2.0
9,percent_judge_save,0.3,20,3,Donny Osmond,Mya,0.6,1.0888999753452238,0.8061322705072704,0.4,0.7,5.0
9,percent_judge_save,0.3,20,3,Donny Osmond,Mya,0.6,1.0888999753452238,0.8061322705072704,0.4,0.75,10.0
9,percent_sqrt,0.3,20,3,Donny Osmond,Donny Osmond,0.6,0.8237197315118312,0.7564485722610723,0.65,0.7,2.0
9,percent_sqrt,0.3,20,3,Donny Osmond,Donny Osmond,0.6,0.8237197315118312,0.7564485722610723,0.65,0.55,5.0
9,percent_sqrt,0.3,20,3,Donny Osmond,Donny Osmond,0.6,0.8237197315118312,0.7564485722610723,0.65,0.55,10.0
9,percent_log,0.3,20,3,Donny Osmond,Donny Osmond,0.5,1.2772884056482265,0.7198587793654758,0.75,0.8,2.0
9,percent_log,0.3,20,3,Donny Osmond,Donny Osmond,0.5,1.2772884056482265,0.7198587793654758,0.75,0.7,5.0
9,percent_log,0.3,20,3,Donny Osmond,Donny Osmond,0.5,1.2772884056482265,0.7198587793654758,0.75,0.65,10.0
9,dynamic_weight,0.3,20,3,Donny Osmond,Donny Osmond,0.55,0.997271523182384,0.7191494755244755,0.75,0.65,2.0
9,dynamic_weight,0.3,20,3,Donny Osmond,Donny Osmond,0.55,0.997271523182384,0.7191494755244755,0.75,0.65,5.0
9,dynamic_weight,0.3,20,3,Donny Osmond,Donny Osmond,0.55,0.997271523182384,0.7191494755244755,0.75,0.5,10.0
9,percent_cap,0.3,20,3,Donny Osmond,Mya,0.55,0.9745701894462542,0.777866224053724,0.45,0.75,2.0
9,percent_cap,0.3,20,3,Donny Osmond,Mya,0.55,0.9745701894462542,0.777866224053724,0.45,0.6,5.0
9,percent_cap,0.3,20,3,Donny Osmond,Mya,0.55,0.9745701894462542,0.777866224053724,0.45,0.6,10.0
10,percent,0.3,20,3,Nicole Scherzinger,Nicole Scherzinger,0.4,1.224068338005115,0.8354921987734489,0.6,0.7,2.0
10,percent,0.3,20,3,Nicole Scherzinger,Nicole Scherzinger,0.4,1.224068338005115,0.8354921987734489,0.6,0.75,5.0
10,percent,0.3,20,3,Nicole Scherzinger,Nicole Scherzinger,0.4,1.224068338005115,0.8354921987734489,0.6,0.75,10.0
10,rank,0.3,20,3,Nicole Scherzinger,Nicole Scherzinger,0.45,1.0486537893593546,0.8520272366522367,0.55,0.75,2.0
10,rank,0.3,20,3,Nicole Scherzinger,Nicole Scherzinger,0.45,1.0486537893593546,0.8520272366522367,0.55,0.75,5.0
10,rank,0.3,20,3,Nicole Scherzinger,Nicole Scherzinger,0.45,1.0486537893593546,0.8520272366522367,0.55,0.85,10.0
10,percent_judge_save,0.3,20,3,Nicole Scherzinger,Nicole Scherzinger,0.75,0.7305880613711224,0.9223284632034632,0.25,0.6,2.0
10,percent_judge_save,0.3,20,3,Nicole Scherzinger,Nicole Scherzinger,0.75,0.7305880613711224,0.9223284632034632,0.25,0.75,5.0
10,percent_judge_save,0.3,20,3,Nicole Scherzinger,Nicole Scherzinger,0.75,0.7305880613711224,0.9223284632034632,0.25,0.75,10.0
10,percent_sqrt,0.3,20,3,Nicole Scherzinger,Evan Lysacek,0.4,1.2056282324887189,0.8338949765512267,0.65,0.8,2.0
10,percent_sqrt,0.3,20,3,Nicole Scherzinger,Evan Lysacek,0.4,1.2056282324887189,0.8338949765512267,0.65,0.7,5.0
10,percent_sqrt,0.3,20,3,Nicole Scherzinger,Evan Lysacek,0.4,1.2056282324887189,0.8338949765512267,0.65,0.9,10.0
10,percent_log,0.3,20,3,Nicole Scherzinger,Erin Andrews,0.4,1.080527626604172,0.8152794011544012,0.75,0.65,2.0
10,percent_log,0.3,20,3,Nicole Scherzinger,Erin Andrews,0.4,1.080527626604172,0.8152794011544012,0.75,0.8,5.0
10,percent_log,0.3,20,3,Nicole Scherzinger,Erin Andrews,0.4,1.080527626604172,0.8152794011544012,0.75,0.85,10.0
10,dynamic_weight,0.3,20,3,Nicole Scherzinger,Nicole Scherzinger,0.55,1.122372129066931,0.8645710227272728,0.45,0.7,2.0
10,dynamic_weight,0.3,20,3,Nicole Scherzinger,Nicole Scherzinger,0.55,1.122372129066931,0.8645710227272728,0.45,0.8,5.0
10,dynamic_weight,0.3,20,3,Nicole Scherzinger,Nicole Scherzinger,0.55,1.122372129066931,0.8645710227272728,0.45,0.8,10.0
10,percent_cap,0.3,20,3,Nicole Scherzinger,Nicole Scherzinger,0.4,1.224068338005115,0.8354921987734489,0.6,0.75,2.0
10,percent_cap,0.3,20,3,Nicole Scherzinger,Nicole Scherzinger,0.4,1.224068338005115,0.8354921987734489,0.6,0.7,5.0
10,percent_cap,0.3,20,3,Nicole Scherzinger,Nicole Scherzinger,0.4,1.224068338005115,0.8354921987734489,0.6,0.8,10.0
11,percent,0.3,20,3,Jennifer Grey,Jennifer Grey,0.4,1.540123194378106,0.7013108651709841,0.6,0.6,2.0
11,percent,0.3,20,3,Jennifer Grey,Jennifer Grey,0.4,1.540123194378106,0.7013108651709841,0.6,0.8,5.0
11,percent,0.3,20,3,Jennifer Grey,Jennifer Grey,0.4,1.540123194378106,0.7013108651709841,0.6,0.85,10.0
11,rank,0.3,20,3,Jennifer Grey,Jennifer Grey,0.3,1.3535252706084164,0.6695220658970659,0.7,0.55,2.0
11,rank,0.3,20,3,Jennifer Grey,Jennifer Grey,0.3,1.3535252706084164,0.6695220658970659,0.7,0.8,5.0
11,rank,0.3,20,3,Jennifer Grey,Jennifer Grey,0.3,1.3535252706084164,0.6695220658970659,0.7,0.95,10.0
11,percent_judge_save,0.3,20,3,Jennifer Grey,Jennifer Grey,0.5,1.237597168232557,0.7608528739778739,0.5,0.65,2.0
11,percent_judge_save,0.3,20,3,Jennifer Grey,Jennifer Grey,0.5,1.237597168232557,0.7608528739778739,0.5,0.6,5.0
11,percent_judge_save,0.3,20,3,Jennifer Grey,Jennifer Grey,0.5,1.237597168232557,0.7608528739778739,0.5,0.55,10.0
11,percent_sqrt,0.3,20,3,Jennifer Grey,Jennifer Grey,0.45,1.370515174287956,0.7283578142536474,0.55,0.7,2.0
11,percent_sqrt,0.3,20,3,Jennifer Grey,Jennifer Grey,0.45,1.370515174287956,0.7283578142536474,0.55,0.8,5.0
11,percent_sqrt,0.3,20,3,Jennifer Grey,Jennifer Grey,0.45,1.370515174287956,0.7283578142536474,0.55,0.7,10.0
11,percent_log,0.3,20,3,Jennifer Grey,Jennifer Grey,0.35,1.425651015047288,0.7087702421035753,0.65,0.75,2.0
11,percent_log,0.3,20,3,Jennifer Grey,Jennifer Grey,0.35,1.425651015047288,0.7087702421035753,0.65,0.8,5.0
11,percent_log,0.3,20,3,Jennifer Grey,Jennifer Grey,0.35,1.425651015047288,0.7087702421035753,0.65,0.75,10.0
11,dynamic_weight,0.3,20,3,Jennifer Grey,Jennifer Grey,0.45,1.327362863420189,0.693043799674752,0.55,0.6,2.0
11,dynamic_weight,0.3,20,3,Jennifer Grey,Jennifer Grey,0.45,1.327362863420189,0.693043799674752,0.55,0.75,5.0
11,dynamic_weight,0.3,20,3,Jennifer Grey,Jennifer Grey,0.45,1.327362863420189,0.693043799674752,0.55,0.9,10.0
11,percent_cap,0.3,20,3,Jennifer Grey,Jennifer Grey,0.4,1.4150225884935588,0.682486421757255,0.6,0.55,2.0
11,percent_cap,0.3,20,3,Jennifer Grey,Jennifer Grey,0.4,1.4150225884935588,0.682486421757255,0.6,0.8,5.0
11,percent_cap,0.3,20,3,Jennifer Grey,Jennifer Grey,0.4,1.4150225884935588,0.682486421757255,0.6,0.75,10.0
12,percent,0.3,20,3,Chelsea Kane,Hines Ward,0.5,1.1648213767244648,0.7863488005050506,0.8,0.5,2.0
12,percent,0.3,20,3,Chelsea Kane,Hines Ward,0.5,1.1648213767244648,0.7863488005050506,0.8,0.45,5.0
12,percent,0.3,20,3,Chelsea Kane,Hines Ward,0.5,1.1648213767244648,0.7863488005050506,0.8,0.75,10.0
12,rank,0.3,20,3,Chelsea Kane,Hines Ward,0.45,1.0670938948757507,0.795064935064935,0.7,0.65,2.0
12,rank,0.3,20,3,Chelsea Kane,Hines Ward,0.45,1.0670938948757507,0.795064935064935,0.7,0.65,5.0
12,rank,0.3,20,3,Chelsea Kane,Hines Ward,0.45,1.0670938948757507,0.795064935064935,0.7,0.75,10.0
12,percent_judge_save,0.3,20,3,Chelsea Kane,Hines Ward,0.6,0.8979457248567798,0.8498820346320347,0.7,0.7,2.0
12,percent_judge_save,0.3,20,3,Chelsea Kane,Hines Ward,0.6,0.8979457248567798,0.8498820346320347,0.7,0.55,5.0
12,percent_judge_save,0.3,20,3,Chelsea Kane,Hines Ward,0.6,0.8979457248567798,0.8498820346320347,0.7,0.55,10.0
12,percent_sqrt,0.3,20,3,Chelsea Kane,Hines Ward,0.45,1.202262257535642,0.7845639880952382,0.75,0.6,2.0
12,percent_sqrt,0.3,20,3,Chelsea Kane,Hines Ward,0.45,1.202262257535642,0.7845639880952382,0.75,0.55,5.0
12,percent_sqrt,0.3,20,3,Chelsea Kane,Hines Ward,0.45,1.202262257535642,0.7845639880952382,0.75,0.65,10.0
12,percent_log,0.3,20,3,Chelsea Kane,Kirstie Alley,0.5,1.2206072645530173,0.6827012085137085,0.8,0.7,2.0
12,percent_log,0.3,20,3,Chelsea Kane,Kirstie Alley,0.5,1.2206072645530173,0.6827012085137085,0.8,0.65,5.0
12,percent_log,0.3,20,3,Chelsea Kane,Kirstie Alley,0.5,1.2206072645530173,0.6827012085137085,0.8,0.75,10.0
12,dynamic_weight,0.3,20,3,Chelsea Kane,Hines Ward,0.4,1.224068338005115,0.7827791756854257,0.7,0.6,2.0
12,dynamic_weight,0.3,20,3,Chelsea Kane,Hines Ward,0.4,1.224068338005115,0.7827791756854257,0.7,0.55,5.0
12,dynamic_weight,0.3,20,3,Chelsea Kane,Hines Ward,0.4,1.224068338005115,0.7827791756854257,0.7,0.75,10.0
12,percent_cap,0.3,20,3,Chelsea Kane,Hines Ward,0.5,1.1648213767244648,0.8028363546176047,0.75,0.5,2.0
12,percent_cap,0.3,20,3,Chelsea Kane,Hines Ward,0.5,1.1648213767244648,0.8028363546176047,0.75,0.45,5.0
12,percent_cap,0.3,20,3,Chelsea Kane,Hines Ward,0.5,1.1648213767244648,0.8028363546176047,0.75,0.75,10.0
13,percent,0.3,20,3,Rob Kardashian,Rob Kardashian,0.7,0.7460326647147848,0.7323017676767678,0.3,0.85,2.0
13,percent,0.3,20,3,Rob Kardashian,Rob Kardashian,0.7,0.7460326647147848,0.7323017676767678,0.3,0.9,5.0
13,percent,0.3,20,3,Rob Kardashian,Rob Kardashian,0.7,0.7460326647147848,0.7323017676767678,0.3,0.85,10.0
13,rank,0.3,20,3,Rob Kardashian,J.R. Martinez,0.45,1.0486537893593546,0.7854608585858587,0.65,0.9,2.0
13,rank,0.3,20,3,Rob Kardashian,J.R. Martinez,0.45,1.0486537893593546,0.7854608585858587,0.65,0.85,5.0
13,rank,0.3,20,3,Rob Kardashian,J.R. Martinez,0.45,1.0486537893593546,0.7854608585858587,0.65,0.95,10.0
13,percent_judge_save,0.3,20,3,Rob Kardashian,Ricki Lake,0.5,1.0296530140645737,0.797468253968254,0.7,0.75,2.0
13,percent_judge_save,0.3,20,3,Rob Kardashian,Ricki Lake,0.5,1.0296530140645737,0.797468253968254,0.7,0.95,5.0
13,percent_judge_save,0.3,20,3,Rob Kardashian,Ricki Lake,0.5,1.0296530140645737,0.797468253968254,0.7,0.95,10.0
13,percent_sqrt,0.3,20,3,Rob Kardashian,Rob Kardashian,0.5,1.0126631103850336,0.7431772637085138,0.5,0.85,2.0
13,percent_sqrt,0.3,20,3,Rob Kardashian,Rob Kardashian,0.5,1.0126631103850336,0.7431772637085138,0.5,0.85,5.0
13,percent_sqrt,0.3,20,3,Rob Kardashian,Rob Kardashian,0.5,1.0126631103850336,0.7431772637085138,0.5,0.8,10.0
13,percent_log,0.3,20,3,Rob Kardashian,Rob Kardashian,0.4,1.3195454632493369,0.7122816107503608,0.6,0.85,2.0
13,percent_log,0.3,20,3,Rob Kardashian,Rob Kardashian,0.4,1.3195454632493369,0.7122816107503608,0.6,0.85,5.0
13,percent_log,0.3,20,3,Rob Kardashian,Rob Kardashian,0.4,1.3195454632493369,0.7122816107503608,0.6,0.8,10.0
13,dynamic_weight,0.3,20,3,Rob Kardashian,Rob Kardashian,0.5,1.0397207708399179,0.763088924963925,0.5,0.8,2.0
13,dynamic_weight,0.3,20,3,Rob Kardashian,Rob Kardashian,0.5,1.0397207708399179,0.763088924963925,0.5,0.85,5.0
13,dynamic_weight,0.3,20,3,Rob Kardashian,Rob Kardashian,0.5,1.0397207708399179,0.763088924963925,0.5,0.9,10.0
13,percent_cap,0.3,20,3,Rob Kardashian,Rob Kardashian,0.6,0.9672604429127742,0.7263468163780665,0.4,0.85,2.0
13,percent_cap,0.3,20,3,Rob Kardashian,Rob Kardashian,0.6,0.9672604429127742,0.7263468163780665,0.4,0.85,5.0
13,percent_cap,0.3,20,3,Rob Kardashian,Rob Kardashian,0.6,0.9672604429127742,0.7263468163780665,0.4,0.85,10.0
14,percent,0.3,20,3,Katherine Jenkins,Donald Driver,0.5,0.9985793315873921,0.753984126984127,0.65,0.75,2.0
14,percent,0.3,20,3,Katherine Jenkins,Donald Driver,0.5,0.9985793315873921,0.753984126984127,0.65,0.65,5.0
14,percent,0.3,20,3,Katherine Jenkins,Donald Driver,0.5,0.9985793315873921,0.753984126984127,0.65,0.65,10.0
14,rank,0.3,20,3,Katherine Jenkins,William Levy,0.4,1.224068338005115,0.7773649390732724,0.7,0.85,2.0
14,rank,0.3,20,3,Katherine Jenkins,William Levy,0.4,1.224068338005115,0.7773649390732724,0.7,0.8,5.0
14,rank,0.3,20,3,Katherine Jenkins,William Levy,0.4,1.224068338005115,0.7773649390732724,0.7,0.75,10.0
14,percent_judge_save,0.3,20,3,Katherine Jenkins,Donald Driver,0.4,1.296844129513207,0.7515765993265993,0.7,0.75,2.0
14,percent_judge_save,0.3,20,3,Katherine Jenkins,Donald Driver,0.4,1.296844129513207,0.7515765993265993,0.7,0.6,5.0
14,percent_judge_save,0.3,20,3,Katherine Jenkins,Donald Driver,0.4,1.296844129513207,0.7515765993265993,0.7,0.7,10.0
14,percent_sqrt,0.3,20,3,Katherine Jenkins,Donald Driver,0.5,0.9433483923290391,0.7565696248196249,0.6,0.65,2.0
14,percent_sqrt,0.3,20,3,Katherine Jenkins,Donald Driver,0.5,0.9433483923290391,0.7565696248196249,0.6,0.65,5.0
14,percent_sqrt,0.3,20,3,Katherine Jenkins,Donald Driver,0.5,0.9433483923290391,0.7565696248196249,0.6,0.65,10.0
14,percent_log,0.3,20,3,Katherine Jenkins,Donald Driver,0.45,1.1872832254713435,0.7521099286515953,0.65,0.65,2.0
14,percent_log,0.3,20,3,Katherine Jenkins,Donald Driver,0.45,1.1872832254713435,0.7521099286515953,0.65,0.65,5.0
14,percent_log,0.3,20,3,Katherine Jenkins,Donald Driver,0.45,1.1872832254713435,0.7521099286515953,0.65,0.85,10.0
14,dynamic_weight,0.3,20,3,Katherine Jenkins,Donald Driver,0.5,1.1421200429883351,0.7474722623055957,0.7,0.85,2.0
14,dynamic_weight,0.3,20,3,Katherine Jenkins,Donald Driver,0.5,1.1421200429883351,0.7474722623055957,0.7,0.7,5.0
14,dynamic_weight,0.3,20,3,Katherine Jenkins,Donald Driver,0.5,1.1421200429883351,0.7474722623055957,0.7,0.7,10.0
14,percent_cap,0.3,20,3,Katherine Jenkins,Donald Driver,0.5,0.9985793315873921,0.753984126984127,0.65,0.8,2.0
14,percent_cap,0.3,20,3,Katherine Jenkins,Donald Driver,0.5,0.9985793315873921,0.753984126984127,0.65,0.65,5.0
14,percent_cap,0.3,20,3,Katherine Jenkins,Donald Driver,0.5,0.9985793315873921,0.753984126984127,0.65,0.6,10.0
15,percent,0.3,20,3,Melissa Rycroft,Shawn Johnson,0.35,1.5260394155804642,0.6662028897028895,0.8,0.8,2.0
15,percent,0.3,20,3,Melissa Rycroft,Shawn Johnson,0.35,1.5260394155804642,0.6662028897028895,0.8,0.85,5.0
15,percent,0.3,20,3,Melissa Rycroft,Shawn Johnson,0.35,1.5260394155804642,0.6662028897028895,0.8,0.85,10.0
15,rank,0.3,20,3,Melissa Rycroft,Melissa Rycroft,0.5,1.0126631103850339,0.768086639055389,0.5,0.5,2.0
15,rank,0.3,20,3,Melissa Rycroft,Melissa Rycroft,0.5,1.0126631103850339,0.768086639055389,0.5,0.85,5.0
15,rank,0.3,20,3,Melissa Rycroft,Melissa Rycroft,0.5,1.0126631103850339,0.768086639055389,0.5,0.8,10.0
15,percent_judge_save,0.3,20,3,Melissa Rycroft,Shawn Johnson,0.6,1.0888999753452235,0.7063081208914541,0.8,0.7,2.0
15,percent_judge_save,0.3,20,3,Melissa Rycroft,Shawn Johnson,0.6,1.0888999753452235,0.7063081208914541,0.8,0.85,5.0
15,percent_judge_save,0.3,20,3,Melissa Rycroft,Shawn Johnson,0.6,1.0888999753452235,0.7063081208914541,0.8,0.85,10.0
15,percent_sqrt,0.3,20,3,Melissa Rycroft,Shawn Johnson,0.3,1.501327210229093,0.6591793684710351,0.75,0.75,2.0
15,percent_sqrt,0.3,20,3,Melissa Rycroft,Shawn Johnson,0.3,1.501327210229093,0.6591793684710351,0.75,0.8,5.0
15,percent_sqrt,0.3,20,3,Melissa Rycroft,Shawn Johnson,0.3,1.501327210229093,0.6591793684710351,0.75,0.8,10.0
15,percent_log,0.3,20,3,Melissa Rycroft,Shawn Johnson,0.35,1.35778649882815,0.6617324172740838,0.75,0.75,2.0
15,percent_log,0.3,20,3,Melissa Rycroft,Shawn Johnson,0.35,1.35778649882815,0.6617324172740838,0.75,0.85,5.0
15,percent_log,0.3,20,3,Melissa Rycroft,Shawn Johnson,0.35,1.35778649882815,0.6617324172740838,0.75,0.8,10.0
15,dynamic_weight,0.3,20,3,Melissa Rycroft,Shawn Johnson,0.5,1.207973687592232,0.691546472046472,0.85,0.85,2.0
15,dynamic_weight,0.3,20,3,Melissa Rycroft,Shawn Johnson,0.5,1.207973687592232,0.691546472046472,0.85,0.85,5.0
15,dynamic_weight,0.3,20,3,Melissa Rycroft,Shawn Johnson,0.5,1.207973687592232,0.691546472046472,0.85,0.8,10.0
15,percent_cap,0.3,20,3,Melissa Rycroft,Kelly Monaco,0.25,1.5671808548329902,0.6457800686967352,0.75,0.8,2.0
15,percent_cap,0.3,20,3,Melissa Rycroft,Kelly Monaco,0.25,1.5671808548329902,0.6457800686967352,0.75,0.85,5.0
15,percent_cap,0.3,20,3,Melissa Rycroft,Kelly Monaco,0.25,1.5671808548329902,0.6457800686967352,0.75,0.8,10.0
16,percent,0.3,20,4,Kellie Pickler,Zendaya,0.35,1.3451529218673648,0.8144231601731601,0.75,0.7,2.0
16,percent,0.3,20,4,Kellie Pickler,Zendaya,0.35,1.3451529218673648,0.8144231601731601,0.75,0.85,5.0
16,percent,0.3,20,4,Kellie Pickler,Zendaya,0.35,1.3451529218673648,0.8144231601731601,0.75,0.85,10.0
16,rank,0.3,20,4,Kellie Pickler,Zendaya,0.6,0.8237197315118312,0.8738540764790766,0.65,0.5,2.0
16,rank,0.3,20,4,Kellie Pickler,Zendaya,0.6,0.8237197315118312,0.8738540764790766,0.65,0.6,5.0
16,rank,0.3,20,4,Kellie Pickler,Zendaya,0.6,0.8237197315118312,0.8738540764790766,0.65,0.6,10.0
16,percent_judge_save,0.3,20,4,Kellie Pickler,Kellie Pickler,0.45,1.1921945007602976,0.8235041486291486,0.55,0.75,2.0
16,percent_judge_save,0.3,20,4,Kellie Pickler,Kellie Pickler,0.45,1.1921945007602976,0.8235041486291486,0.55,0.85,5.0
16,percent_judge_save,0.3,20,4,Kellie Pickler,Kellie Pickler,0.45,1.1921945007602976,0.8235041486291486,0.55,0.9,10.0
16,percent_sqrt,0.3,20,4,Kellie Pickler,Zendaya,0.4,1.224068338005115,0.8179595959595959,0.7,0.65,2.0
16,percent_sqrt,0.3,20,4,Kellie Pickler,Zendaya,0.4,1.224068338005115,0.8179595959595959,0.7,0.8,5.0
16,percent_sqrt,0.3,20,4,Kellie Pickler,Zendaya,0.4,1.224068338005115,0.8179595959595959,0.7,0.95,10.0
16,percent_log,0.3,20,4,Kellie Pickler,Zendaya,0.4,1.1673871969099057,0.8370977633477634,0.6,0.65,2.0
16,percent_log,0.3,20,4,Kellie Pickler,Zendaya,0.4,1.1673871969099057,0.8370977633477634,0.6,0.65,5.0
16,percent_log,0.3,20,4,Kellie Pickler,Zendaya,0.4,1.1673871969099057,0.8370977633477634,0.6,0.75,10.0
16,dynamic_weight,0.3,20,4,Kellie Pickler,Jacoby Jones,0.4,1.0888999753452238,0.785989898989899,0.7,0.65,2.0
16,dynamic_weight,0.3,20,4,Kellie Pickler,Jacoby Jones,0.4,1.0888999753452238,0.785989898989899,0.7,0.8,5.0
16,dynamic_weight,0.3,20,4,Kellie Pickler,Jacoby Jones,0.4,1.0888999753452238,0.785989898989899,0.7,0.85,10.0
16,percent_cap,0.3,20,4,Kellie Pickler,Jacoby Jones,0.35,1.2312356911067468,0.796809163059163,0.75,0.7,2.0
16,percent_cap,0.3,20,4,Kellie Pickler,Jacoby Jones,0.35,1.2312356911067468,0.796809163059163,0.75,0.9,5.0
16,percent_cap,0.3,20,4,Kellie Pickler,Jacoby Jones,0.35,1.2312356911067468,0.796809163059163,0.75,0.9,10.0
17,percent,0.3,20,4,Amber Riley,Corbin Bleu,0.4,1.1673871969099057,0.7420447986357077,0.85,0.8,2.0
17,percent,0.3,20,4,Amber Riley,Corbin Bleu,0.4,1.1673871969099057,0.7420447986357077,0.85,0.9,5.0
17,percent,0.3,20,4,Amber Riley,Corbin Bleu,0.4,1.1673871969099057,0.7420447986357077,0.85,0.9,10.0
17,rank,0.3,20,4,Amber Riley,Jack Osbourne,0.45,1.161120818283116,0.7296194083694084,0.85,0.85,2.0
17,rank,0.3,20,4,Amber Riley,Jack Osbourne,0.45,1.161120818283116,0.7296194083694084,0.85,0.95,5.0
17,rank,0.3,20,4,Amber Riley,Jack Osbourne,0.45,1.161120818283116,0.7296194083694084,0.85,0.95,10.0
17,percent_judge_save,0.3,20,4,Amber Riley,Corbin Bleu,0.6,0.9376369622724492,0.827264528400892,0.75,0.85,2.0
17,percent_judge_save,0.3,20,4,Amber Riley,Corbin Bleu,0.6,0.9376369622724492,0.827264528400892,0.75,0.9,5.0
17,percent_judge_save,0.3,20,4,Amber Riley,Corbin Bleu,0.6,0.9376369622724492,0.827264528400892,0.75,0.8,10.0
17,percent_sqrt,0.3,20,4,Amber Riley,Corbin Bleu,0.45,1.161120818283116,0.7544701889020071,0.85,0.85,2.0
17,percent_sqrt,0.3,20,4,Amber Riley,Corbin Bleu,0.45,1.161120818283116,0.7544701889020071,0.85,0.85,5.0
17,percent_sqrt,0.3,20,4,Amber Riley,Corbin Bleu,0.45,1.161120818283116,0.7544701889020071,0.85,0.85,10.0
17,percent_log,0.3,20,4,Amber Riley,Corbin Bleu,0.5,1.207973687592232,0.7474714679260134,0.85,0.85,2.0
17,percent_log,0.3,20,4,Amber Riley,Corbin Bleu,0.5,1.207973687592232,0.7474714679260134,0.85,0.8,5.0
17,percent_log,0.3,20,4,Amber Riley,Corbin Bleu,0.5,1.207973687592232,0.7474714679260134,0.85,0.85,10.0
17,dynamic_weight,0.3,20,4,Amber Riley,Corbin Bleu,0.45,1.202262257535642,0.770564246359701,0.75,0.85,2.0
17,dynamic_weight,0.3,20,4,Amber Riley,Corbin Bleu,0.45,1.202262257535642,0.770564246359701,0.75,0.9,5.0
17,dynamic_weight,0.3,20,4,Amber Riley,Corbin Bleu,0.45,1.202262257535642,0.770564246359701,0.75,0.95,10.0
17,percent_cap,0.3,20,4,Amber Riley,Corbin Bleu,0.45,1.1058898790247633,0.7464231601731602,0.9,0.8,2.0
17,percent_cap,0.3,20,4,Amber Riley,Corbin Bleu,0.45,1.1058898790247633,0.7464231601731602,0.9,0.9,5.0
17,percent_cap,0.3,20,4,Amber Riley,Corbin Bleu,0.45,1.1058898790247633,0.7464231601731602,0.9,0.9,10.0
18,percent,0.3,20,4,Meryl Davis,Candace Cameron Bure,0.4,1.319545463249337,0.650449494949495,0.75,0.85,2.0
18,percent,0.3,20,4,Meryl Davis,Candace Cameron Bure,0.4,1.319545463249337,0.650449494949495,0.75,0.9,5.0
18,percent,0.3,20,4,Meryl Davis,Candace Cameron Bure,0.4,1.319545463249337,0.650449494949495,0.75,0.95,10.0
18,rank,0.3,20,4,Meryl Davis,Meryl Davis,0.8,0.6128694524619496,0.8053777056277058,0.2,0.75,2.0
18,rank,0.3,20,4,Meryl Davis,Meryl Davis,0.8,0.6128694524619496,0.8053777056277058,0.2,0.6,5.0
18,rank,0.3,20,4,Meryl Davis,Meryl Davis,0.8,0.6128694524619496,0.8053777056277058,0.2,0.65,10.0
18,percent_judge_save,0.3,20,4,Meryl Davis,Amy Purdy,0.6,0.8979457248567797,0.8045310245310245,0.7,0.65,2.0
18,percent_judge_save,0.3,20,4,Meryl Davis,Amy Purdy,0.6,0.8979457248567797,0.8045310245310245,0.7,0.75,5.0
18,percent_judge_save,0.3,20,4,Meryl Davis,Amy Purdy,0.6,0.8979457248567797,0.8045310245310245,0.7,0.7,10.0
18,percent_sqrt,0.3,20,4,Meryl Davis,Candace Cameron Bure,0.4,1.248780543356486,0.6564664502164502,0.65,0.85,2.0
18,percent_sqrt,0.3,20,4,Meryl Davis,Candace Cameron Bure,0.4,1.248780543356486,0.6564664502164502,0.65,0.9,5.0
18,percent_sqrt,0.3,20,4,Meryl Davis,Candace Cameron Bure,0.4,1.248780543356486,0.6564664502164502,0.65,0.9,10.0
18,percent_log,0.3,20,4,Meryl Davis,Candace Cameron Bure,0.4,1.2968441295132072,0.6534579725829726,0.7,0.85,2.0
18,percent_log,0.3,20,4,Meryl Davis,Candace Cameron Bure,0.4,1.2968441295132072,0.6534579725829726,0.7,1.0,5.0
18,percent_log,0.3,20,4,Meryl Davis,Candace Cameron Bure,0.4,1.2968441295132072,0.6534579725829726,0.7,0.95,10.0
18,dynamic_weight,0.3,20,4,Meryl Davis,Meryl Davis,0.45,1.1921945007602976,0.720959595959596,0.55,0.75,2.0
18,dynamic_weight,0.3,20,4,Meryl Davis,Meryl Davis,0.45,1.1921945007602976,0.720959595959596,0.55,0.75,5.0
18,dynamic_weight,0.3,20,4,Meryl Davis,Meryl Davis,0.45,1.1921945007602976,0.720959595959596,0.55,0.85,10.0
18,percent_cap,0.3,20,4,Meryl Davis,Candace Cameron Bure,0.45,1.2580481453641945,0.6212113997113997,0.75,0.85,2.0
18,percent_cap,0.3,20,4,Meryl Davis,Candace Cameron Bure,0.45,1.2580481453641945,0.6212113997113997,0.75,0.9,5.0
18,percent_cap,0.3,20,4,Meryl Davis,Candace Cameron Bure,0.45,1.2580481453641945,0.6212113997113997,0.75,0.85,10.0
19,percent,0.3,20,4,Alfonso Ribeiro,Alfonso Ribeiro,0.45,1.2876716260045196,0.7979233140596776,0.55,0.8,2.0
19,percent,0.3,20,4,Alfonso Ribeiro,Alfonso Ribeiro,0.45,1.2876716260045196,0.7979233140596776,0.55,0.8,5.0
19,percent,0.3,20,4,Alfonso Ribeiro,Alfonso Ribeiro,0.45,1.2876716260045196,0.7979233140596776,0.55,0.8,10.0
19,rank,0.3,20,4,Alfonso Ribeiro,Alfonso Ribeiro,0.4,1.080527626604172,0.7862150097377371,0.6,0.7,2.0
19,rank,0.3,20,4,Alfonso Ribeiro,Alfonso Ribeiro,0.4,1.080527626604172,0.7862150097377371,0.6,0.7,5.0
19,rank,0.3,20,4,Alfonso Ribeiro,Alfonso Ribeiro,0.4,1.080527626604172,0.7862150097377371,0.6,0.7,10.0
19,percent_judge_save,0.3,20,4,Alfonso Ribeiro,Alfonso Ribeiro,0.45,1.0670938948757507,0.7996437400982856,0.55,0.7,2.0
19,percent_judge_save,0.3,20,4,Alfonso Ribeiro,Alfonso Ribeiro,0.45,1.0670938948757507,0.7996437400982856,0.55,0.85,5.0
19,percent_judge_save,0.3,20,4,Alfonso Ribeiro,Alfonso Ribeiro,0.45,1.0670938948757507,0.7996437400982856,0.55,0.8,10.0
19,percent_sqrt,0.3,20,4,Alfonso Ribeiro,Alfonso Ribeiro,0.55,1.165524439934698,0.8157149668513306,0.45,0.8,2.0
19,percent_sqrt,0.3,20,4,Alfonso Ribeiro,Alfonso Ribeiro,0.55,1.165524439934698,0.8157149668513306,0.45,0.75,5.0
19,percent_sqrt,0.3,20,4,Alfonso Ribeiro,Alfonso Ribeiro,0.55,1.165524439934698,0.8157149668513306,0.45,0.7,10.0
19,percent_log,0.3,20,4,Alfonso Ribeiro,Alfonso Ribeiro,0.4,1.4150225884935588,0.7570731052407189,0.6,0.8,2.0
19,percent_log,0.3,20,4,Alfonso Ribeiro,Alfonso Ribeiro,0.4,1.4150225884935588,0.7570731052407189,0.6,0.75,5.0
19,percent_log,0.3,20,4,Alfonso Ribeiro,Alfonso Ribeiro,0.4,1.4150225884935588,0.7570731052407189,0.6,0.85,10.0
19,dynamic_weight,0.3,20,4,Alfonso Ribeiro,Alfonso Ribeiro,0.35,1.2870215789352992,0.7912819125319126,0.65,0.85,2.0
19,dynamic_weight,0.3,20,4,Alfonso Ribeiro,Alfonso Ribeiro,0.35,1.2870215789352992,0.7912819125319126,0.65,0.85,5.0
19,dynamic_weight,0.3,20,4,Alfonso Ribeiro,Alfonso Ribeiro,0.35,1.2870215789352992,0.7912819125319126,0.65,0.85,10.0
19,percent_cap,0.3,20,4,Alfonso Ribeiro,Alfonso Ribeiro,0.5,1.237597168232557,0.8068191404555041,0.5,0.75,2.0
19,percent_cap,0.3,20,4,Alfonso Ribeiro,Alfonso Ribeiro,0.5,1.237597168232557,0.8068191404555041,0.5,0.75,5.0
19,percent_cap,0.3,20,4,Alfonso Ribeiro,Alfonso Ribeiro,0.5,1.237597168232557,0.8068191404555041,0.5,0.75,10.0
20,percent,0.3,20,3,Riker Lynch,Riker Lynch,0.4,1.224068338005115,0.7177179383116881,0.75,0.75,2.0
20,percent,0.3,20,3,Riker Lynch,Riker Lynch,0.4,1.224068338005115,0.7177179383116881,0.75,0.75,5.0
20,percent,0.3,20,3,Riker Lynch,Riker Lynch,0.4,1.224068338005115,0.7177179383116881,0.75,0.75,10.0
20,rank,0.3,20,3,Riker Lynch,Rumer Willis,0.5,0.8556886672556694,0.8318508297258296,0.5,0.75,2.0
20,rank,0.3,20,3,Riker Lynch,Rumer Willis,0.5,0.8556886672556694,0.8318508297258296,0.5,0.75,5.0
20,rank,0.3,20,3,Riker Lynch,Rumer Willis,0.5,0.8556886672556694,0.8318508297258296,0.5,0.6,10.0
20,percent_judge_save,0.3,20,3,Riker Lynch,Riker Lynch,0.4,1.2056282324887189,0.845666506333173,0.65,0.6,2.0
20,percent_judge_save,0.3,20,3,Riker Lynch,Riker Lynch,0.4,1.2056282324887189,0.845666506333173,0.65,0.4,5.0
20,percent_judge_save,0.3,20,3,Riker Lynch,Riker Lynch,0.4,1.2056282324887189,0.845666506333173,0.65,0.45,10.0
20,percent_sqrt,0.3,20,3,Riker Lynch,Riker Lynch,0.45,1.161120818283116,0.7026127795815293,0.85,0.9,2.0
20,percent_sqrt,0.3,20,3,Riker Lynch,Riker Lynch,0.45,1.161120818283116,0.7026127795815293,0.85,0.85,5.0
20,percent_sqrt,0.3,20,3,Riker Lynch,Riker Lynch,0.45,1.161120818283116,0.7026127795815293,0.85,0.8,10.0
20,percent_log,0.3,20,3,Riker Lynch,Noah Galloway,0.4,1.1673871969099057,0.6815505501442999,0.85,0.9,2.0
20,percent_log,0.3,20,3,Riker Lynch,Noah Galloway,0.4,1.1673871969099057,0.6815505501442999,0.85,0.9,5.0
20,percent_log,0.3,20,3,Riker Lynch,Noah Galloway,0.4,1.1673871969099057,0.6815505501442999,0.85,0.85,10.0
20,dynamic_weight,0.3,20,3,Riker Lynch,Rumer Willis,0.4,1.080527626604172,0.7114345238095237,0.6,0.7,2.0
20,dynamic_weight,0.3,20,3,Riker Lynch,Rumer Willis,0.4,1.080527626604172,0.7114345238095237,0.6,0.65,5.0
20,dynamic_weight,0.3,20,3,Riker Lynch,Rumer Willis,0.4,1.080527626604172,0.7114345238095237,0.6,0.6,10.0
20,percent_cap,0.3,20,3,Riker Lynch,Riker Lynch,0.4,1.224068338005115,0.7177179383116881,0.75,0.9,2.0
20,percent_cap,0.3,20,3,Riker Lynch,Riker Lynch,0.4,1.224068338005115,0.7177179383116881,0.75,0.85,5.0
20,percent_cap,0.3,20,3,Riker Lynch,Riker Lynch,0.4,1.224068338005115,0.7177179383116881,0.75,0.85,10.0
21,percent,0.3,20,4,Bindi Irwin,Bindi Irwin,0.5,1.207973687592232,0.7846259296259296,0.5,0.9,2.0
21,percent,0.3,20,4,Bindi Irwin,Bindi Irwin,0.5,1.207973687592232,0.7846259296259296,0.5,0.8,5.0
21,percent,0.3,20,4,Bindi Irwin,Bindi Irwin,0.5,1.207973687592232,0.7846259296259296,0.5,0.8,10.0
21,rank,0.3,20,4,Bindi Irwin,Bindi Irwin,0.6,1.158214693401218,0.811848383098383,0.4,0.5,2.0
21,rank,0.3,20,4,Bindi Irwin,Bindi Irwin,0.6,1.158214693401218,0.811848383098383,0.4,0.5,5.0
21,rank,0.3,20,4,Bindi Irwin,Bindi Irwin,0.6,1.158214693401218,0.811848383098383,0.4,0.55,10.0
21,percent_judge_save,0.3,20,4,Bindi Irwin,Bindi Irwin,0.4,1.4150225884935588,0.7823362285862286,0.6,0.75,2.0
21,percent_judge_save,0.3,20,4,Bindi Irwin,Bindi Irwin,0.4,1.4150225884935588,0.7823362285862286,0.6,0.8,5.0
21,percent_judge_save,0.3,20,4,Bindi Irwin,Bindi Irwin,0.4,1.4150225884935588,0.7823362285862286,0.6,0.6,10.0
21,percent_sqrt,0.3,20,4,Bindi Irwin,Bindi Irwin,0.45,1.1872832254713435,0.7911206848706849,0.55,0.8,2.0
21,percent_sqrt,0.3,20,4,Bindi Irwin,Bindi Irwin,0.45,1.1872832254713435,0.7911206848706849,0.55,0.75,5.0
21,percent_sqrt,0.3,20,4,Bindi Irwin,Bindi Irwin,0.45,1.1872832254713435,0.7911206848706849,0.55,0.75,10.0
21,percent_log,0.3,20,4,Bindi Irwin,Bindi Irwin,0.4,1.224068338005115,0.7373776223776224,0.6,0.95,2.0
21,percent_log,0.3,20,4,Bindi Irwin,Bindi Irwin,0.4,1.224068338005115,0.7373776223776224,0.6,0.9,5.0
21,percent_log,0.3,20,4,Bindi Irwin,Bindi Irwin,0.4,1.224068338005115,0.7373776223776224,0.6,0.95,10.0
21,dynamic_weight,0.3,20,4,Bindi Irwin,Bindi Irwin,0.6,1.1024288055726656,0.8266705054205055,0.4,0.9,2.0
21,dynamic_weight,0.3,20,4,Bindi Irwin,Bindi Irwin,0.6,1.1024288055726656,0.8266705054205055,0.4,0.7,5.0
21,dynamic_weight,0.3,20,4,Bindi Irwin,Bindi Irwin,0.6,1.1024288055726656,0.8266705054205055,0.4,0.6,10.0
21,percent_cap,0.3,20,4,Bindi Irwin,Bindi Irwin,0.6,1.033114087516671,0.8151534576534576,0.4,0.9,2.0
21,percent_cap,0.3,20,4,Bindi Irwin,Bindi Irwin,0.6,1.033114087516671,0.8151534576534576,0.4,0.8,5.0
21,percent_cap,0.3,20,4,Bindi Irwin,Bindi Irwin,0.6,1.033114087516671,0.8151534576534576,0.4,0.75,10.0
22,percent,0.3,20,3,Paige VanZant,Ginger Zee,0.5,1.0397207708399179,0.7646022727272729,0.75,0.8,2.0
22,percent,0.3,20,3,Paige VanZant,Ginger Zee,0.5,1.0397207708399179,0.7646022727272729,0.75,0.8,5.0
22,percent,0.3,20,3,Paige VanZant,Ginger Zee,0.5,1.0397207708399179,0.7646022727272729,0.75,0.85,10.0
22,rank,0.3,20,3,Paige VanZant,Nyle DiMarco,0.45,1.0670938948757507,0.7831957070707072,0.7,0.7,2.0
22,rank,0.3,20,3,Paige VanZant,Nyle DiMarco,0.45,1.0670938948757507,0.7831957070707072,0.7,0.85,5.0
22,rank,0.3,20,3,Paige VanZant,Nyle DiMarco,0.45,1.0670938948757507,0.7831957070707072,0.7,0.8,10.0
22,percent_judge_save,0.3,20,3,Paige VanZant,Nyle DiMarco,0.4,1.224068338005115,0.7844530022446691,0.7,0.7,2.0
22,percent_judge_save,0.3,20,3,Paige VanZant,Nyle DiMarco,0.4,1.224068338005115,0.7844530022446691,0.7,0.85,5.0
22,percent_judge_save,0.3,20,3,Paige VanZant,Nyle DiMarco,0.4,1.224068338005115,0.7844530022446691,0.7,0.85,10.0
22,percent_sqrt,0.3,20,3,Paige VanZant,Ginger Zee,0.45,1.202262257535642,0.7517177328843997,0.75,0.8,2.0
22,percent_sqrt,0.3,20,3,Paige VanZant,Ginger Zee,0.45,1.202262257535642,0.7517177328843997,0.75,0.85,5.0
22,percent_sqrt,0.3,20,3,Paige VanZant,Ginger Zee,0.45,1.202262257535642,0.7517177328843997,0.75,0.8,10.0
22,percent_log,0.3,20,3,Paige VanZant,Ginger Zee,0.35,1.2396080398477984,0.7604513187429855,0.7,0.7,2.0
22,percent_log,0.3,20,3,Paige VanZant,Ginger Zee,0.35,1.2396080398477984,0.7604513187429855,0.7,0.8,5.0
22,percent_log,0.3,20,3,Paige VanZant,Ginger Zee,0.35,1.2396080398477984,0.7604513187429855,0.7,0.8,10.0
22,dynamic_weight,0.3,20,3,Paige VanZant,Paige VanZant,0.4,1.0888999753452238,0.7842297979797982,0.6,0.9,2.0
22,dynamic_weight,0.3,20,3,Paige VanZant,Paige VanZant,0.4,1.0888999753452238,0.7842297979797982,0.6,0.75,5.0
22,dynamic_weight,0.3,20,3,Paige VanZant,Paige VanZant,0.4,1.0888999753452238,0.7842297979797982,0.6,0.85,10.0
22,percent_cap,0.3,20,3,Paige VanZant,Ginger Zee,0.5,1.0397207708399179,0.7646022727272729,0.75,0.85,2.0
22,percent_cap,0.3,20,3,Paige VanZant,Ginger Zee,0.5,1.0397207708399179,0.7646022727272729,0.75,0.85,5.0
22,percent_cap,0.3,20,3,Paige VanZant,Ginger Zee,0.5,1.0397207708399179,0.7646022727272729,0.75,0.8,10.0
23,percent,0.3,20,4,Laurie Hernandez,James Hinchcliffe,0.55,1.1393620327464706,0.7430564146852027,0.95,0.8,2.0
23,percent,0.3,20,4,Laurie Hernandez,James Hinchcliffe,0.55,1.1393620327464706,0.7430564146852027,0.95,0.8,5.0
23,percent,0.3,20,4,Laurie Hernandez,James Hinchcliffe,0.55,1.1393620327464706,0.7430564146852027,0.95,0.8,10.0
23,rank,0.3,20,4,Laurie Hernandez,James Hinchcliffe,0.4,1.2056282324887189,0.7627377168286261,0.8,0.75,2.0
23,rank,0.3,20,4,Laurie Hernandez,James Hinchcliffe,0.4,1.2056282324887189,0.7627377168286261,0.8,0.85,5.0
23,rank,0.3,20,4,Laurie Hernandez,James Hinchcliffe,0.4,1.2056282324887189,0.7627377168286261,0.8,0.8,10.0
23,percent_judge_save,0.3,20,4,Laurie Hernandez,Laurie Hernandez,0.6,0.9502705392332347,0.8283932229386777,0.4,0.9,2.0
23,percent_judge_save,0.3,20,4,Laurie Hernandez,Laurie Hernandez,0.6,0.9502705392332347,0.8283932229386777,0.4,0.8,5.0
23,percent_judge_save,0.3,20,4,Laurie Hernandez,Laurie Hernandez,0.6,0.9502705392332347,0.8283932229386777,0.4,0.8,10.0
23,percent_sqrt,0.3,20,4,Laurie Hernandez,James Hinchcliffe,0.5,1.4023890115327735,0.7634012087799967,0.85,0.85,2.0
23,percent_sqrt,0.3,20,4,Laurie Hernandez,James Hinchcliffe,0.5,1.4023890115327735,0.7634012087799967,0.85,0.8,5.0
23,percent_sqrt,0.3,20,4,Laurie Hernandez,James Hinchcliffe,0.5,1.4023890115327735,0.7634012087799967,0.85,0.8,10.0
23,percent_log,0.3,20,4,Laurie Hernandez,James Hinchcliffe,0.45,1.3046615296840591,0.7913077466865348,0.7,0.8,2.0
23,percent_log,0.3,20,4,Laurie Hernandez,James Hinchcliffe,0.45,1.3046615296840591,0.7913077466865348,0.7,0.75,5.0
23,percent_log,0.3,20,4,Laurie Hernandez,James Hinchcliffe,0.45,1.3046615296840591,0.7913077466865348,0.7,0.75,10.0
23,dynamic_weight,0.3,20,4,Laurie Hernandez,James Hinchcliffe,0.6,1.0627375681569962,0.7862653003562097,0.85,0.75,2.0
23,dynamic_weight,0.3,20,4,Laurie Hernandez,James Hinchcliffe,0.6,1.0627375681569962,0.7862653003562097,0.85,0.8,5.0
23,dynamic_weight,0.3,20,4,Laurie Hernandez,James Hinchcliffe,0.6,1.0627375681569962,0.7862653003562097,0.85,0.85,10.0
23,percent_cap,0.3,20,4,Laurie Hernandez,James Hinchcliffe,0.6,1.1024288055726656,0.7521968197346987,0.95,0.8,2.0
23,percent_cap,0.3,20,4,Laurie Hernandez,James Hinchcliffe,0.6,1.1024288055726656,0.7521968197346987,0.95,0.8,5.0
23,percent_cap,0.3,20,4,Laurie Hernandez,James Hinchcliffe,0.6,1.1024288055726656,0.7521968197346987,0.95,0.8,10.0
24,percent,0.3,20,3,Rashad Jennings,Rashad Jennings,0.35,1.2396080398477984,0.6640555104617603,0.65,0.75,2.0
24,percent,0.3,20,3,Rashad Jennings,Rashad Jennings,0.35,1.2396080398477984,0.6640555104617603,0.65,0.8,5.0
24,percent,0.3,20,3,Rashad Jennings,Rashad Jennings,0.35,1.2396080398477984,0.6640555104617603,0.65,0.75,10.0
24,rank,0.3,20,3,Rashad Jennings,Normani,0.5,1.1648213767244648,0.7112611431778098,0.8,0.75,2.0
24,rank,0.3,20,3,Rashad Jennings,Normani,0.5,1.1648213767244648,0.7112611431778098,0.8,0.85,5.0
24,rank,0.3,20,3,Rashad Jennings,Normani,0.5,1.1648213767244648,0.7112611431778098,0.8,0.8,10.0
24,percent_judge_save,0.3,20,3,Rashad Jennings,Rashad Jennings,0.4,1.224068338005115,0.7080353134519799,0.6,0.65,2.0
24,percent_judge_save,0.3,20,3,Rashad Jennings,Rashad Jennings,0.4,1.224068338005115,0.7080353134519799,0.6,0.8,5.0
24,percent_judge_save,0.3,20,3,Rashad Jennings,Rashad Jennings,0.4,1.224068338005115,0.7080353134519799,0.6,0.85,10.0
24,percent_sqrt,0.3,20,3,Rashad Jennings,David Ross,0.35,1.2312356911067466,0.6425131222943721,0.65,0.75,2.0
24,percent_sqrt,0.3,20,3,Rashad Jennings,David Ross,0.35,1.2312356911067466,0.6425131222943721,0.65,0.85,5.0
24,percent_sqrt,0.3,20,3,Rashad Jennings,David Ross,0.35,1.2312356911067466,0.6425131222943721,0.65,0.75,10.0
24,percent_log,0.3,20,3,Rashad Jennings,Rashad Jennings,0.45,1.1921945007602976,0.6624425955988456,0.55,0.85,2.0
24,percent_log,0.3,20,3,Rashad Jennings,Rashad Jennings,0.45,1.1921945007602976,0.6624425955988456,0.55,0.9,5.0
24,percent_log,0.3,20,3,Rashad Jennings,Rashad Jennings,0.45,1.1921945007602976,0.6624425955988456,0.55,0.85,10.0
24,dynamic_weight,0.3,20,3,Rashad Jennings,Normani,0.4,1.349168943889662,0.7076456579685745,0.7,0.6,2.0
24,dynamic_weight,0.3,20,3,Rashad Jennings,Normani,0.4,1.349168943889662,0.7076456579685745,0.7,0.85,5.0
24,dynamic_weight,0.3,20,3,Rashad Jennings,Normani,0.4,1.349168943889662,0.7076456579685745,0.7,0.85,10.0
24,percent_cap,0.3,20,3,Rashad Jennings,David Ross,0.35,1.2312356911067466,0.6425131222943721,0.65,0.75,2.0
24,percent_cap,0.3,20,3,Rashad Jennings,David Ross,0.35,1.2312356911067466,0.6425131222943721,0.65,0.85,5.0
24,percent_cap,0.3,20,3,Rashad Jennings,David Ross,0.35,1.2312356911067466,0.6425131222943721,0.65,0.85,10.0
25,percent,0.3,20,4,Jordan Fisher,Lindsey Stirling,0.5,1.2899219826090118,0.7924062257187258,0.8,0.85,2.0
25,percent,0.3,20,4,Jordan Fisher,Lindsey Stirling,0.5,1.2899219826090118,0.7924062257187258,0.8,0.85,5.0
25,percent,0.3,20,4,Jordan Fisher,Lindsey Stirling,0.5,1.2899219826090118,0.7924062257187258,0.8,0.8,10.0
25,rank,0.3,20,4,Jordan Fisher,Lindsey Stirling,0.45,1.0486537893593546,0.8451357808857811,0.65,0.7,2.0
25,rank,0.3,20,4,Jordan Fisher,Lindsey Stirling,0.45,1.0486537893593546,0.8451357808857811,0.65,0.7,5.0
25,rank,0.3,20,4,Jordan Fisher,Lindsey Stirling,0.45,1.0486537893593546,0.8451357808857811,0.65,0.75,10.0
25,percent_judge_save,0.3,20,4,Jordan Fisher,Jordan Fisher,0.45,1.0670938948757507,0.8478101204351205,0.55,0.65,2.0
25,percent_judge_save,0.3,20,4,Jordan Fisher,Jordan Fisher,0.45,1.0670938948757507,0.8478101204351205,0.55,0.75,5.0
25,percent_judge_save,0.3,20,4,Jordan Fisher,Jordan Fisher,0.45,1.0670938948757507,0.8478101204351205,0.55,0.7,10.0
25,percent_sqrt,0.3,20,4,Jordan Fisher,Lindsey Stirling,0.35,1.3747764025076898,0.7823463966588967,0.75,0.85,2.0
25,percent_sqrt,0.3,20,4,Jordan Fisher,Lindsey Stirling,0.35,1.3747764025076898,0.7823463966588967,0.75,0.85,5.0
25,percent_sqrt,0.3,20,4,Jordan Fisher,Lindsey Stirling,0.35,1.3747764025076898,0.7823463966588967,0.75,0.8,10.0
25,percent_log,0.3,20,4,Jordan Fisher,Lindsey Stirling,0.4,1.3592367006650063,0.7899443958818959,0.75,0.85,2.0
25,percent_log,0.3,20,4,Jordan Fisher,Lindsey Stirling,0.4,1.3592367006650063,0.7899443958818959,0.75,0.85,5.0
25,percent_log,0.3,20,4,Jordan Fisher,Lindsey Stirling,0.4,1.3592367006650063,0.7899443958818959,0.75,0.85,10.0
25,dynamic_weight,0.3,20,4,Jordan Fisher,Lindsey Stirling,0.45,1.202262257535642,0.8092802544677546,0.75,0.75,2.0
25,dynamic_weight,0.3,20,4,Jordan Fisher,Lindsey Stirling,0.45,1.202262257535642,0.8092802544677546,0.75,0.8,5.0
25,dynamic_weight,0.3,20,4,Jordan Fisher,Lindsey Stirling,0.45,1.202262257535642,0.8092802544677546,0.75,0.75,10.0
25,percent_cap,0.3,20,4,Jordan Fisher,Lindsey Stirling,0.35,1.3747764025076896,0.7950805652680654,0.7,0.8,2.0
25,percent_cap,0.3,20,4,Jordan Fisher,Lindsey Stirling,0.35,1.3747764025076896,0.7950805652680654,0.7,0.85,5.0
25,percent_cap,0.3,20,4,Jordan Fisher,Lindsey Stirling,0.35,1.3747764025076896,0.7950805652680654,0.7,0.8,10.0
26,percent,0.3,20,3,Adam Rippon,Adam Rippon,0.4,1.224068338005115,0.7931597222222222,0.6,0.75,2.0
26,percent,0.3,20,3,Adam Rippon,Adam Rippon,0.4,1.224068338005115,0.7931597222222222,0.6,0.9,5.0
26,percent,0.3,20,3,Adam Rippon,Adam Rippon,0.4,1.224068338005115,0.7931597222222222,0.6,0.85,10.0
26,rank,0.3,20,3,Adam Rippon,Tonya Harding,0.45,1.0486537893593546,0.7665625,0.65,0.6,2.0
26,rank,0.3,20,3,Adam Rippon,Tonya Harding,0.45,1.0486537893593546,0.7665625,0.65,0.7,5.0
26,rank,0.3,20,3,Adam Rippon,Tonya Harding,0.45,1.0486537893593546,0.7665625,0.65,0.8,10.0
26,percent_judge_save,0.3,20,3,Adam Rippon,Adam Rippon,0.45,1.202262257535642,0.8072222222222223,0.55,0.75,2.0
26,percent_judge_save,0.3,20,3,Adam Rippon,Adam Rippon,0.45,1.202262257535642,0.8072222222222223,0.55,0.9,5.0
26,percent_judge_save,0.3,20,3,Adam Rippon,Adam Rippon,0.45,1.202262257535642,0.8072222222222223,0.55,0.85,10.0
26,percent_sqrt,0.3,20,3,Adam Rippon,Adam Rippon,0.4,1.224068338005115,0.7931597222222222,0.6,0.75,2.0
26,percent_sqrt,0.3,20,3,Adam Rippon,Adam Rippon,0.4,1.224068338005115,0.7931597222222222,0.6,0.8,5.0
26,percent_sqrt,0.3,20,3,Adam Rippon,Adam Rippon,0.4,1.224068338005115,0.7931597222222222,0.6,0.95,10.0
26,percent_log,0.3,20,3,Adam Rippon,Adam Rippon,0.35,1.2312356911067466,0.7678472222222222,0.65,0.75,2.0
26,percent_log,0.3,20,3,Adam Rippon,Adam Rippon,0.35,1.2312356911067466,0.7678472222222222,0.65,0.95,5.0
26,percent_log,0.3,20,3,Adam Rippon,Adam Rippon,0.35,1.2312356911067466,0.7678472222222222,0.65,0.95,10.0
26,dynamic_weight,0.3,20,3,Adam Rippon,Adam Rippon,0.4,1.224068338005115,0.7875347222222222,0.6,0.65,2.0
26,dynamic_weight,0.3,20,3,Adam Rippon,Adam Rippon,0.4,1.224068338005115,0.7875347222222222,0.6,0.75,5.0
26,dynamic_weight,0.3,20,3,Adam Rippon,Adam Rippon,0.4,1.224068338005115,0.7875347222222222,0.6,0.9,10.0
26,percent_cap,0.3,20,3,Adam Rippon,Adam Rippon,0.4,1.224068338005115,0.7931597222222222,0.6,0.75,2.0
26,percent_cap,0.3,20,3,Adam Rippon,Adam Rippon,0.4,1.224068338005115,0.7931597222222222,0.6,0.85,5.0
26,percent_cap,0.3,20,3,Adam Rippon,Adam Rippon,0.4,1.224068338005115,0.7931597222222222,0.6,0.9,10.0
27,percent,0.3,20,4,Evanna Lynch,Milo Manheim,0.4,1.0549201679861442,0.7843939393939394,0.6,0.75,2.0
27,percent,0.3,20,4,Evanna Lynch,Milo Manheim,0.4,1.0549201679861442,0.7843939393939394,0.6,0.85,5.0
27,percent,0.3,20,4,Evanna Lynch,Milo Manheim,0.4,1.0549201679861442,0.7843939393939394,0.6,0.85,10.0
27,rank,0.3,20,4,Evanna Lynch,Evanna Lynch,0.4,1.0888999753452238,0.7710977294310626,0.6,0.75,2.0
27,rank,0.3,20,4,Evanna Lynch,Evanna Lynch,0.4,1.0888999753452238,0.7710977294310626,0.6,0.7,5.0
27,rank,0.3,20,4,Evanna Lynch,Evanna Lynch,0.4,1.0888999753452238,0.7710977294310626,0.6,0.7,10.0
27,percent_judge_save,0.3,20,4,Evanna Lynch,Alexis Ren,0.45,1.256597943527338,0.7428601452559785,0.95,0.85,2.0
27,percent_judge_save,0.3,20,4,Evanna Lynch,Alexis Ren,0.45,1.256597943527338,0.7428601452559785,0.95,0.75,5.0
27,percent_judge_save,0.3,20,4,Evanna Lynch,Alexis Ren,0.45,1.256597943527338,0.7428601452559785,0.95,0.65,10.0
27,percent_sqrt,0.3,20,4,Evanna Lynch,Milo Manheim,0.3,1.3661588475692017,0.688129802296469,0.7,0.9,2.0
27,percent_sqrt,0.3,20,4,Evanna Lynch,Milo Manheim,0.3,1.3661588475692017,0.688129802296469,0.7,0.95,5.0
27,percent_sqrt,0.3,20,4,Evanna Lynch,Milo Manheim,0.3,1.3661588475692017,0.688129802296469,0.7,0.95,10.0
27,percent_log,0.3,20,4,Evanna Lynch,Bobby Bones,0.4,1.3195454632493369,0.5981892644392643,0.85,0.9,2.0
27,percent_log,0.3,20,4,Evanna Lynch,Bobby Bones,0.4,1.3195454632493369,0.5981892644392643,0.85,0.95,5.0
27,percent_log,0.3,20,4,Evanna Lynch,Bobby Bones,0.4,1.3195454632493369,0.5981892644392643,0.85,0.95,10.0
27,dynamic_weight,0.3,20,4,Evanna Lynch,Milo Manheim,0.35,1.2396080398477984,0.756517094017094,0.7,0.9,2.0
27,dynamic_weight,0.3,20,4,Evanna Lynch,Milo Manheim,0.35,1.2396080398477984,0.756517094017094,0.7,0.75,5.0
27,dynamic_weight,0.3,20,4,Evanna Lynch,Milo Manheim,0.35,1.2396080398477984,0.756517094017094,0.7,0.9,10.0
27,percent_cap,0.3,20,4,Evanna Lynch,Evanna Lynch,0.3,1.3762266043445464,0.6609019684019684,0.7,0.8,2.0
27,percent_cap,0.3,20,4,Evanna Lynch,Evanna Lynch,0.3,1.3762266043445464,0.6609019684019684,0.7,0.85,5.0
27,percent_cap,0.3,20,4,Evanna Lynch,Evanna Lynch,0.3,1.3762266043445464,0.6609019684019684,0.7,0.85,10.0
28,percent,0.3,20,4,Ally Brooke,Ally Brooke,0.4,1.2798542258336676,0.7367857142857144,0.6,0.9,2.0
28,percent,0.3,20,4,Ally Brooke,Ally Brooke,0.4,1.2798542258336676,0.7367857142857144,0.6,0.85,5.0
28,percent,0.3,20,4,Ally Brooke,Ally Brooke,0.4,1.2798542258336676,0.7367857142857144,0.6,0.95,10.0
28,rank,0.3,20,4,Ally Brooke,Ally Brooke,0.6,1.0888999753452238,0.786482683982684,0.4,0.65,2.0
28,rank,0.3,20,4,Ally Brooke,Ally Brooke,0.6,1.0888999753452238,0.786482683982684,0.4,0.8,5.0
28,rank,0.3,20,4,Ally Brooke,Ally Brooke,0.6,1.0888999753452238,0.786482683982684,0.4,0.85,10.0
28,percent_judge_save,0.3,20,4,Ally Brooke,Kel Mitchell,0.45,1.2580481453641945,0.7307972582972584,0.75,0.75,2.0
28,percent_judge_save,0.3,20,4,Ally Brooke,Kel Mitchell,0.45,1.2580481453641945,0.7307972582972584,0.75,0.8,5.0
28,percent_judge_save,0.3,20,4,Ally Brooke,Kel Mitchell,0.45,1.2580481453641945,0.7307972582972584,0.75,0.7,10.0
28,percent_sqrt,0.3,20,4,Ally Brooke,Ally Brooke,0.35,1.35778649882815,0.7309108946608948,0.65,0.9,2.0
28,percent_sqrt,0.3,20,4,Ally Brooke,Ally Brooke,0.35,1.35778649882815,0.7309108946608948,0.65,0.95,5.0
28,percent_sqrt,0.3,20,4,Ally Brooke,Ally Brooke,0.35,1.35778649882815,0.7309108946608948,0.65,1.0,10.0
28,percent_log,0.3,20,4,Ally Brooke,Ally Brooke,0.35,1.35778649882815,0.7325288600288602,0.65,0.85,2.0
28,percent_log,0.3,20,4,Ally Brooke,Ally Brooke,0.35,1.35778649882815,0.7325288600288602,0.65,0.9,5.0
28,percent_log,0.3,20,4,Ally Brooke,Ally Brooke,0.35,1.35778649882815,0.7325288600288602,0.65,0.85,10.0
28,dynamic_weight,0.3,20,4,Ally Brooke,Lauren Alaina,0.35,1.3040114826148388,0.7142658730158731,0.65,0.9,2.0
28,dynamic_weight,0.3,20,4,Ally Brooke,Lauren Alaina,0.35,1.3040114826148388,0.7142658730158731,0.65,0.8,5.0
28,dynamic_weight,0.3,20,4,Ally Brooke,Lauren Alaina,0.35,1.3040114826148388,0.7142658730158731,0.65,0.8,10.0
28,percent_cap,0.3,20,4,Ally Brooke,Ally Brooke,0.4,1.2798542258336676,0.7367857142857144,0.6,0.9,2.0
28,percent_cap,0.3,20,4,Ally Brooke,Ally Brooke,0.4,1.2798542258336676,0.7367857142857144,0.6,0.9,5.0
28,percent_cap,0.3,20,4,Ally Brooke,Ally Brooke,0.4,1.2798542258336676,0.7367857142857144,0.6,0.95,10.0
29,percent,0.3,20,4,Justina Machado,Nev Schulman,0.35,1.35778649882815,0.7530807450125632,0.8,0.85,2.0
29,percent,0.3,20,4,Justina Machado,Nev Schulman,0.35,1.35778649882815,0.7530807450125632,0.8,0.95,5.0
29,percent,0.3,20,4,Justina Machado,Nev Schulman,0.35,1.35778649882815,0.7530807450125632,0.8,0.85,10.0
29,rank,0.3,20,4,Justina Machado,Nev Schulman,0.3,1.3762266043445464,0.7458916462325552,0.75,0.85,2.0
29,rank,0.3,20,4,Justina Machado,Nev Schulman,0.3,1.3762266043445464,0.7458916462325552,0.75,0.75,5.0
29,rank,0.3,20,4,Justina Machado,Nev Schulman,0.3,1.3762266043445464,0.7458916462325552,0.75,0.75,10.0
29,percent_judge_save,0.3,20,4,Justina Machado,Justina Machado,0.35,1.2312356911067466,0.8078451851179125,0.65,1.0,2.0
29,percent_judge_save,0.3,20,4,Justina Machado,Justina Machado,0.35,1.2312356911067466,0.8078451851179125,0.65,0.85,5.0
29,percent_judge_save,0.3,20,4,Justina Machado,Justina Machado,0.35,1.2312356911067466,0.8078451851179125,0.65,0.85,10.0
29,percent_sqrt,0.3,20,4,Justina Machado,Nev Schulman,0.5,1.207973687592232,0.7460294251203342,0.9,0.75,2.0
29,percent_sqrt,0.3,20,4,Justina Machado,Nev Schulman,0.5,1.207973687592232,0.7460294251203342,0.9,0.8,5.0
29,percent_sqrt,0.3,20,4,Justina Machado,Nev Schulman,0.5,1.207973687592232,0.7460294251203342,0.9,0.8,10.0
29,percent_log,0.3,20,4,Justina Machado,Nev Schulman,0.55,1.1825143436142376,0.7897281506372416,0.85,0.8,2.0
29,percent_log,0.3,20,4,Justina Machado,Nev Schulman,0.55,1.1825143436142376,0.7897281506372416,0.85,0.8,5.0
29,percent_log,0.3,20,4,Justina Machado,Nev Schulman,0.55,1.1825143436142376,0.7897281506372416,0.85,0.85,10.0
29,dynamic_weight,0.3,20,4,Justina Machado,Nev Schulman,0.35,1.3350851650920204,0.7582626464444646,0.85,0.85,2.0
29,dynamic_weight,0.3,20,4,Justina Machado,Nev Schulman,0.35,1.3350851650920204,0.7582626464444646,0.85,0.9,5.0
29,dynamic_weight,0.3,20,4,Justina Machado,Nev Schulman,0.35,1.3350851650920204,0.7582626464444646,0.85,0.9,10.0
29,percent_cap,0.3,20,4,Justina Machado,Nev Schulman,0.45,1.2580481453641945,0.8039685693094784,0.8,0.85,2.0
29,percent_cap,0.3,20,4,Justina Machado,Nev Schulman,0.45,1.2580481453641945,0.8039685693094784,0.8,0.85,5.0
29,percent_cap,0.3,20,4,Justina Machado,Nev Schulman,0.45,1.2580481453641945,0.8039685693094784,0.8,0.8,10.0
30,percent,0.3,20,4,Iman Shumpert,Iman Shumpert,0.35,1.482887104712697,0.6209380835214169,0.8,0.8,2.0
30,percent,0.3,20,4,Iman Shumpert,Iman Shumpert,0.35,1.482887104712697,0.6209380835214169,0.8,0.9,5.0
30,percent,0.3,20,4,Iman Shumpert,Iman Shumpert,0.35,1.482887104712697,0.6209380835214169,0.8,1.0,10.0
30,rank,0.3,20,4,Iman Shumpert,Amanda Kloots,0.4,1.080527626604172,0.771810814185814,0.65,0.85,2.0
30,rank,0.3,20,4,Iman Shumpert,Amanda Kloots,0.4,1.080527626604172,0.771810814185814,0.65,0.85,5.0
30,rank,0.3,20,4,Iman Shumpert,Amanda Kloots,0.4,1.080527626604172,0.771810814185814,0.65,0.9,10.0
30,percent_judge_save,0.3,20,4,Iman Shumpert,JoJo Siwa,0.35,1.5134058386196787,0.7419674723424723,0.65,0.9,2.0
30,percent_judge_save,0.3,20,4,Iman Shumpert,JoJo Siwa,0.35,1.5134058386196787,0.7419674723424723,0.65,0.9,5.0
30,percent_judge_save,0.3,20,4,Iman Shumpert,JoJo Siwa,0.35,1.5134058386196787,0.7419674723424723,0.65,0.85,10.0
30,percent_sqrt,0.3,20,4,Iman Shumpert,Iman Shumpert,0.3,1.6399566463410822,0.6176218688718688,0.9,0.8,2.0
30,percent_sqrt,0.3,20,4,Iman Shumpert,Iman Shumpert,0.3,1.6399566463410822,0.6176218688718688,0.9,0.9,5.0
30,percent_sqrt,0.3,20,4,Iman Shumpert,Iman Shumpert,0.3,1.6399566463410822,0.6176218688718688,0.9,0.95,10.0
30,percent_log,0.3,20,4,Iman Shumpert,Amanda Kloots,0.3,1.4886936332683078,0.6849300036383368,0.75,0.9,2.0
30,percent_log,0.3,20,4,Iman Shumpert,Amanda Kloots,0.3,1.4886936332683078,0.6849300036383368,0.75,1.0,5.0
30,percent_log,0.3,20,4,Iman Shumpert,Amanda Kloots,0.3,1.4886936332683078,0.6849300036383368,0.75,1.0,10.0
30,dynamic_weight,0.3,20,4,Iman Shumpert,JoJo Siwa,0.3,1.5741030017371853,0.7113734783734783,0.7,0.9,2.0
30,dynamic_weight,0.3,20,4,Iman Shumpert,JoJo Siwa,0.3,1.5741030017371853,0.7113734783734783,0.7,0.95,5.0
30,dynamic_weight,0.3,20,4,Iman Shumpert,JoJo Siwa,0.3,1.5741030017371853,0.7113734783734783,0.7,0.95,10.0
30,percent_cap,0.3,20,4,Iman Shumpert,Iman Shumpert,0.35,1.4702535277519118,0.6443161776495109,0.8,0.8,2.0
30,percent_cap,0.3,20,4,Iman Shumpert,Iman Shumpert,0.35,1.4702535277519118,0.6443161776495109,0.8,0.9,5.0
30,percent_cap,0.3,20,4,Iman Shumpert,Iman Shumpert,0.35,1.4702535277519118,0.6443161776495109,0.8,0.95,10.0
31,percent,0.3,20,4,Charli D'Amelio,Wayne Brady,0.3,1.4786258764929634,0.8256347171347171,0.85,0.55,2.0
31,percent,0.3,20,4,Charli D'Amelio,Wayne Brady,0.3,1.4786258764929634,0.8256347171347171,0.85,0.85,5.0
31,percent,0.3,20,4,Charli D'Amelio,Wayne Brady,0.3,1.4786258764929634,0.8256347171347171,0.85,0.85,10.0
31,rank,0.3,20,4,Charli D'Amelio,Charli D'Amelio,0.4,1.3195454632493369,0.8884986263736263,0.6,0.8,2.0
31,rank,0.3,20,4,Charli D'Amelio,Charli D'Amelio,0.4,1.3195454632493369,0.8884986263736263,0.6,0.85,5.0
31,rank,0.3,20,4,Charli D'Amelio,Charli D'Amelio,0.4,1.3195454632493369,0.8884986263736263,0.6,0.8,10.0
31,percent_judge_save,0.3,20,4,Charli D'Amelio,Wayne Brady,0.35,1.2396080398477984,0.8407541971916972,0.7,0.55,2.0
31,percent_judge_save,0.3,20,4,Charli D'Amelio,Wayne Brady,0.35,1.2396080398477984,0.8407541971916972,0.7,0.75,5.0
31,percent_judge_save,0.3,20,4,Charli D'Amelio,Wayne Brady,0.35,1.2396080398477984,0.8407541971916972,0.7,0.75,10.0
31,percent_sqrt,0.3,20,4,Charli D'Amelio,Gabby Windey,0.4,1.3491689438896621,0.7969254680504682,0.95,0.7,2.0
31,percent_sqrt,0.3,20,4,Charli D'Amelio,Gabby Windey,0.4,1.3491689438896621,0.7969254680504682,0.95,0.8,5.0
31,percent_sqrt,0.3,20,4,Charli D'Amelio,Gabby Windey,0.4,1.3491689438896621,0.7969254680504682,0.95,0.8,10.0
31,percent_log,0.3,20,4,Charli D'Amelio,Gabby Windey,0.4,1.3442576686007077,0.797851800976801,0.9,0.8,2.0
31,percent_log,0.3,20,4,Charli D'Amelio,Gabby Windey,0.4,1.3442576686007077,0.797851800976801,0.9,0.85,5.0
31,percent_log,0.3,20,4,Charli D'Amelio,Gabby Windey,0.4,1.3442576686007077,0.797851800976801,0.9,0.85,10.0
31,dynamic_weight,0.3,20,4,Charli D'Amelio,Gabby Windey,0.35,1.35778649882815,0.8519356684981686,0.8,0.7,2.0
31,dynamic_weight,0.3,20,4,Charli D'Amelio,Gabby Windey,0.35,1.35778649882815,0.8519356684981686,0.8,0.65,5.0
31,dynamic_weight,0.3,20,4,Charli D'Amelio,Gabby Windey,0.35,1.35778649882815,0.8519356684981686,0.8,0.7,10.0
31,percent_cap,0.3,20,4,Charli D'Amelio,Gabby Windey,0.4,1.4150225884935588,0.8130925925925926,0.9,0.6,2.0
31,percent_cap,0.3,20,4,Charli D'Amelio,Gabby Windey,0.4,1.4150225884935588,0.8130925925925926,0.9,0.8,5.0
31,percent_cap,0.3,20,4,Charli D'Amelio,Gabby Windey,0.4,1.4150225884935588,0.8130925925925926,0.9,0.8,10.0
32,percent,0.3,20,5,Jason Mraz,Charity Lawson,0.3,1.4886936332683076,0.8009718311991039,0.85,1.0,2.0
32,percent,0.3,20,5,Jason Mraz,Charity Lawson,0.3,1.4886936332683076,0.8009718311991039,0.85,0.95,5.0
32,percent,0.3,20,5,Jason Mraz,Charity Lawson,0.3,1.4886936332683076,0.8009718311991039,0.85,1.0,10.0
32,rank,0.3,20,5,Jason Mraz,Xochitl Gomez,0.4,1.3195454632493369,0.8457604012149467,0.75,0.85,2.0
32,rank,0.3,20,5,Jason Mraz,Xochitl Gomez,0.4,1.3195454632493369,0.8457604012149467,0.75,0.8,5.0
32,rank,0.3,20,5,Jason Mraz,Xochitl Gomez,0.4,1.3195454632493369,0.8457604012149467,0.75,0.75,10.0
32,percent_judge_save,0.3,20,5,Jason Mraz,Xochitl Gomez,0.4,1.3195454632493369,0.7528138654275017,1.0,0.9,2.0
32,percent_judge_save,0.3,20,5,Jason Mraz,Xochitl Gomez,0.4,1.3195454632493369,0.7528138654275017,1.0,0.9,5.0
32,percent_judge_save,0.3,20,5,Jason Mraz,Xochitl Gomez,0.4,1.3195454632493369,0.7528138654275017,1.0,0.95,10.0
32,percent_sqrt,0.3,20,5,Jason Mraz,Ariana Madix,0.35,1.4406300471115865,0.8038220870039051,0.75,1.0,2.0
32,percent_sqrt,0.3,20,5,Jason Mraz,Ariana Madix,0.35,1.4406300471115865,0.8038220870039051,0.75,1.0,5.0
32,percent_sqrt,0.3,20,5,Jason Mraz,Ariana Madix,0.35,1.4406300471115865,0.8038220870039051,0.75,1.0,10.0
32,percent_log,0.3,20,5,Jason Mraz,Jason Mraz,0.25,1.5841707585125295,0.7488112266521357,0.75,0.95,2.0
32,percent_log,0.3,20,5,Jason Mraz,Jason Mraz,0.25,1.5841707585125295,0.7488112266521357,0.75,0.95,5.0
32,percent_log,0.3,20,5,Jason Mraz,Jason Mraz,0.25,1.5841707585125295,0.7488112266521357,0.75,0.9,10.0
32,dynamic_weight,0.3,20,5,Jason Mraz,Xochitl Gomez,0.3,1.5013272102290933,0.8077181656727112,0.8,1.0,2.0
32,dynamic_weight,0.3,20,5,Jason Mraz,Xochitl Gomez,0.3,1.5013272102290933,0.8077181656727112,0.8,1.0,5.0
32,dynamic_weight,0.3,20,5,Jason Mraz,Xochitl Gomez,0.3,1.5013272102290933,0.8077181656727112,0.8,0.95,10.0
32,percent_cap,0.3,20,5,Jason Mraz,Ariana Madix,0.3,1.4786258764929634,0.7945207570207569,0.85,1.0,2.0
32,percent_cap,0.3,20,5,Jason Mraz,Ariana Madix,0.3,1.4786258764929634,0.7945207570207569,0.85,0.95,5.0
32,percent_cap,0.3,20,5,Jason Mraz,Ariana Madix,0.3,1.4786258764929634,0.7945207570207569,0.85,0.95,10.0
33,percent,0.3,20,5,Chandler Kinney,Chandler Kinney,0.35,1.4305622903362423,0.713356196272863,0.65,0.9,2.0
33,percent,0.3,20,5,Chandler Kinney,Chandler Kinney,0.35,1.4305622903362423,0.713356196272863,0.65,0.95,5.0
33,percent,0.3,20,5,Chandler Kinney,Chandler Kinney,0.35,1.4305622903362423,0.713356196272863,0.65,1.0,10.0
33,rank,0.3,20,5,Chandler Kinney,Chandler Kinney,0.4,1.1935496040981333,0.8671292287958954,0.6,0.65,2.0
33,rank,0.3,20,5,Chandler Kinney,Chandler Kinney,0.4,1.1935496040981333,0.8671292287958954,0.6,0.65,5.0
33,rank,0.3,20,5,Chandler Kinney,Chandler Kinney,0.4,1.1935496040981333,0.8671292287958954,0.6,0.7,10.0
33,percent_judge_save,0.3,20,5,Chandler Kinney,Chandler Kinney,0.3,1.5013272102290933,0.745315363648697,0.7,0.95,2.0
33,percent_judge_save,0.3,20,5,Chandler Kinney,Chandler Kinney,0.3,1.5013272102290933,0.745315363648697,0.7,0.9,5.0
33,percent_judge_save,0.3,20,5,Chandler Kinney,Chandler Kinney,0.3,1.5013272102290933,0.745315363648697,0.7,1.0,10.0
33,percent_sqrt,0.3,20,5,Chandler Kinney,Ilona Maher,0.3,1.5013272102290933,0.6829080949914283,0.75,0.9,2.0
33,percent_sqrt,0.3,20,5,Chandler Kinney,Ilona Maher,0.3,1.5013272102290933,0.6829080949914283,0.75,1.0,5.0
33,percent_sqrt,0.3,20,5,Chandler Kinney,Ilona Maher,0.3,1.5013272102290933,0.6829080949914283,0.75,1.0,10.0
33,percent_log,0.3,20,5,Chandler Kinney,Ilona Maher,0.3,1.5444795210968603,0.6964755152255153,0.75,0.95,2.0
33,percent_log,0.3,20,5,Chandler Kinney,Ilona Maher,0.3,1.5444795210968603,0.6964755152255153,0.75,1.0,5.0
33,percent_log,0.3,20,5,Chandler Kinney,Ilona Maher,0.3,1.5444795210968603,0.6964755152255153,0.75,1.0,10.0
33,dynamic_weight,0.3,20,5,Chandler Kinney,Chandler Kinney,0.3,1.5444795210968603,0.7317479434146101,0.7,1.0,2.0
33,dynamic_weight,0.3,20,5,Chandler Kinney,Chandler Kinney,0.3,1.5444795210968603,0.7317479434146101,0.7,0.9,5.0
33,dynamic_weight,0.3,20,5,Chandler Kinney,Chandler Kinney,0.3,1.5444795210968603,0.7317479434146101,0.7,1.0,10.0
33,percent_cap,0.3,20,5,Chandler Kinney,Chandler Kinney,0.3,1.4490023958526383,0.6930296246962915,0.7,0.9,2.0
33,percent_cap,0.3,20,5,Chandler Kinney,Chandler Kinney,0.3,1.4490023958526383,0.6930296246962915,0.7,0.9,5.0
33,percent_cap,0.3,20,5,Chandler Kinney,Chandler Kinney,0.3,1.4490023958526383,0.6930296246962915,0.7,0.95,10.0
34,percent,0.3,20,5,Alix Earle,Dylan Efron,0.3,1.5444795210968603,0.6783961366915913,0.85,0.8,2.0
34,percent,0.3,20,5,Alix Earle,Dylan Efron,0.3,1.5444795210968603,0.6783961366915913,0.85,0.8,5.0
34,percent,0.3,20,5,Alix Earle,Dylan Efron,0.3,1.5444795210968603,0.6783961366915913,0.85,0.9,10.0
34,rank,0.3,20,5,Alix Earle,Robert Irwin,0.35,1.3350851650920204,0.7631900170536534,0.7,0.75,2.0
34,rank,0.3,20,5,Alix Earle,Robert Irwin,0.35,1.3350851650920204,0.7631900170536534,0.7,0.75,5.0
34,rank,0.3,20,5,Alix Earle,Robert Irwin,0.35,1.3350851650920204,0.7631900170536534,0.7,0.8,10.0
34,percent_judge_save,0.3,20,5,Alix Earle,Alix Earle,0.3,1.5444795210968603,0.7325787091696182,0.7,0.95,2.0
34,percent_judge_save,0.3,20,5,Alix Earle,Alix Earle,0.3,1.5444795210968603,0.7325787091696182,0.7,0.95,5.0
34,percent_judge_save,0.3,20,5,Alix Earle,Alix Earle,0.3,1.5444795210968603,0.7325787091696182,0.7,1.0,10.0
34,percent_sqrt,0.3,20,5,Alix Earle,Dylan Efron,0.35,1.5134058386196787,0.6830294831431197,0.85,0.8,2.0
34,percent_sqrt,0.3,20,5,Alix Earle,Dylan Efron,0.35,1.5134058386196787,0.6830294831431197,0.85,0.8,5.0
34,percent_sqrt,0.3,20,5,Alix Earle,Dylan Efron,0.35,1.5134058386196787,0.6830294831431197,0.85,0.75,10.0
34,percent_log,0.3,20,5,Alix Earle,Dylan Efron,0.3,1.501327210229093,0.657733339892431,0.95,0.8,2.0
34,percent_log,0.3,20,5,Alix Earle,Dylan Efron,0.3,1.501327210229093,0.657733339892431,0.95,0.85,5.0
34,percent_log,0.3,20,5,Alix Earle,Dylan Efron,0.3,1.501327210229093,0.657733339892431,0.95,0.85,10.0
34,dynamic_weight,0.3,20,5,Alix Earle,Jordan Chiles,0.25,1.56718085483299,0.7198455332546242,0.8,0.9,2.0
34,dynamic_weight,0.3,20,5,Alix Earle,Jordan Chiles,0.25,1.56718085483299,0.7198455332546242,0.8,0.9,5.0
34,dynamic_weight,0.3,20,5,Alix Earle,Jordan Chiles,0.25,1.56718085483299,0.7198455332546242,0.8,0.9,10.0
34,percent_cap,0.3,20,5,Alix Earle,Dylan Efron,0.35,1.5430293192600038,0.6644275547684639,0.85,0.8,2.0
34,percent_cap,0.3,20,5,Alix Earle,Dylan Efron,0.35,1.5430293192600038,0.6644275547684639,0.85,0.85,5.0
34,percent_cap,0.3,20,5,Alix Earle,Dylan Efron,0.35,1.5430293192600038,0.6644275547684639,0.85,0.9,10.0
