date,contest_number,word,num_results,num_hard_mode,try_1,try_2,try_3,try_4,try_5,try_6,try_x,year,month,day,dayofweek,dayofweek_name,is_weekend,week_of_year,num_vowels,vowel_ratio,num_unique_letters,num_repeated_letters,has_repeated,avg_letter_freq,min_letter_freq,max_letter_freq,first_letter_freq,last_letter_freq,hard_mode_ratio,avg_tries,fail_rate,difficulty
2022-12-31,560,MANLY,20380,1899,0.0,2.0,17.0,37.0,29.0,12.0,2.0,2022,12,31,5,Saturday,1,52,1.0,0.2,5.0,0.0,0.0,4.6659999999999995,1.97,8.17,2.41,1.97,0.09317958783120707,4.34,2.0,Hard
2022-12-30,559,MOLAR,21204,1973,0.0,4.0,21.0,38.0,26.0,9.0,1.0,2022,12,30,4,Friday,0,52,2.0,0.4,5.0,0.0,0.0,5.622,2.41,8.17,2.41,5.99,0.09304848141860027,4.14,1.0,Medium
2022-12-29,558,HAVOC,20001,1919,0.0,2.0,16.0,38.0,30.0,12.0,2.0,2022,12,29,3,Thursday,0,52,2.0,0.4,5.0,0.0,0.0,5.106,0.98,8.17,6.09,2.78,0.09594520273986301,4.4,2.0,Hard
2022-12-28,557,IMPEL,20160,1937,0.0,3.0,21.0,40.0,25.0,9.0,1.0,2022,12,28,2,Wednesday,0,52,2.0,0.4,5.0,0.0,0.0,5.608,1.93,12.7,6.97,4.03,0.09608134920634921,4.15,1.0,Medium
2022-12-27,556,CONDO,20879,2012,0.0,2.0,17.0,35.0,29.0,14.0,3.0,2022,12,27,1,Tuesday,0,52,2.0,0.4,4.0,1.0,1.0,5.76,2.78,7.51,2.78,7.51,0.09636476842760669,4.45,3.0,Hard
2022-12-26,555,JUDGE,20011,2043,0.0,2.0,8.0,16.0,26.0,33.0,14.0,2022,12,26,0,Monday,0,52,2.0,0.4,5.0,0.0,0.0,4.3759999999999994,0.15,12.7,0.15,12.7,0.10209384838338914,5.18,14.0,Hard
2022-12-25,554,EXTRA,15554,1562,1.0,5.0,20.0,35.0,28.0,10.0,1.0,2022,12,25,6,Sunday,1,51,2.0,0.4,5.0,0.0,0.0,7.214,0.15,12.7,12.7,8.17,0.10042432814710042,4.18,1.0,Medium
2022-12-24,553,POISE,20281,1911,2.0,11.0,34.0,32.0,15.0,6.0,1.0,2022,12,24,5,Saturday,1,51,3.0,0.6,5.0,0.0,0.0,7.087999999999999,1.93,12.7,1.93,12.7,0.09422612297224003,3.72,1.0,Medium
2022-12-23,552,AORTA,21937,2112,0.0,7.0,26.0,35.0,20.0,10.0,3.0,2022,12,23,4,Friday,0,51,3.0,0.6,4.0,1.0,1.0,7.780000000000001,5.99,9.06,8.17,8.17,0.09627569859142089,4.13,3.0,Medium
2022-12-22,551,EXCEL,20490,2034,0.0,1.0,13.0,34.0,34.0,15.0,2.0,2022,12,22,3,Thursday,0,51,2.0,0.4,4.0,1.0,1.0,6.4719999999999995,0.15,12.7,12.7,4.03,0.0992679355783309,4.51,2.0,Hard
2022-12-21,550,LUNAR,22180,2036,0.0,5.0,32.0,40.0,17.0,4.0,0.0,2022,12,21,2,Wednesday,0,51,2.0,0.4,5.0,0.0,0.0,5.540000000000001,2.76,8.17,4.03,5.99,0.09179440937781785,3.75,0.0,Medium
2022-12-20,549,THIRD,24137,2261,1.0,10.0,47.0,32.0,9.0,2.0,0.0,2022,12,20,1,Tuesday,0,51,1.0,0.2,5.0,0.0,0.0,6.4719999999999995,4.25,9.06,9.06,4.25,0.09367361312507769,3.47,0.0,Easy
2022-12-19,548,SLATE,26010,2422,6.0,14.0,33.0,27.0,13.0,5.0,1.0,2022,12,19,0,Monday,0,51,2.0,0.4,5.0,0.0,0.0,8.058000000000002,4.03,12.7,6.33,12.7,0.09311803152633602,3.43,1.0,Easy
2022-12-18,547,TAPER,22166,2108,0.0,8.0,28.0,30.0,20.0,11.0,3.0,2022,12,18,6,Sunday,1,50,2.0,0.4,5.0,0.0,0.0,7.57,1.93,12.7,9.06,5.99,0.09510060452945954,4.07,3.0,Medium
2022-12-17,546,CHORD,22336,2088,0.0,7.0,39.0,38.0,13.0,3.0,0.0,2022,12,17,5,Saturday,1,50,1.0,0.2,5.0,0.0,0.0,5.324,2.78,7.51,2.78,4.25,0.09348137535816618,3.66,0.0,Easy
2022-12-16,545,RPROBE,22853,2160,0.0,6.0,24.0,32.0,24.0,11.0,3.0,2022,12,16,4,Friday,0,50,2.0,0.3333333333333333,5.0,1.0,1.0,5.935,1.49,12.7,5.99,12.7,0.09451713123003544,4.19,3.0,Medium
2022-12-15,544,RIVAL,22176,2127,0.0,7.0,27.0,35.0,22.0,8.0,1.0,2022,12,15,3,Thursday,0,50,2.0,0.4,5.0,0.0,0.0,5.228,0.98,8.17,5.99,4.03,0.09591450216450216,4.0,1.0,Medium
2022-12-14,543,USUAL,20824,2048,0.0,3.0,20.0,39.0,27.0,10.0,1.0,2022,12,14,2,Wednesday,0,50,3.0,0.6,4.0,1.0,1.0,4.8100000000000005,2.76,8.17,2.76,4.03,0.09834805993084902,4.24,1.0,Hard
2022-12-13,542,SPOKE,24101,2224,0.0,6.0,31.0,38.0,19.0,5.0,0.0,2022,12,13,1,Tuesday,0,50,2.0,0.4,5.0,0.0,0.0,5.848,0.77,12.7,6.33,12.7,0.09227832870005394,3.82,0.0,Medium
2022-12-12,541,APPLY,22873,2150,0.0,5.0,28.0,38.0,22.0,7.0,1.0,2022,12,12,0,Monday,0,50,1.0,0.2,4.0,1.0,1.0,3.6059999999999994,1.93,8.17,8.17,1.97,0.09399728938049229,4.05,1.0,Medium
2022-12-11,540,NA√èVE,21947,2075,1.0,7.0,24.0,32.0,24.0,11.0,1.0,2022,12,11,6,Sunday,1,49,2.0,0.4,5.0,0.0,0.0,5.720000000000001,0.0,12.7,6.75,12.7,0.0945459516106985,4.08,1.0,Medium
2022-12-10,539,KNOCK,21157,2041,0.0,3.0,18.0,43.0,27.0,8.0,1.0,2022,12,10,5,Saturday,1,49,1.0,0.2,4.0,1.0,1.0,3.7159999999999997,0.77,7.51,0.77,0.77,0.09646925367490665,4.22,1.0,Hard
2022-12-09,538,BRAID,23640,2165,0.0,10.0,36.0,35.0,14.0,3.0,0.0,2022,12,9,4,Friday,0,49,2.0,0.4,5.0,0.0,0.0,5.3740000000000006,1.49,8.17,1.49,4.25,0.09158206429780034,3.56,0.0,Easy
2022-12-08,537,INFER,21199,1863,0.0,3.0,19.0,33.0,26.0,14.0,3.0,2022,12,8,3,Thursday,0,49,2.0,0.4,5.0,0.0,0.0,6.928,2.23,12.7,6.97,5.99,0.08788150384452097,4.3,3.0,Hard
2022-12-07,536,JOUST,24899,2388,0.0,6.0,29.0,34.0,21.0,8.0,2.0,2022,12,7,2,Wednesday,0,49,2.0,0.4,5.0,0.0,0.0,5.162000000000001,0.15,9.06,0.15,9.06,0.09590746616329973,4.02,2.0,Medium
2022-12-06,535,AMBER,23509,2261,0.0,6.0,22.0,33.0,24.0,12.0,3.0,2022,12,6,1,Tuesday,0,49,2.0,0.4,5.0,0.0,0.0,6.151999999999999,1.49,12.7,8.17,5.99,0.09617593262154919,4.23,3.0,Hard
2022-12-05,534,WOKEN,23153,2200,0.0,2.0,10.0,25.0,36.0,23.0,4.0,2022,12,5,0,Monday,0,49,2.0,0.4,5.0,0.0,0.0,6.017999999999999,0.77,12.7,2.36,6.75,0.09502008379043753,4.8,4.0,Hard
2022-12-04,533,ADORE,25577,2398,2.0,17.0,32.0,29.0,15.0,5.0,1.0,2022,12,4,6,Sunday,1,48,3.0,0.6,5.0,0.0,0.0,7.724000000000001,4.25,12.7,8.17,12.7,0.09375610900418345,3.6,1.0,Easy
2022-12-03,532,TORSO,23873,2260,0.0,4.0,35.0,36.0,17.0,6.0,1.0,2022,12,3,5,Saturday,1,48,2.0,0.4,4.0,1.0,1.0,7.279999999999999,5.99,9.06,9.06,7.51,0.09466761613538306,3.85,1.0,Medium
2022-12-02,531,CHAFE,24646,2343,0.0,6.0,30.0,33.0,19.0,9.0,2.0,2022,12,2,4,Friday,0,48,2.0,0.4,5.0,0.0,0.0,6.394,2.23,12.7,2.78,12.7,0.09506613649273715,3.97,2.0,Medium
2022-12-01,530,EJECT,22628,2200,0.0,2.0,11.0,35.0,36.0,14.0,2.0,2022,12,1,3,Thursday,0,48,2.0,0.4,4.0,1.0,1.0,7.478,0.15,12.7,12.7,9.06,0.0972246773908432,4.55,2.0,Hard
2022-11-30,529,STUDY,2569,2405,0.0,6.0,30.0,33.0,19.0,10.0,2.0,2022,11,30,2,Wednesday,0,48,1.0,0.2,5.0,0.0,0.0,4.874,1.97,9.06,6.33,1.97,0.9361619307123394,4.03,2.0,Medium
2022-11-29,528,UNDUE,23739,2316,0.0,3.0,19.0,35.0,29.0,13.0,2.0,2022,11,29,1,Tuesday,0,48,3.0,0.6,4.0,1.0,1.0,5.843999999999999,2.76,12.7,2.76,12.7,0.0975609756097561,4.4,2.0,Hard
2022-11-28,527,TEPID,26051,2484,0.0,10.0,38.0,35.0,13.0,3.0,0.0,2022,11,28,0,Monday,0,48,2.0,0.4,5.0,0.0,0.0,6.981999999999999,1.93,12.7,9.06,4.25,0.09535142604890408,3.57,0.0,Easy
2022-11-27,526,HAPPY,25206,2356,0.0,6.0,28.0,39.0,19.0,6.0,1.0,2022,11,27,6,Sunday,1,47,1.0,0.2,4.0,1.0,1.0,4.018,1.93,8.17,6.09,1.97,0.09346980877568833,3.9,1.0,Medium
2022-11-26,525,CLEN,26381,2424,1.0,17.0,36.0,31.0,12.0,3.0,0.0,2022,11,26,5,Saturday,1,47,1.0,0.25,4.0,0.0,0.0,6.5649999999999995,2.78,12.7,2.78,6.75,0.09188431067813957,3.45,0.0,Easy
2022-11-25,524,ITCHY,24197,2329,0.0,8.0,28.0,40.0,18.0,5.0,1.0,2022,11,25,4,Friday,0,47,1.0,0.2,5.0,0.0,0.0,5.3740000000000006,1.97,9.06,6.97,1.97,0.09625160143819482,3.87,1.0,Medium
2022-11-24,523,FEAST,27705,2725,5.0,13.0,25.0,27.0,19.0,10.0,2.0,2022,11,24,3,Thursday,0,47,2.0,0.4,5.0,0.0,0.0,7.698,2.23,12.7,2.23,9.06,0.09835769716657643,3.83,2.0,Medium
2022-11-23,522,DRIVE,26663,2451,1.0,12.0,32.0,30.0,18.0,6.0,1.0,2022,11,23,2,Wednesday,0,47,2.0,0.4,5.0,0.0,0.0,6.178,0.98,12.7,4.25,12.7,0.09192513970670967,3.74,1.0,Medium
2022-11-22,521,PRIME,27437,2534,1.0,10.0,26.0,32.0,21.0,9.0,1.0,2022,11,22,1,Tuesday,0,47,2.0,0.4,5.0,0.0,0.0,6.0,1.93,12.7,1.93,12.7,0.09235703611910923,3.93,1.0,Medium
2022-11-21,520,AXIOM,24288,2382,0.0,5.0,19.0,33.0,27.0,13.0,3.0,2022,11,21,0,Monday,0,47,3.0,0.6,5.0,0.0,0.0,5.042,0.15,8.17,8.17,2.41,0.09807312252964427,4.33,3.0,Hard
2022-11-20,519,BRAVE,24991,2396,1.0,6.0,17.0,27.0,27.0,18.0,5.0,2022,11,20,6,Sunday,1,46,2.0,0.4,5.0,0.0,0.0,5.866,0.98,12.7,1.49,12.7,0.09587451482533713,4.5,5.0,Hard
2022-11-19,518,AVERT,24749,2400,0.0,7.0,26.0,35.0,22.0,9.0,1.0,2022,11,19,5,Saturday,1,46,2.0,0.4,5.0,0.0,0.0,7.380000000000001,0.98,12.7,8.17,9.06,0.09697361509555942,4.03,1.0,Medium
2022-11-18,517,GLYPH,29208,2899,0.0,2.0,23.0,49.0,20.0,5.0,1.0,2022,11,18,4,Friday,0,46,0.0,0.0,5.0,0.0,0.0,3.2079999999999997,1.93,6.09,2.02,6.09,0.09925362914270063,4.06,1.0,Medium
2022-11-17,516,THERE,27465,2530,0.0,14.0,35.0,33.0,14.0,4.0,0.0,2022,11,17,3,Thursday,0,46,2.0,0.4,4.0,1.0,1.0,9.308000000000002,5.99,12.7,9.06,12.7,0.09211724012379392,3.59,0.0,Easy
2022-11-16,515,BAKER,25576,2541,0.0,5.0,16.0,23.0,24.0,22.0,10.0,2022,11,16,2,Wednesday,0,46,2.0,0.4,5.0,0.0,0.0,5.824,0.77,12.7,1.49,5.99,0.09935095401939319,4.72,10.0,Hard
2022-11-15,514,SNARL,27475,2650,0.0,5.0,21.0,31.0,24.0,15.0,4.0,2022,11,15,1,Tuesday,0,46,1.0,0.2,5.0,0.0,0.0,6.2540000000000004,4.03,8.17,6.33,4.03,0.09645131938125569,4.35,4.0,Hard
2022-11-14,513,MAPLE,26536,2467,1.0,6.0,26.0,36.0,21.0,8.0,1.0,2022,11,14,0,Monday,0,46,2.0,0.4,5.0,0.0,0.0,5.848,1.93,12.7,2.41,12.7,0.09296804341272234,3.95,1.0,Medium
2022-11-13,512,INANE,25085,2515,0.0,8.0,25.0,30.0,21.0,13.0,3.0,2022,11,13,6,Sunday,1,45,3.0,0.6,4.0,1.0,1.0,8.268,6.75,12.7,6.97,12.7,0.10025911899541559,4.15,3.0,Medium
2022-11-12,511,VALET,24660,2356,0.0,4.0,22.0,38.0,25.0,9.0,1.0,2022,11,12,5,Saturday,1,45,2.0,0.4,5.0,0.0,0.0,6.9879999999999995,0.98,12.7,0.98,9.06,0.09553933495539335,4.12,1.0,Medium
2022-11-11,510,MEDAL,25993,2438,0.0,5.0,25.0,38.0,23.0,8.0,1.0,2022,11,11,4,Friday,0,45,2.0,0.4,5.0,0.0,0.0,6.312,2.41,12.7,2.41,4.03,0.09379448313007348,4.07,1.0,Medium
2022-11-10,509,UNITE,27467,2575,1.0,11.0,31.0,33.0,18.0,5.0,1.0,2022,11,10,3,Thursday,0,45,3.0,0.6,5.0,0.0,0.0,7.647999999999999,2.76,12.7,2.76,12.7,0.09374886227108895,3.75,1.0,Medium
2022-11-09,508,RAINY,28984,2678,1.0,16.0,38.0,31.0,11.0,3.0,1.0,2022,11,9,2,Wednesday,0,45,2.0,0.4,5.0,0.0,0.0,5.97,1.97,8.17,5.99,1.97,0.09239580458183826,3.51,1.0,Easy
2022-11-08,507,SPELL,27213,2531,0.0,4.0,24.0,37.0,24.0,9.0,1.0,2022,11,8,1,Tuesday,0,45,1.0,0.2,4.0,1.0,1.0,5.804,1.93,12.7,6.33,4.03,0.09300701870429574,4.09,1.0,Medium
2022-11-07,506,BEGIN,26096,2439,0.0,6.0,26.0,36.0,23.0,7.0,1.0,2022,11,7,0,Monday,0,45,2.0,0.4,5.0,0.0,0.0,5.986,1.49,12.7,1.49,6.75,0.09346259963212752,3.98,1.0,Medium
2022-11-06,505,STALE,31068,3013,2.0,19.0,30.0,27.0,15.0,6.0,2.0,2022,11,6,6,Sunday,1,44,2.0,0.4,5.0,0.0,0.0,8.058000000000002,4.03,12.7,6.33,12.7,0.09698081627397966,3.63,2.0,Easy
2022-11-05,504,DREAM,29743,2751,5.0,14.0,31.0,29.0,15.0,4.0,1.0,2022,11,5,5,Saturday,1,44,2.0,0.4,5.0,0.0,0.0,6.703999999999999,2.41,12.7,4.25,2.41,0.09249235114144505,3.48,1.0,Easy
2022-11-04,503,PHOTO,27330,2565,0.0,5.0,34.0,43.0,15.0,3.0,0.0,2022,11,4,4,Friday,0,44,2.0,0.4,4.0,1.0,1.0,6.42,1.93,9.06,1.93,7.51,0.0938529088913282,3.77,0.0,Medium
2022-11-03,502,ALOUD,29554,2819,1.0,18.0,31.0,30.0,15.0,4.0,1.0,2022,11,3,3,Thursday,0,44,3.0,0.6,5.0,0.0,0.0,5.343999999999999,2.76,8.17,8.17,4.25,0.09538471949651485,3.56,1.0,Easy
2022-11-02,501,INEPT,27670,2640,0.0,6.0,30.0,39.0,20.0,6.0,1.0,2022,11,2,2,Wednesday,0,44,2.0,0.4,5.0,0.0,0.0,7.481999999999999,1.93,12.7,6.97,9.06,0.09541019154318757,4.01,1.0,Medium
2022-11-01,500,PINEY,27502,3667,0.0,1.0,14.0,37.0,33.0,14.0,2.0,2022,11,1,1,Tuesday,0,44,2.0,0.4,5.0,0.0,0.0,6.064,1.93,12.7,1.93,1.97,0.13333575739946185,4.55,2.0,Hard
2022-10-31,499,APTLY,26498,2572,0.0,3.0,26.0,41.0,23.0,7.0,1.0,2022,10,31,0,Monday,0,44,1.0,0.2,5.0,0.0,0.0,5.032,1.93,9.06,8.17,1.97,0.09706392935315873,4.12,1.0,Medium
2022-10-30,498,WALTZ,24672,2496,0.0,2.0,11.0,29.0,35.0,19.0,3.0,2022,10,30,6,Sunday,1,43,1.0,0.2,5.0,0.0,0.0,4.7379999999999995,0.07,9.06,2.36,0.07,0.10116731517509728,4.63,3.0,Hard
2022-10-29,497,LIBEL,25156,2536,0.0,3.0,15.0,32.0,32.0,16.0,2.0,2022,10,29,5,Saturday,1,43,2.0,0.4,4.0,1.0,1.0,5.843999999999999,1.49,12.7,4.03,4.03,0.10081093973604707,4.49,2.0,Hard
2022-10-28,496,SNEAK,27905,2636,0.0,7.0,28.0,36.0,21.0,7.0,1.0,2022,10,28,4,Friday,0,43,2.0,0.4,5.0,0.0,0.0,6.944000000000001,0.77,12.7,6.33,0.77,0.094463357821179,3.96,1.0,Medium
2022-10-27,495,CARRY,27609,2615,0.0,4.0,22.0,35.0,24.0,12.0,3.0,2022,10,27,3,Thursday,0,43,1.0,0.2,4.0,1.0,1.0,4.9799999999999995,1.97,8.17,2.78,1.97,0.09471549132529247,4.27,3.0,Hard
2022-10-26,494,FLOUT,30063,2904,0.0,6.0,28.0,37.0,21.0,7.0,1.0,2022,10,26,2,Wednesday,0,43,2.0,0.4,5.0,0.0,0.0,5.118,2.23,9.06,2.23,9.06,0.09659714599341383,3.98,1.0,Medium
2022-10-25,493,FOGGY,28953,2817,0.0,2.0,13.0,35.0,32.0,15.0,3.0,2022,10,25,1,Tuesday,0,43,1.0,0.2,4.0,1.0,1.0,3.15,1.97,7.51,2.23,1.97,0.09729561703450419,4.54,3.0,Hard
2022-10-24,492,FAULT,28947,2768,0.0,7.0,27.0,35.0,22.0,8.0,1.0,2022,10,24,0,Monday,0,43,2.0,0.4,5.0,0.0,0.0,5.25,2.23,9.06,2.23,9.06,0.09562303520226621,4.0,1.0,Medium
2022-10-23,491,MUMMY,29279,3021,0.0,1.0,4.0,14.0,27.0,37.0,18.0,2022,10,23,6,Sunday,1,42,1.0,0.2,3.0,2.0,1.0,2.3920000000000003,1.97,2.76,2.41,1.97,0.10317975340687865,5.53,18.0,Hard
2022-10-22,490,SPIEL,29084,2810,0.0,7.0,32.0,36.0,19.0,6.0,1.0,2022,10,22,5,Saturday,1,42,2.0,0.4,5.0,0.0,0.0,6.392,1.93,12.7,6.33,4.03,0.09661669646541053,3.92,1.0,Medium
2022-10-21,489,GROVE,28637,2794,0.0,4.0,18.0,30.0,28.0,17.0,3.0,2022,10,21,4,Friday,0,42,2.0,0.4,5.0,0.0,0.0,5.84,0.98,12.7,2.02,12.7,0.09756608583301324,4.45,3.0,Hard
2022-10-20,488,DENIM,28741,2769,0.0,5.0,29.0,40.0,20.0,5.0,0.0,2022,10,20,3,Thursday,0,42,2.0,0.4,5.0,0.0,0.0,6.616,2.41,12.7,4.25,2.41,0.09634320308966285,3.87,0.0,Medium
2022-10-19,487,QUIRK,28322,2794,0.0,3.0,23.0,39.0,24.0,9.0,2.0,2022,10,19,2,Wednesday,0,42,2.0,0.4,5.0,0.0,0.0,3.318,0.1,6.97,0.1,0.77,0.09865122519596074,4.19,2.0,Medium
2022-10-18,486,EXIST,28612,2805,0.0,5.0,24.0,38.0,23.0,8.0,1.0,2022,10,18,1,Tuesday,0,42,2.0,0.4,5.0,0.0,0.0,7.042,0.15,12.7,12.7,9.06,0.0980357891793653,4.04,1.0,Medium
2022-10-17,485,STEIN,31269,2965,1.0,12.0,34.0,32.0,16.0,5.0,1.0,2022,10,17,0,Monday,0,42,2.0,0.4,5.0,0.0,0.0,8.362,6.33,12.7,6.33,6.75,0.09482234801240845,3.72,1.0,Medium
2022-10-16,484,SPADE,30459,2854,1.0,8.0,29.0,36.0,19.0,6.0,1.0,2022,10,16,6,Sunday,1,41,2.0,0.4,5.0,0.0,0.0,6.675999999999999,1.93,12.7,6.33,12.7,0.0936997275025444,3.86,1.0,Medium
2022-10-15,483,CATCH,30403,3123,0.0,7.0,18.0,20.0,15.0,16.0,23.0,2022,10,15,5,Saturday,1,41,1.0,0.2,4.0,1.0,1.0,5.776,2.78,9.06,2.78,6.09,0.10272012630332533,4.8,23.0,Hard
2022-10-14,482,FLOOR,28906,2752,0.0,3.0,23.0,44.0,24.0,6.0,0.0,2022,10,14,4,Friday,0,41,2.0,0.4,4.0,1.0,1.0,5.454000000000001,2.23,7.51,2.23,5.99,0.0952051477201965,4.07,0.0,Medium
2022-10-13,481,EQUAL,27197,2677,0.0,5.0,23.0,35.0,25.0,11.0,2.0,2022,10,13,3,Thursday,0,41,3.0,0.6,5.0,0.0,0.0,5.552,0.1,12.7,12.7,4.03,0.0984299738941795,4.24,2.0,Hard
2022-10-12,480,IONIC,29151,2947,0.0,2.0,13.0,25.0,28.0,21.0,11.0,2022,10,12,2,Wednesday,0,41,3.0,0.6,4.0,1.0,1.0,6.196,2.78,7.51,6.97,2.78,0.10109430208226133,4.86,11.0,Hard
2022-10-11,479,VALID,28575,2752,0.0,4.0,28.0,38.0,21.0,8.0,1.0,2022,10,11,1,Tuesday,0,41,2.0,0.4,5.0,0.0,0.0,4.88,0.98,8.17,0.98,4.25,0.0963079615048119,4.04,1.0,Medium
2022-10-10,478,ENJOY,26878,2654,0.0,3.0,12.0,29.0,33.0,20.0,3.0,2022,10,10,0,Monday,0,41,2.0,0.4,5.0,0.0,0.0,5.816,0.15,12.7,12.7,1.97,0.09874246595728849,4.64,3.0,Hard
2022-10-09,477,HOWDY,28408,2668,0.0,2.0,13.0,32.0,32.0,17.0,4.0,2022,10,9,6,Sunday,1,40,1.0,0.2,5.0,0.0,0.0,4.436,1.97,7.51,6.09,1.97,0.09391720642072655,4.61,4.0,Hard
2022-10-08,476,VIGOR,26905,2642,0.0,2.0,15.0,35.0,31.0,14.0,2.0,2022,10,8,5,Saturday,1,40,2.0,0.4,5.0,0.0,0.0,4.694,0.98,7.51,0.98,5.99,0.09819736108530012,4.42,2.0,Hard
2022-10-07,475,DANDY,29026,2840,0.0,2.0,11.0,23.0,29.0,24.0,11.0,2022,10,7,4,Friday,0,40,1.0,0.2,4.0,1.0,1.0,5.078,1.97,8.17,4.25,1.97,0.09784331289189004,4.95,11.0,Hard
2022-10-06,474,SLOTH,32522,2987,1.0,10.0,38.0,34.0,13.0,3.0,0.0,2022,10,6,3,Thursday,0,40,1.0,0.2,5.0,0.0,0.0,6.603999999999999,4.03,9.06,6.33,6.09,0.09184551995572228,3.54,0.0,Easy
2022-10-05,473,MARXH,30935,2885,0.0,9.0,30.0,35.0,19.0,6.0,1.0,2022,10,5,2,Wednesday,0,40,1.0,0.2,5.0,0.0,0.0,4.561999999999999,0.15,8.17,2.41,6.09,0.09326006141910458,3.86,1.0,Medium
2022-10-04,472,BOUGH,32014,3060,0.0,3.0,17.0,35.0,28.0,13.0,3.0,2022,10,4,1,Tuesday,0,40,2.0,0.4,5.0,0.0,0.0,3.9739999999999993,1.49,7.51,1.49,6.09,0.0955831823577185,4.36,3.0,Hard
2022-10-03,471,STING,32288,2969,1.0,10.0,30.0,33.0,18.0,8.0,2.0,2022,10,3,0,Monday,0,40,1.0,0.2,5.0,0.0,0.0,6.226,2.02,9.06,6.33,2.02,0.09195366699702676,3.95,2.0,Medium
2022-10-02,470,TWINE,30088,2775,0.0,6.0,28.0,40.0,20.0,5.0,1.0,2022,10,2,6,Sunday,1,39,2.0,0.4,5.0,0.0,0.0,7.5680000000000005,2.36,12.7,9.06,12.7,0.09222946024993353,3.93,1.0,Medium
2022-10-01,469,LEAVE,28202,2696,0.0,4.0,16.0,34.0,31.0,12.0,1.0,2022,10,1,5,Saturday,1,39,3.0,0.6,4.0,1.0,1.0,7.715999999999999,0.98,12.7,4.03,12.7,0.09559605701723282,4.26,1.0,Hard
2022-09-30,468,SCORN,31223,2859,0.0,8.0,31.0,35.0,20.0,6.0,1.0,2022,9,30,4,Friday,0,39,1.0,0.2,5.0,0.0,0.0,5.872,2.78,7.51,6.33,6.75,0.09156711398648432,3.92,1.0,Medium
2022-09-29,467,SCALD,30477,2829,0.0,4.0,23.0,36.0,24.0,11.0,2.0,2022,9,29,3,Thursday,0,39,1.0,0.2,5.0,0.0,0.0,5.112,2.78,8.17,6.33,4.25,0.09282409685992715,4.21,2.0,Hard
2022-09-28,466,USURP,31355,3007,0.0,3.0,21.0,38.0,26.0,9.0,1.0,2022,9,28,2,Wednesday,0,39,2.0,0.4,4.0,1.0,1.0,3.9539999999999997,1.93,6.33,2.76,1.93,0.09590177005262318,4.12,1.0,Medium
2022-09-27,465,SOGGY,30985,2888,0.0,2.0,18.0,38.0,28.0,11.0,2.0,2022,9,27,1,Tuesday,0,39,1.0,0.2,4.0,1.0,1.0,3.9699999999999998,1.97,7.51,6.33,1.97,0.09320639018880103,4.3,2.0,Hard
2022-09-26,464,BRISK,31706,2884,0.0,5.0,23.0,38.0,24.0,7.0,1.0,2022,9,26,0,Monday,0,39,1.0,0.2,5.0,0.0,0.0,4.3100000000000005,0.77,6.97,1.49,0.77,0.09096070144452154,4.0,1.0,Medium
2022-09-25,463,ADMIT,28994,2677,0.0,10.0,25.0,34.0,22.0,8.0,1.0,2022,9,25,6,Sunday,1,38,2.0,0.4,5.0,0.0,0.0,6.172,2.41,9.06,8.17,9.06,0.09232944747189073,3.96,1.0,Medium
2022-09-24,462,GRATE,32777,3077,1.0,14.0,29.0,28.0,16.0,8.0,3.0,2022,9,24,5,Saturday,1,38,2.0,0.4,5.0,0.0,0.0,7.587999999999999,2.02,12.7,2.02,12.7,0.0938768038563627,3.77,3.0,Medium
2022-09-23,461,GLORY,31509,2893,0.0,6.0,30.0,39.0,19.0,5.0,0.0,2022,9,23,4,Friday,0,38,1.0,0.2,5.0,0.0,0.0,4.304,1.97,7.51,2.02,1.97,0.09181503697356311,3.83,0.0,Medium
2022-09-22,460,SAINT,34455,3119,1.0,14.0,35.0,29.0,15.0,5.0,1.0,2022,9,22,3,Thursday,0,38,2.0,0.4,5.0,0.0,0.0,7.456,6.33,9.06,6.33,9.06,0.09052387171673197,3.62,1.0,Easy
2022-09-21,459,RECAP,31976,2900,0.0,5.0,30.0,35.0,21.0,8.0,1.0,2022,9,21,2,Wednesday,0,38,2.0,0.4,5.0,0.0,0.0,6.314,1.93,12.7,5.99,1.93,0.09069301976482362,4.0,1.0,Medium
2022-09-20,458,ALIKE,31277,2843,0.0,6.0,20.0,33.0,27.0,12.0,2.0,2022,9,20,1,Tuesday,0,38,3.0,0.6,5.0,0.0,0.0,6.5280000000000005,0.77,12.7,8.17,12.7,0.09089746459059372,4.25,2.0,Hard
2022-09-19,457,TRICE,35050,3430,0.0,5.0,24.0,25.0,18.0,17.0,11.0,2022,9,19,0,Monday,0,38,2.0,0.4,5.0,0.0,0.0,7.5,2.78,12.7,9.06,12.7,0.0978601997146933,4.51,11.0,Hard
2022-09-18,456,STICK,33102,3038,1.0,9.0,36.0,35.0,14.0,4.0,0.0,2022,9,18,6,Sunday,1,37,1.0,0.2,5.0,0.0,0.0,5.182,0.77,9.06,6.33,0.77,0.09177693190743762,3.61,0.0,Easy
2022-09-17,455,CHUTE,33418,3073,0.0,11.0,37.0,36.0,12.0,3.0,0.0,2022,9,17,5,Saturday,1,37,2.0,0.4,5.0,0.0,0.0,6.678,2.76,12.7,2.78,12.7,0.09195643066610809,3.55,0.0,Easy
2022-09-16,454,PARER,37309,4130,0.0,0.0,4.0,11.0,15.0,22.0,48.0,2022,9,16,4,Friday,0,37,2.0,0.4,4.0,1.0,1.0,6.956,1.93,12.7,1.93,5.99,0.1106971508215176,5.99,48.0,Hard
2022-09-15,453,DOUBT,33344,3011,1.0,12.0,32.0,34.0,16.0,4.0,0.0,2022,9,15,3,Thursday,0,37,2.0,0.4,5.0,0.0,0.0,5.014,1.49,9.06,4.25,9.06,0.09030110364683301,3.61,0.0,Easy
2022-09-14,452,THYME,32142,2938,1.0,5.0,24.0,41.0,23.0,5.0,0.0,2022,9,14,2,Wednesday,0,37,1.0,0.2,5.0,0.0,0.0,6.446000000000001,1.97,12.7,9.06,12.7,0.09140688196129675,3.92,0.0,Medium
2022-09-13,451,ALPHA,29497,2706,0.0,3.0,19.0,40.0,28.0,9.0,1.0,2022,9,13,1,Tuesday,0,37,2.0,0.4,4.0,1.0,1.0,5.678,1.93,8.17,8.17,8.17,0.09173814286198596,4.24,1.0,Hard
2022-09-12,450,BOOZE,29147,2883,0.0,1.0,7.0,27.0,38.0,23.0,4.0,2022,9,12,0,Monday,0,37,3.0,0.6,4.0,1.0,1.0,5.856,0.07,12.7,1.49,12.7,0.09891240951041273,4.87,4.0,Hard
2022-09-11,449,TIBIA,27887,2675,0.0,1.0,14.0,40.0,30.0,12.0,2.0,2022,9,11,6,Sunday,1,36,3.0,0.6,4.0,1.0,1.0,6.531999999999999,1.49,9.06,9.06,8.17,0.09592283142682971,4.4,2.0,Hard
2022-09-10,448,LOFTY,29237,2777,0.0,4.0,19.0,34.0,27.0,13.0,3.0,2022,9,10,5,Saturday,1,36,1.0,0.2,5.0,0.0,0.0,4.959999999999999,1.97,9.06,4.03,1.97,0.09498238533365257,4.35,3.0,Hard
2022-09-09,447,THEME,32172,2909,0.0,8.0,29.0,40.0,18.0,4.0,0.0,2022,9,9,4,Friday,0,36,2.0,0.4,4.0,1.0,1.0,8.592,2.41,12.7,9.06,12.7,0.09042024120353102,3.77,0.0,Medium
2022-09-08,446,CLASS,31962,3001,0.0,4.0,21.0,32.0,22.0,13.0,7.0,2022,9,8,3,Thursday,0,36,1.0,0.2,4.0,1.0,1.0,5.5280000000000005,2.78,8.17,2.78,6.33,0.0938927476378199,4.36,7.0,Hard
2022-09-07,445,LEERY,30992,2873,0.0,3.0,17.0,37.0,28.0,12.0,2.0,2022,9,7,2,Wednesday,0,36,2.0,0.4,4.0,1.0,1.0,7.478,1.97,12.7,4.03,1.97,0.09270134228187919,4.31,2.0,Hard
2022-09-06,444,TAUNT,32734,3022,0.0,4.0,19.0,27.0,21.0,16.0,13.0,2022,9,6,1,Tuesday,0,36,2.0,0.4,4.0,1.0,1.0,7.160000000000001,2.76,9.06,9.06,9.06,0.09231991201808518,4.65,13.0,Hard
2022-09-05,443,WHOOP,32733,2970,0.0,1.0,16.0,47.0,29.0,7.0,1.0,2022,9,5,0,Monday,0,36,2.0,0.4,4.0,1.0,1.0,5.08,1.93,7.51,2.36,1.93,0.09073412152873248,4.32,1.0,Hard
2022-09-04,442,INTER,32018,2889,0.0,6.0,25.0,36.0,23.0,8.0,1.0,2022,9,4,6,Sunday,1,35,2.0,0.4,5.0,0.0,0.0,8.294,5.99,12.7,6.97,5.99,0.09023049534636766,4.01,1.0,Medium
2022-09-03,441,GULLY,31191,2877,0.0,1.0,9.0,27.0,31.0,25.0,7.0,2022,9,3,5,Saturday,1,35,1.0,0.2,4.0,1.0,1.0,2.962,1.97,4.03,2.02,1.97,0.09223814561892854,4.91,7.0,Hard
2022-09-02,440,CHARM,35724,3149,1.0,12.0,32.0,34.0,16.0,5.0,1.0,2022,9,2,4,Friday,0,35,1.0,0.2,5.0,0.0,0.0,5.088,2.41,8.17,2.78,2.41,0.0881480237375434,3.74,1.0,Medium
2022-09-01,439,FUNGI,31903,2928,0.0,2.0,18.0,41.0,28.0,9.0,1.0,2022,9,1,3,Thursday,0,35,2.0,0.4,5.0,0.0,0.0,4.146,2.02,6.97,2.23,6.97,0.09177820267686425,4.23,1.0,Hard
2022-08-31,438,PRIZE,35343,3166,0.0,5.0,12.0,20.0,32.0,26.0,5.0,2022,8,31,2,Wednesday,0,35,2.0,0.4,5.0,0.0,0.0,5.532,0.07,12.7,1.93,12.7,0.08957926604985429,4.77,5.0,Hard
2022-08-30,437,ONSET,33660,3009,0.0,4.0,29.0,40.0,21.0,6.0,1.0,2022,8,30,1,Tuesday,0,35,2.0,0.4,5.0,0.0,0.0,8.47,6.33,12.7,7.51,9.06,0.0893939393939394,4.03,1.0,Medium
2022-08-29,436,CHIEF,34281,3072,1.0,6.0,32.0,38.0,18.0,5.0,0.0,2022,8,29,0,Monday,0,35,2.0,0.4,5.0,0.0,0.0,6.154,2.23,12.7,2.78,2.23,0.08961232169423296,3.81,0.0,Medium
2022-08-28,435,GAUZE,30214,2866,0.0,2.0,11.0,24.0,31.0,25.0,8.0,2022,8,28,6,Sunday,1,34,3.0,0.6,5.0,0.0,0.0,5.144,0.07,12.7,2.02,12.7,0.09485668895214139,4.94,8.0,Hard
2022-08-27,434,RUDER,31241,2784,0.0,2.0,16.0,33.0,29.0,16.0,4.0,2022,8,27,5,Saturday,1,34,2.0,0.4,4.0,1.0,1.0,6.337999999999999,2.76,12.7,5.99,5.99,0.08911366473544381,4.53,4.0,Hard
2022-08-26,433,IRONY,34716,3046,0.0,6.0,29.0,34.0,21.0,8.0,1.0,2022,8,26,4,Friday,0,34,2.0,0.4,5.0,0.0,0.0,5.837999999999999,1.97,7.51,6.97,1.97,0.08774052310173983,3.95,1.0,Medium
2022-08-25,432,CLOWN,36737,3175,1.0,8.0,29.0,36.0,20.0,6.0,1.0,2022,8,25,3,Thursday,0,34,1.0,0.2,5.0,0.0,0.0,4.686,2.36,7.51,2.78,6.75,0.08642512997795139,3.91,1.0,Medium
2022-08-24,431,NEEDY,33700,2927,0.0,2.0,21.0,41.0,26.0,9.0,1.0,2022,8,24,2,Wednesday,0,34,2.0,0.4,4.0,1.0,1.0,7.6739999999999995,1.97,12.7,6.75,1.97,0.08685459940652819,4.22,1.0,Hard
2022-08-23,430,WOVEN,33549,2933,0.0,2.0,13.0,32.0,32.0,17.0,3.0,2022,8,23,1,Tuesday,0,34,2.0,0.4,5.0,0.0,0.0,6.06,0.98,12.7,2.36,6.75,0.08742436436257414,4.54,3.0,Hard
2022-08-22,429,MERIT,35888,3123,0.0,7.0,33.0,37.0,17.0,5.0,0.0,2022,8,22,0,Monday,0,34,2.0,0.4,5.0,0.0,0.0,7.426,2.41,12.7,2.41,9.06,0.08702073116362015,3.76,0.0,Medium
2022-08-21,428,WASTE,35617,3186,1.0,7.0,19.0,27.0,24.0,17.0,5.0,2022,8,21,6,Sunday,1,33,2.0,0.4,5.0,0.0,0.0,7.724000000000001,2.36,12.7,2.36,12.7,0.08945166633910773,4.37,5.0,Hard
2022-08-20,427,TREAT,38245,3249,1.0,22.0,32.0,26.0,14.0,5.0,1.0,2022,8,20,5,Saturday,1,33,2.0,0.4,4.0,1.0,1.0,8.996,5.99,12.7,9.06,9.06,0.08495228134396653,3.52,1.0,Easy
2022-08-19,426,SHRUG,33965,2987,0.0,4.0,23.0,36.0,26.0,10.0,1.0,2022,8,19,4,Friday,0,33,1.0,0.2,5.0,0.0,0.0,4.638,2.02,6.33,6.33,2.02,0.08794347122037391,4.18,1.0,Medium
2022-08-18,425,TWANG,34938,3172,0.0,3.0,22.0,43.0,25.0,7.0,1.0,2022,8,18,3,Thursday,0,33,1.0,0.2,5.0,0.0,0.0,5.672,2.02,9.06,9.06,2.02,0.09078939836281413,4.18,1.0,Medium
2022-08-17,424,TWICE,35815,3173,1.0,6.0,28.0,38.0,21.0,6.0,1.0,2022,8,17,2,Wednesday,0,33,2.0,0.4,5.0,0.0,0.0,6.774000000000001,2.36,12.7,9.06,12.7,0.08859416445623342,3.97,1.0,Medium
2022-08-16,423,GRUEL,35105,3087,0.0,3.0,19.0,39.0,29.0,9.0,1.0,2022,8,16,1,Tuesday,0,33,2.0,0.4,5.0,0.0,0.0,5.5,2.02,12.7,2.02,4.03,0.08793619142572283,4.25,1.0,Hard
2022-08-15,422,POKER,35376,3180,0.0,4.0,17.0,30.0,27.0,17.0,5.0,2022,8,15,0,Monday,0,33,2.0,0.4,5.0,0.0,0.0,5.779999999999999,0.77,12.7,1.93,5.99,0.08989145183175033,4.51,5.0,Hard
2022-08-14,421,KHAKI,31652,2968,0.0,2.0,17.0,33.0,28.0,16.0,4.0,2022,8,14,6,Sunday,1,32,2.0,0.4,4.0,1.0,1.0,4.554,0.77,8.17,0.77,6.97,0.09376974598761531,4.51,4.0,Hard
2022-08-13,420,HUNKY,35276,3185,0.0,1.0,11.0,33.0,25.0,22.0,7.0,2022,8,13,5,Saturday,1,32,1.0,0.2,5.0,0.0,0.0,3.668,0.77,6.75,6.09,1.97,0.09028801451411725,4.73,7.0,Hard
2022-08-12,419,LABEL,34198,3076,0.0,4.0,18.0,32.0,29.0,15.0,2.0,2022,8,12,4,Friday,0,32,2.0,0.4,4.0,1.0,1.0,6.0840000000000005,1.49,12.7,4.03,4.03,0.08994678051348032,4.39,2.0,Hard
2022-08-11,418,GLEAN,37301,3243,0.0,6.0,23.0,37.0,24.0,8.0,1.0,2022,8,11,3,Thursday,0,32,2.0,0.4,5.0,0.0,0.0,6.734,2.02,12.7,2.02,6.75,0.08694136886410551,4.04,1.0,Medium
2022-08-10,417,CLING,37654,3312,0.0,4.0,20.0,34.0,27.0,13.0,2.0,2022,8,10,2,Wednesday,0,32,1.0,0.2,5.0,0.0,0.0,4.51,2.02,6.97,2.78,2.02,0.08795878259945822,4.31,2.0,Hard
2022-08-09,416,PATTY,36223,3019,0.0,2.0,16.0,39.0,29.0,12.0,1.0,2022,8,9,1,Tuesday,0,32,1.0,0.2,4.0,1.0,1.0,6.037999999999999,1.93,9.06,1.93,1.97,0.08334483615382492,4.32,1.0,Hard
2022-08-08,415,UNFIT,35516,3187,0.0,3.0,24.0,38.0,25.0,9.0,1.0,2022,8,8,0,Monday,0,32,2.0,0.4,5.0,0.0,0.0,5.554,2.23,9.06,2.76,9.06,0.08973420430228629,4.16,1.0,Medium
2022-08-07,414,SMEAR,36223,3190,0.0,2.0,16.0,39.0,29.0,12.0,2.0,2022,8,7,6,Sunday,1,31,2.0,0.4,5.0,0.0,0.0,7.12,2.41,12.7,6.33,5.99,0.08806559368357121,4.39,2.0,Hard
2022-08-06,413,ALIEN,38841,3395,3.0,17.0,31.0,29.0,15.0,4.0,0.0,2022,8,6,5,Saturday,1,31,3.0,0.6,5.0,0.0,0.0,7.723999999999999,4.03,12.7,8.17,6.75,0.0874076362606524,3.45,0.0,Easy
2022-08-05,412,BUGGY,37350,3428,0.0,1.0,9.0,29.0,34.0,22.0,5.0,2022,8,5,4,Friday,0,31,1.0,0.2,4.0,1.0,1.0,2.052,1.49,2.76,1.49,1.97,0.09178045515394913,4.82,5.0,Hard
2022-08-04,411,RHYME,37229,3336,0.0,4.0,22.0,39.0,25.0,8.0,1.0,2022,8,4,3,Thursday,0,31,1.0,0.2,5.0,0.0,0.0,5.832,1.97,12.7,5.99,12.7,0.08960756399580971,4.1,1.0,Medium
2022-08-03,410,YOUTH,38381,3327,1.0,5.0,17.0,31.0,29.0,15.0,3.0,2022,8,3,2,Wednesday,0,31,2.0,0.4,5.0,0.0,0.0,5.478,1.97,9.06,1.97,6.09,0.08668351528099841,4.42,3.0,Hard
2022-08-02,409,COYLY,34909,3380,0.0,0.0,4.0,17.0,28.0,35.0,15.0,2022,8,2,1,Tuesday,0,31,1.0,0.2,4.0,1.0,1.0,3.6519999999999997,1.97,7.51,2.78,1.97,0.09682316881033544,5.35,15.0,Hard
2022-08-01,408,QUART,36662,3303,0.0,5.0,20.0,33.0,27.0,13.0,2.0,2022,8,1,0,Monday,0,31,2.0,0.4,5.0,0.0,0.0,5.215999999999999,0.1,9.06,0.1,9.06,0.09009328459985816,4.29,2.0,Hard
2022-07-31,407,CRAMP,39250,3369,1.0,8.0,26.0,33.0,19.0,10.0,2.0,2022,7,31,6,Sunday,1,30,1.0,0.2,5.0,0.0,0.0,4.255999999999999,1.93,8.17,2.78,1.93,0.0858343949044586,3.96,2.0,Medium
2022-07-30,406,BLUFF,37353,3171,0.0,2.0,14.0,42.0,31.0,10.0,1.0,2022,7,30,5,Saturday,1,30,1.0,0.2,4.0,1.0,1.0,2.5480000000000005,1.49,4.03,1.49,2.23,0.08489277969640993,4.36,1.0,Hard
2022-07-29,405,UPSET,37791,3213,0.0,5.0,30.0,38.0,20.0,6.0,1.0,2022,7,29,4,Friday,0,30,2.0,0.4,5.0,0.0,0.0,6.556,1.93,12.7,2.76,9.06,0.08502024291497975,3.95,1.0,Medium
2022-07-28,404,STOMP,40650,3490,0.0,7.0,26.0,32.0,21.0,11.0,2.0,2022,7,28,3,Thursday,0,30,1.0,0.2,5.0,0.0,0.0,5.4479999999999995,1.93,9.06,6.33,1.93,0.08585485854858549,4.05,2.0,Medium
2022-07-27,403,MOTTO,38384,3285,0.0,1.0,11.0,36.0,36.0,14.0,1.0,2022,7,27,2,Wednesday,0,30,2.0,0.4,3.0,2.0,1.0,7.109999999999999,2.41,9.06,2.41,7.51,0.08558253438932889,4.5,1.0,Hard
2022-07-26,402,CINCH,39171,3507,0.0,2.0,15.0,24.0,22.0,25.0,13.0,2022,7,26,1,Tuesday,0,30,1.0,0.2,4.0,1.0,1.0,5.074,2.78,6.97,2.78,6.09,0.08953052002757142,4.96,13.0,Hard
2022-07-25,401,ELOPE,39228,3339,0.0,4.0,22.0,32.0,26.0,13.0,2.0,2022,7,25,0,Monday,0,30,3.0,0.6,4.0,1.0,1.0,7.774000000000001,1.93,12.7,12.7,12.7,0.08511777301927195,4.24,2.0,Hard
2022-07-24,400,POWER,39813,3401,2.0,6.0,19.0,29.0,24.0,15.0,4.0,2022,7,24,6,Sunday,1,29,2.0,0.4,5.0,0.0,0.0,6.098000000000001,1.93,12.7,1.93,5.99,0.0854243588777535,4.25,4.0,Hard
2022-07-23,399,MIDGE,36769,3111,0.0,2.0,18.0,39.0,28.0,10.0,2.0,2022,7,23,5,Saturday,1,29,2.0,0.4,5.0,0.0,0.0,5.67,2.02,12.7,2.41,12.7,0.08460931763170061,4.28,2.0,Hard
2022-07-22,398,TRYST,43099,3665,0.0,3.0,26.0,41.0,23.0,6.0,1.0,2022,7,22,4,Friday,0,29,0.0,0.0,4.0,1.0,1.0,6.482000000000001,1.97,9.06,9.06,9.06,0.08503677579526207,4.06,1.0,Medium
2022-07-21,397,APHID,39086,3367,0.0,6.0,24.0,36.0,23.0,9.0,2.0,2022,7,21,3,Thursday,0,29,2.0,0.4,5.0,0.0,0.0,5.481999999999999,1.93,8.17,8.17,4.25,0.08614337614491122,4.11,2.0,Medium
2022-07-20,396,TRITE,42237,3685,0.0,4.0,14.0,22.0,22.0,23.0,15.0,2022,7,20,2,Wednesday,0,29,2.0,0.4,4.0,1.0,1.0,8.756,5.99,12.7,9.06,12.7,0.08724577976655538,4.91,15.0,Hard
2022-07-19,395,ANGRY,39667,3358,0.0,5.0,27.0,38.0,21.0,7.0,1.0,2022,7,19,1,Tuesday,0,29,1.0,0.2,5.0,0.0,0.0,4.9799999999999995,1.97,8.17,8.17,1.97,0.08465475080041344,3.97,1.0,Medium
2022-07-18,394,FLOCK,42574,3548,0.0,4.0,22.0,37.0,27.0,9.0,1.0,2022,7,18,0,Monday,0,29,1.0,0.2,5.0,0.0,0.0,3.464,0.77,7.51,2.23,0.77,0.0833372480856861,4.18,1.0,Medium
2022-07-17,393,WACKY,39611,3345,0.0,3.0,18.0,39.0,27.0,10.0,2.0,2022,7,17,6,Sunday,1,28,1.0,0.2,5.0,0.0,0.0,3.2099999999999995,0.77,8.17,2.36,1.97,0.08444623968089672,4.25,2.0,Hard
2022-07-16,392,ROOMY,38769,3280,0.0,2.0,17.0,41.0,28.0,10.0,2.0,2022,7,16,5,Saturday,1,28,2.0,0.4,4.0,1.0,1.0,5.077999999999999,1.97,7.51,5.99,1.97,0.0846036781964972,4.33,2.0,Hard
2022-07-15,391,WEDGE,39234,3353,0.0,2.0,11.0,32.0,37.0,17.0,2.0,2022,7,15,4,Friday,0,28,2.0,0.4,4.0,1.0,1.0,6.806,2.02,12.7,2.36,12.7,0.08546158943773258,4.66,2.0,Hard
2022-07-14,390,LIVER,40549,3388,0.0,4.0,16.0,26.0,25.0,20.0,8.0,2022,7,14,3,Thursday,0,28,2.0,0.4,5.0,0.0,0.0,6.134,0.98,12.7,4.03,5.99,0.08355323189227848,4.61,8.0,Hard
2022-07-13,389,BLAND,46246,3727,0.0,7.0,31.0,38.0,18.0,4.0,0.0,2022,7,13,2,Wednesday,0,28,1.0,0.2,5.0,0.0,0.0,4.938000000000001,1.49,8.17,1.49,4.25,0.08059075379492281,3.73,0.0,Medium
2022-07-12,388,NIGHT,46910,3870,1.0,8.0,27.0,27.0,17.0,13.0,7.0,2022,7,12,1,Tuesday,0,28,1.0,0.2,5.0,0.0,0.0,6.178,2.02,9.06,6.75,9.06,0.08249840119377531,4.18,7.0,Medium
2022-07-11,387,MADAM,40545,3430,0.0,3.0,13.0,35.0,34.0,14.0,2.0,2022,7,11,0,Monday,0,28,2.0,0.4,3.0,2.0,1.0,5.082,2.41,8.17,2.41,2.41,0.0845973609569614,4.53,2.0,Hard
2022-07-10,386,BERTH,41785,3494,0.0,7.0,24.0,35.0,24.0,9.0,1.0,2022,7,10,6,Sunday,1,27,1.0,0.2,5.0,0.0,0.0,7.066,1.49,12.7,1.49,6.09,0.08361852339356228,4.07,1.0,Medium
2022-07-09,385,STEAD,47094,3933,1.0,6.0,20.0,27.0,28.0,16.0,3.0,2022,7,9,5,Saturday,1,27,2.0,0.4,5.0,0.0,0.0,8.102,4.25,12.7,6.33,4.25,0.0835138234169958,4.38,3.0,Hard
2022-07-08,384,VOICE,42806,3484,1.0,5.0,24.0,35.0,25.0,9.0,1.0,2022,7,8,4,Friday,0,27,3.0,0.6,5.0,0.0,0.0,6.188000000000001,0.98,12.7,0.98,12.7,0.08139045928140914,4.09,1.0,Medium
2022-07-07,383,AGAPE,43407,3671,0.0,2.0,18.0,36.0,27.0,15.0,3.0,2022,7,7,3,Thursday,0,27,3.0,0.6,4.0,1.0,1.0,6.597999999999999,1.93,12.7,8.17,12.7,0.08457161287349967,4.48,3.0,Hard
2022-07-06,382,FLUFF,47344,4049,0.0,0.0,4.0,25.0,44.0,23.0,4.0,2022,7,6,2,Wednesday,0,27,1.0,0.2,3.0,2.0,1.0,2.696,2.23,4.03,2.23,2.23,0.08552298073673538,4.98,4.0,Hard
2022-07-05,381,FIELD,44578,3604,1.0,6.0,25.0,36.0,23.0,9.0,1.0,2022,7,5,1,Tuesday,0,27,2.0,0.4,5.0,0.0,0.0,6.036,2.23,12.7,2.23,4.25,0.08084705460092423,4.08,1.0,Medium
2022-07-04,380,SEVER,42645,3591,0.0,2.0,13.0,27.0,29.0,21.0,7.0,2022,7,4,0,Monday,0,27,2.0,0.4,4.0,1.0,1.0,7.74,0.98,12.7,6.33,5.99,0.08420682377769961,4.71,7.0,Hard
2022-07-03,379,LILAC,40486,3461,0.0,2.0,17.0,38.0,29.0,12.0,1.0,2022,7,3,6,Sunday,1,26,2.0,0.4,4.0,1.0,1.0,5.196000000000001,2.78,8.17,4.03,2.78,0.08548634095736798,4.31,1.0,Hard
2022-07-02,378,EGRET,41765,3515,0.0,3.0,14.0,33.0,33.0,15.0,2.0,2022,7,2,5,Saturday,1,26,2.0,0.4,4.0,1.0,1.0,8.494,2.02,12.7,12.7,9.06,0.08416137914521729,4.49,2.0,Hard
2022-07-01,377,PINTO,47248,3792,0.0,5.0,25.0,41.0,22.0,6.0,1.0,2022,7,1,4,Friday,0,26,2.0,0.4,5.0,0.0,0.0,6.444,1.93,9.06,1.93,7.51,0.08025736539112767,4.02,1.0,Medium
2022-06-30,376,HUTCH,44212,3758,0.0,1.0,12.0,28.0,28.0,21.0,9.0,2022,6,30,3,Thursday,0,26,1.0,0.2,4.0,1.0,1.0,5.356,2.76,9.06,6.09,6.09,0.08499954763412648,4.79,9.0,Hard
2022-06-29,375,GAWKY,45645,3957,0.0,1.0,5.0,22.0,33.0,28.0,10.0,2022,6,29,2,Wednesday,0,26,1.0,0.2,5.0,0.0,0.0,3.058,0.77,8.17,2.02,1.97,0.08669076569175156,5.08,10.0,Hard
2022-06-28,374,DROLL,47312,3844,0.0,2.0,16.0,31.0,31.0,17.0,3.0,2022,6,28,1,Tuesday,0,26,1.0,0.2,4.0,1.0,1.0,5.162000000000001,4.03,7.51,4.25,4.03,0.08124788637132228,4.54,3.0,Hard
2022-06-27,373,RETRO,47986,3848,0.0,6.0,24.0,35.0,24.0,9.0,1.0,2022,6,27,0,Monday,0,26,2.0,0.4,4.0,1.0,1.0,8.25,5.99,12.7,5.99,7.51,0.08019005543283457,4.05,1.0,Medium
2022-06-26,372,RUSTY,50450,3954,0.0,9.0,37.0,34.0,13.0,5.0,1.0,2022,6,26,6,Sunday,1,25,1.0,0.2,5.0,0.0,0.0,5.2219999999999995,1.97,9.06,5.99,1.97,0.07837462834489593,3.67,1.0,Easy
2022-06-25,371,BEADY,46089,3670,0.0,3.0,19.0,39.0,29.0,10.0,1.0,2022,6,25,5,Saturday,1,25,2.0,0.4,5.0,0.0,0.0,5.715999999999999,1.49,12.7,1.49,1.97,0.07962854477207143,4.31,1.0,Hard
2022-06-24,370,SMITE,50617,3991,0.0,6.0,23.0,35.0,24.0,11.0,2.0,2022,6,24,4,Friday,0,25,2.0,0.4,5.0,0.0,0.0,7.494,2.41,12.7,6.33,12.7,0.07884702767844795,4.21,2.0,Hard
2022-06-23,369,BRINK,53111,4118,0.0,4.0,22.0,41.0,24.0,7.0,1.0,2022,6,23,3,Thursday,0,25,1.0,0.2,5.0,0.0,0.0,4.394,0.77,6.97,1.49,0.77,0.0775357270621905,4.07,1.0,Medium
2022-06-22,368,AWFUL,47645,3861,0.0,5.0,21.0,33.0,27.0,12.0,2.0,2022,6,22,2,Wednesday,0,25,2.0,0.4,5.0,0.0,0.0,3.91,2.23,8.17,8.17,4.03,0.0810368349249659,4.26,2.0,Hard
2022-06-21,367,GLOAT,53342,4194,0.0,8.0,21.0,31.0,26.0,12.0,2.0,2022,6,21,1,Tuesday,0,25,2.0,0.4,5.0,0.0,0.0,6.1579999999999995,2.02,9.06,2.02,9.06,0.0786247234824341,4.19,2.0,Medium
2022-06-20,366,INPUT,50484,3950,0.0,5.0,30.0,38.0,21.0,6.0,1.0,2022,6,20,0,Monday,0,25,2.0,0.4,5.0,0.0,0.0,5.494,1.93,9.06,6.97,9.06,0.07824261152048173,4.0,1.0,Medium
2022-06-19,365,LOSER,55359,4399,1.0,10.0,28.0,32.0,19.0,8.0,2.0,2022,6,19,6,Sunday,1,24,2.0,0.4,5.0,0.0,0.0,7.311999999999999,4.03,12.7,4.03,5.99,0.07946314059141242,3.9,2.0,Medium
2022-06-18,364,CACAO,47205,4101,0.0,1.0,9.0,27.0,36.0,23.0,4.0,2022,6,18,5,Saturday,1,24,3.0,0.6,3.0,2.0,1.0,5.882,2.78,8.17,2.78,7.51,0.08687639021290118,4.83,4.0,Hard
2022-06-17,363,BLOWN,54665,4251,0.0,6.0,23.0,35.0,26.0,10.0,1.0,2022,6,17,4,Friday,0,24,1.0,0.2,5.0,0.0,0.0,4.428,1.49,7.51,1.49,6.75,0.07776456599286563,4.18,1.0,Medium
2022-06-16,362,APRON,53430,4112,0.0,7.0,30.0,38.0,19.0,5.0,1.0,2022,6,16,3,Thursday,0,24,2.0,0.4,5.0,0.0,0.0,6.07,1.93,8.17,8.17,6.75,0.0769605090772974,3.88,1.0,Medium
2022-06-15,361,PRIMO,55989,4391,0.0,3.0,22.0,38.0,25.0,10.0,2.0,2022,6,15,2,Wednesday,0,24,2.0,0.4,5.0,0.0,0.0,4.962000000000001,1.93,7.51,1.93,7.51,0.07842611941631392,4.23,2.0,Hard
2022-06-14,360,ATONE,59968,4762,2.0,16.0,34.0,29.0,14.0,4.0,1.0,2022,6,14,1,Tuesday,0,24,3.0,0.6,5.0,0.0,0.0,8.838,6.75,12.7,8.17,12.7,0.0794090181430096,3.53,1.0,Easy
2022-06-13,359,DONOR,53802,4142,0.0,3.0,27.0,38.0,23.0,7.0,1.0,2022,6,13,0,Monday,0,24,2.0,0.4,4.0,1.0,1.0,6.401999999999999,4.25,7.51,4.25,5.99,0.07698598565109104,4.03,1.0,Medium
2022-06-12,358,FLOAT,56684,4323,1.0,12.0,30.0,32.0,18.0,6.0,1.0,2022,6,12,6,Sunday,1,23,2.0,0.4,5.0,0.0,0.0,6.2,2.23,9.06,2.23,9.06,0.07626490720485499,3.76,1.0,Medium
2022-06-11,357,GOOSE,51958,4087,0.0,2.0,12.0,28.0,32.0,21.0,5.0,2022,6,11,5,Saturday,1,23,3.0,0.6,4.0,1.0,1.0,7.213999999999999,2.02,12.7,2.02,12.7,0.0786596866700027,4.73,5.0,Hard
2022-06-10,356,PIETY,55376,4324,0.0,4.0,25.0,41.0,22.0,7.0,1.0,2022,6,10,4,Friday,0,23,2.0,0.4,5.0,0.0,0.0,6.526000000000001,1.93,12.7,1.93,1.97,0.07808436867957237,4.06,1.0,Medium
2022-06-09,355,GIRTH,60020,4665,0.0,6.0,23.0,33.0,23.0,12.0,3.0,2022,6,9,3,Thursday,0,23,1.0,0.2,5.0,0.0,0.0,6.026,2.02,9.06,2.02,6.09,0.07772409196934356,4.21,3.0,Hard
2022-06-08,354,TRAIT,61026,4607,0.0,6.0,22.0,35.0,24.0,11.0,2.0,2022,6,8,2,Wednesday,0,23,2.0,0.4,4.0,1.0,1.0,7.85,5.99,9.06,9.06,9.06,0.07549241306983909,4.18,2.0,Medium
2022-06-07,353,FLOOD,58991,4440,0.0,3.0,20.0,40.0,28.0,8.0,1.0,2022,6,7,1,Tuesday,0,23,2.0,0.4,4.0,1.0,1.0,5.106,2.23,7.51,2.23,4.25,0.07526571849943212,4.21,1.0,Hard
2022-06-06,352,GLOOM,58478,4548,0.0,2.0,14.0,35.0,35.0,13.0,1.0,2022,6,6,0,Monday,0,23,2.0,0.4,4.0,1.0,1.0,4.696,2.02,7.51,2.02,2.41,0.07777283764834639,4.46,1.0,Hard
2022-06-05,351,DEPTH,56738,4329,0.0,6.0,28.0,39.0,20.0,6.0,1.0,2022,6,5,6,Sunday,1,22,1.0,0.2,5.0,0.0,0.0,6.806,1.93,12.7,4.25,6.09,0.07629807183897917,3.95,1.0,Medium
2022-06-04,350,FROTH,58263,4432,0.0,5.0,22.0,35.0,25.0,11.0,1.0,2022,6,4,5,Saturday,1,22,1.0,0.2,5.0,0.0,0.0,6.176,2.23,9.06,2.23,6.09,0.07606886016854608,4.14,1.0,Medium
2022-06-03,349,PEACH,65431,4957,1.0,13.0,38.0,32.0,13.0,3.0,0.0,2022,6,3,4,Friday,0,22,2.0,0.4,5.0,0.0,0.0,6.334,1.93,12.7,1.93,6.09,0.0757591967110391,3.52,0.0,Easy
2022-06-02,348,SHOWY,61278,4770,0.0,2.0,16.0,37.0,30.0,13.0,2.0,2022,6,2,3,Thursday,0,22,1.0,0.2,5.0,0.0,0.0,4.851999999999999,1.97,7.51,6.33,1.97,0.07784196612160971,4.42,2.0,Hard
2022-06-01,347,CREAK,63241,4797,0.0,5.0,21.0,32.0,25.0,14.0,3.0,2022,6,1,2,Wednesday,0,22,2.0,0.4,5.0,0.0,0.0,6.082,0.77,12.7,2.78,0.77,0.07585269050141522,4.31,3.0,Hard
2022-05-31,346,MANOR,62768,4802,0.0,6.0,27.0,34.0,21.0,10.0,2.0,2022,5,31,1,Tuesday,0,22,2.0,0.4,5.0,0.0,0.0,6.1659999999999995,2.41,8.17,2.41,5.99,0.07650395105786388,4.08,2.0,Medium
2022-05-30,345,ATOLL,60969,4741,0.0,6.0,28.0,36.0,21.0,8.0,1.0,2022,5,30,0,Monday,0,22,2.0,0.4,4.0,1.0,1.0,6.5600000000000005,4.03,9.06,8.17,4.03,0.07776082927389329,4.0,1.0,Medium
2022-05-29,344,BAYOU,56839,4435,0.0,6.0,17.0,33.0,29.0,13.0,2.0,2022,5,29,6,Sunday,1,21,3.0,0.6,5.0,0.0,0.0,4.38,1.49,8.17,1.49,2.76,0.07802741075669875,4.32,2.0,Hard
2022-05-28,343,CREPT,60069,4562,0.0,4.0,27.0,38.0,22.0,7.0,1.0,2022,5,28,5,Saturday,1,21,1.0,0.2,5.0,0.0,0.0,6.492,1.93,12.7,2.78,9.06,0.07594599543857897,4.0,1.0,Medium
2022-05-27,342,TIARA,63846,4842,0.0,8.0,36.0,33.0,17.0,6.0,1.0,2022,5,27,4,Friday,0,21,3.0,0.6,4.0,1.0,1.0,7.6720000000000015,5.99,9.06,9.06,8.17,0.07583873696081195,3.84,1.0,Medium
2022-05-26,341,ASSET,63188,4733,0.0,7.0,28.0,34.0,21.0,8.0,1.0,2022,5,26,3,Thursday,0,21,2.0,0.4,4.0,1.0,1.0,8.518,6.33,12.7,8.17,9.06,0.07490346268278787,3.94,1.0,Medium
2022-05-25,340,VOUCH,62723,4835,0.0,2.0,9.0,25.0,33.0,24.0,6.0,2022,5,25,2,Wednesday,0,21,2.0,0.4,5.0,0.0,0.0,4.023999999999999,0.98,7.51,0.98,6.09,0.07708496085965276,4.82,6.0,Hard
2022-05-24,339,ALBUM,63380,4809,0.0,5.0,26.0,35.0,24.0,9.0,1.0,2022,5,24,1,Tuesday,0,21,2.0,0.4,5.0,0.0,0.0,3.772,1.49,8.17,8.17,2.41,0.07587567055853582,4.09,1.0,Medium
2022-05-23,338,HINGE,66431,4906,0.0,5.0,25.0,37.0,22.0,9.0,2.0,2022,5,23,0,Monday,0,21,2.0,0.4,5.0,0.0,0.0,6.906000000000001,2.02,12.7,6.09,12.7,0.0738510635095061,4.11,2.0,Medium
2022-05-22,337,MONEY,67909,4928,1.0,7.0,26.0,36.0,21.0,8.0,1.0,2022,5,22,6,Sunday,1,20,2.0,0.4,5.0,0.0,0.0,6.268,1.97,12.7,2.41,1.97,0.07256770089384323,3.97,1.0,Medium
2022-05-21,336,SCRAP,66814,4973,1.0,9.0,28.0,34.0,20.0,8.0,1.0,2022,5,21,5,Saturday,1,20,1.0,0.2,5.0,0.0,0.0,5.04,1.93,8.17,6.33,1.93,0.07443050857604694,3.94,1.0,Medium
2022-05-20,335,GAMER,69884,5238,1.0,4.0,17.0,28.0,26.0,18.0,6.0,2022,5,20,4,Friday,0,20,2.0,0.4,5.0,0.0,0.0,6.258,2.02,12.7,2.02,5.99,0.07495277889073322,4.52,6.0,Hard
2022-05-19,334,GLASS,70920,5162,0.0,4.0,19.0,33.0,27.0,14.0,3.0,2022,5,19,3,Thursday,0,20,1.0,0.2,4.0,1.0,1.0,5.376,2.02,8.17,2.02,6.33,0.07278623801466441,4.37,3.0,Hard
2022-05-18,333,SCOUR,73933,5544,0.0,8.0,34.0,35.0,17.0,5.0,1.0,2022,5,18,2,Wednesday,0,20,2.0,0.4,5.0,0.0,0.0,5.074,2.76,7.51,6.33,5.99,0.07498681238418568,3.8,1.0,Medium
2022-05-17,332,BEING,70722,5142,0.0,4.0,22.0,37.0,26.0,10.0,1.0,2022,5,17,1,Tuesday,0,20,2.0,0.4,5.0,0.0,0.0,5.986,1.49,12.7,1.49,2.02,0.07270721981844405,4.19,1.0,Medium
2022-05-16,331,DELVE,68349,5179,0.0,2.0,14.0,32.0,33.0,16.0,2.0,2022,5,16,0,Monday,0,20,2.0,0.4,4.0,1.0,1.0,6.9319999999999995,0.98,12.7,4.25,12.7,0.07577287158553893,4.49,2.0,Hard
2022-05-15,330,YIELD,67115,4963,0.0,4.0,16.0,29.0,29.0,18.0,4.0,2022,5,15,6,Sunday,1,19,2.0,0.4,5.0,0.0,0.0,5.984,1.97,12.7,1.97,4.25,0.07394770170602696,4.53,4.0,Hard
2022-05-14,329,METAL,73225,5290,1.0,10.0,31.0,34.0,18.0,7.0,1.0,2022,5,14,5,Saturday,1,19,2.0,0.4,5.0,0.0,0.0,7.274000000000001,2.41,12.7,2.41,4.03,0.07224308637760328,3.89,1.0,Medium
2022-05-13,328,TIPSY,77585,5522,0.0,6.0,33.0,38.0,17.0,5.0,1.0,2022,5,13,4,Friday,0,19,1.0,0.2,5.0,0.0,0.0,5.252,1.93,9.06,9.06,1.97,0.07117355158858027,3.85,1.0,Medium
2022-05-12,327,SLUNG,75673,5419,0.0,2.0,16.0,37.0,31.0,13.0,2.0,2022,5,12,3,Thursday,0,19,1.0,0.2,5.0,0.0,0.0,4.377999999999999,2.02,6.75,6.33,2.02,0.0716107462370991,4.47,2.0,Hard
2022-05-11,326,FARCE,79446,5688,0.0,9.0,26.0,32.0,21.0,9.0,1.0,2022,5,11,2,Wednesday,0,19,2.0,0.4,5.0,0.0,0.0,6.3740000000000006,2.23,12.7,2.23,12.7,0.07159580092138056,3.9,1.0,Medium
2022-05-10,325,GECKO,74412,5489,0.0,2.0,16.0,38.0,29.0,12.0,2.0,2022,5,10,1,Tuesday,0,19,2.0,0.4,5.0,0.0,0.0,5.156000000000001,0.77,12.7,2.02,7.51,0.07376498414234263,4.35,2.0,Hard
2022-05-09,324,SHINE,88932,6146,1.0,14.0,32.0,30.0,17.0,6.0,1.0,2022,5,9,0,Monday,0,19,2.0,0.4,5.0,0.0,0.0,7.768000000000001,6.09,12.7,6.33,12.7,0.06910898214366032,3.73,1.0,Medium
2022-05-08,323,CANNY,72518,5256,0.0,2.0,10.0,30.0,34.0,20.0,4.0,2022,5,8,6,Sunday,1,18,1.0,0.2,4.0,1.0,1.0,5.284,1.97,8.17,2.78,1.97,0.07247855704790535,4.72,4.0,Hard
2022-05-07,322,MIDST,74458,5233,0.0,3.0,25.0,39.0,24.0,9.0,1.0,2022,5,7,5,Saturday,1,18,1.0,0.2,5.0,0.0,0.0,5.804,2.41,9.06,2.41,9.06,0.07028123237261275,4.18,1.0,Medium
2022-05-06,321,BADGE,76292,5482,0.0,4.0,20.0,35.0,26.0,12.0,2.0,2022,5,6,4,Friday,0,18,2.0,0.4,5.0,0.0,0.0,5.726,1.49,12.7,1.49,12.7,0.07185550254286163,4.24,2.0,Hard
2022-05-05,320,HOMER,85979,6313,0.0,3.0,16.0,26.0,24.0,19.0,12.0,2022,5,5,3,Thursday,0,18,2.0,0.4,5.0,0.0,0.0,6.9399999999999995,2.41,12.7,6.09,5.99,0.07342490608171763,4.76,12.0,Hard
2022-05-04,319,TRAIN,107750,7243,6.0,26.0,32.0,22.0,10.0,3.0,0.0,2022,5,4,2,Wednesday,0,18,2.0,0.4,5.0,0.0,0.0,7.388,5.99,9.06,9.06,6.75,0.06722041763341068,3.1,0.0,Easy
2022-05-03,318,HAIRY,85817,5941,1.0,8.0,24.0,33.0,23.0,10.0,1.0,2022,5,3,1,Tuesday,0,18,2.0,0.4,5.0,0.0,0.0,5.837999999999999,1.97,8.17,6.09,1.97,0.06922870759872753,4.03,1.0,Medium
2022-05-02,317,STORY,95643,6530,1.0,10.0,23.0,29.0,24.0,11.0,2.0,2022,5,2,0,Monday,0,18,1.0,0.2,5.0,0.0,0.0,6.172,1.97,9.06,6.33,1.97,0.06827472998546678,4.06,2.0,Medium
2022-05-01,316,FORGO,77658,5699,0.0,1.0,9.0,26.0,37.0,23.0,3.0,2022,5,1,6,Sunday,1,17,2.0,0.4,4.0,1.0,1.0,5.052,2.02,7.51,2.23,7.51,0.07338587138478972,4.77,3.0,Hard
2022-04-30,315,LARVA,77991,5749,0.0,2.0,10.0,25.0,35.0,23.0,4.0,2022,4,30,5,Saturday,1,17,2.0,0.4,4.0,1.0,1.0,5.467999999999999,0.98,8.17,4.03,8.17,0.07371363362439255,4.75,4.0,Hard
2022-04-29,314,TASH,106652,7001,2.0,19.0,34.0,27.0,13.0,4.0,1.0,2022,4,29,4,Friday,0,17,1.0,0.25,4.0,0.0,0.0,7.4125000000000005,6.09,9.06,9.06,6.09,0.06564340096763305,3.46,1.0,Easy
2022-04-28,313,ZESTY,88974,6315,0.0,2.0,12.0,27.0,30.0,22.0,7.0,2022,4,28,3,Thursday,0,17,1.0,0.2,5.0,0.0,0.0,6.026000000000001,0.07,12.7,0.07,1.97,0.07097579068042349,4.79,7.0,Hard
2022-04-27,312,SHOWN,98967,6564,0.0,6.0,26.0,36.0,22.0,8.0,1.0,2022,4,27,2,Wednesday,0,17,1.0,0.2,5.0,0.0,0.0,5.808,2.36,7.51,6.33,6.75,0.06632513868259117,3.99,1.0,Medium
2022-04-26,311,HEIST,103153,6830,1.0,13.0,32.0,31.0,16.0,6.0,1.0,2022,4,26,1,Tuesday,0,17,2.0,0.4,5.0,0.0,0.0,8.23,6.09,12.7,6.09,9.06,0.0662123253807451,3.7,1.0,Medium
2022-04-25,310,ASKEW,91548,6549,0.0,3.0,13.0,29.0,32.0,19.0,4.0,2022,4,25,0,Monday,0,17,2.0,0.4,5.0,0.0,0.0,6.066,0.77,12.7,8.17,2.36,0.07153624328221261,4.63,4.0,Hard
2022-04-24,309,INERT,97452,6743,0.0,7.0,27.0,34.0,22.0,9.0,1.0,2022,4,24,6,Sunday,1,16,2.0,0.4,5.0,0.0,0.0,8.294,5.99,12.7,6.97,9.06,0.06919303862414317,4.02,1.0,Medium
2022-04-23,308,OLIVE,95562,6482,1.0,6.0,25.0,34.0,23.0,10.0,1.0,2022,4,23,5,Saturday,1,16,3.0,0.6,5.0,0.0,0.0,6.438,0.98,12.7,7.51,12.7,0.06783030911868734,4.06,1.0,Medium
2022-04-22,307,PLANT,119232,7731,2.0,19.0,39.0,28.0,10.0,3.0,0.0,2022,4,22,4,Friday,0,16,1.0,0.2,5.0,0.0,0.0,5.9879999999999995,1.93,9.06,1.93,9.06,0.06483997584541062,3.37,0.0,Easy
2022-04-21,306,OXIDE,97955,6960,0.0,2.0,11.0,30.0,33.0,21.0,4.0,2022,4,21,3,Thursday,0,16,3.0,0.6,5.0,0.0,0.0,6.316,0.15,12.7,7.51,12.7,0.07105303455668419,4.76,4.0,Hard
2022-04-20,305,CARGO,102007,6796,0.0,5.0,20.0,34.0,27.0,12.0,2.0,2022,4,20,2,Wednesday,0,16,2.0,0.4,5.0,0.0,0.0,5.294,2.02,8.17,2.78,7.51,0.06662287882204163,4.27,2.0,Hard
2022-04-19,304,FOYER,108899,8198,0.0,2.0,10.0,19.0,19.0,23.0,26.0,2022,4,19,1,Tuesday,0,16,2.0,0.4,5.0,0.0,0.0,6.08,1.97,12.7,2.23,5.99,0.07528076474531446,5.25,26.0,Hard
2022-04-18,303,FLAIR,112383,7341,1.0,8.0,30.0,36.0,18.0,6.0,1.0,2022,4,18,0,Monday,0,16,2.0,0.4,5.0,0.0,0.0,5.478,2.23,8.17,2.23,5.99,0.06532126745148288,3.84,1.0,Medium
2022-04-17,302,AMPLE,106681,7008,0.0,4.0,20.0,35.0,27.0,11.0,2.0,2022,4,17,6,Sunday,1,15,2.0,0.4,5.0,0.0,0.0,5.848,1.93,12.7,8.17,12.7,0.0656911727486619,4.23,2.0,Hard
2022-04-16,301,CHEEK,107987,7035,0.0,3.0,19.0,40.0,28.0,9.0,1.0,2022,4,16,5,Saturday,1,15,2.0,0.4,4.0,1.0,1.0,7.008,0.77,12.7,2.78,0.77,0.06514673062498264,4.24,1.0,Hard
2022-04-15,300,SHAME,129991,8522,1.0,11.0,22.0,25.0,21.0,15.0,5.0,2022,4,15,4,Friday,0,15,2.0,0.4,5.0,0.0,0.0,7.140000000000001,2.41,12.7,6.33,12.7,0.06555838481125617,4.19,5.0,Medium
2022-04-14,299,MINCE,113448,7356,0.0,6.0,24.0,35.0,24.0,10.0,1.0,2022,4,14,3,Thursday,0,15,2.0,0.4,5.0,0.0,0.0,6.322,2.41,12.7,2.41,12.7,0.06484027924687963,4.11,1.0,Medium
2022-04-13,298,CHUNK,123255,7835,1.0,4.0,29.0,42.0,18.0,5.0,1.0,2022,4,13,2,Wednesday,0,15,1.0,0.2,5.0,0.0,0.0,3.8299999999999996,0.77,6.75,2.78,0.77,0.06356740091679851,3.91,1.0,Medium
2022-04-12,297,ROYAL,114907,7275,1.0,5.0,24.0,36.0,23.0,9.0,1.0,2022,4,12,1,Tuesday,0,15,2.0,0.4,5.0,0.0,0.0,5.534000000000001,1.97,8.17,5.99,4.03,0.06331206976076305,4.03,1.0,Medium
2022-04-11,296,SQUAD,109828,7236,0.0,3.0,20.0,33.0,27.0,14.0,2.0,2022,4,11,0,Monday,0,15,2.0,0.4,5.0,0.0,0.0,4.322,0.1,8.17,6.33,4.25,0.06588483811050005,4.31,2.0,Hard
2022-04-10,295,BLACK,126241,7894,1.0,10.0,31.0,34.0,18.0,6.0,1.0,2022,4,10,6,Sunday,1,14,1.0,0.2,5.0,0.0,0.0,3.4480000000000004,0.77,8.17,1.49,0.77,0.06253119034228183,3.83,1.0,Medium
2022-04-09,294,STAIR,134210,8537,2.0,21.0,36.0,26.0,11.0,4.0,1.0,2022,4,9,5,Saturday,1,14,2.0,0.4,5.0,0.0,0.0,7.304,5.99,9.06,6.33,5.99,0.06360926905595708,3.42,1.0,Easy
2022-04-08,293,SCARE,141158,9010,1.0,12.0,23.0,26.0,21.0,13.0,4.0,2022,4,8,4,Friday,0,14,2.0,0.4,5.0,0.0,0.0,7.194,2.78,12.7,6.33,12.7,0.06382918431828165,4.09,4.0,Medium
2022-04-07,292,FORAY,117761,7575,0.0,2.0,14.0,31.0,31.0,19.0,4.0,2022,4,7,3,Thursday,0,14,2.0,0.4,5.0,0.0,0.0,5.1739999999999995,1.97,8.17,2.23,1.97,0.06432520104279006,4.67,4.0,Hard
2022-04-06,291,COMMA,117856,7560,0.0,2.0,13.0,33.0,33.0,17.0,3.0,2022,4,6,2,Wednesday,0,14,2.0,0.4,4.0,1.0,1.0,4.656000000000001,2.41,8.17,2.78,8.17,0.0641460765680152,4.63,3.0,Hard
2022-04-05,290,NATAL,121356,7702,0.0,2.0,14.0,32.0,32.0,17.0,3.0,2022,4,5,1,Tuesday,0,14,2.0,0.4,4.0,1.0,1.0,7.236,4.03,9.06,6.75,4.03,0.06346616566135997,4.57,3.0,Hard
2022-04-04,289,SHAWL,129651,7943,0.0,3.0,16.0,31.0,30.0,16.0,3.0,2022,4,4,0,Monday,0,14,1.0,0.2,5.0,0.0,0.0,5.396,2.36,8.17,6.33,4.03,0.06126447154283422,4.45,3.0,Hard
2022-04-03,288,FEWER,124532,7931,0.0,2.0,10.0,24.0,32.0,26.0,6.0,2022,4,3,6,Sunday,1,13,2.0,0.4,4.0,1.0,1.0,7.196,2.23,12.7,2.23,5.99,0.063686442038994,4.88,6.0,Hard
2022-04-02,287,TROPE,155079,9315,1.0,16.0,33.0,28.0,15.0,6.0,1.0,2022,4,2,5,Saturday,1,13,2.0,0.4,5.0,0.0,0.0,7.438,1.93,12.7,9.06,12.7,0.060066159828216587,3.62,1.0,Easy
2022-04-01,286,SNOUT,144648,8913,1.0,4.0,19.0,27.0,26.0,18.0,5.0,2022,4,1,4,Friday,0,13,2.0,0.4,5.0,0.0,0.0,6.482000000000001,2.76,9.06,6.33,9.06,0.061618549858967975,4.47,5.0,Hard
2022-03-31,285,LOWLY,135219,8469,0.0,2.0,9.0,26.0,32.0,24.0,8.0,2022,3,31,3,Thursday,0,13,1.0,0.2,4.0,1.0,1.0,3.9799999999999995,1.97,7.51,4.03,1.97,0.06263173074789785,4.95,8.0,Hard
2022-03-30,284,STOVE,158139,9318,0.0,5.0,16.0,24.0,27.0,21.0,6.0,2022,3,30,2,Wednesday,0,13,2.0,0.4,5.0,0.0,0.0,7.316,0.98,12.7,6.33,12.7,0.05892284635668621,4.57,6.0,Hard
2022-03-29,283,SHALL,149070,8494,0.0,3.0,17.0,30.0,28.0,17.0,4.0,2022,3,29,1,Tuesday,0,13,1.0,0.2,4.0,1.0,1.0,5.73,4.03,8.17,6.33,4.03,0.05697994230898236,4.47,4.0,Hard
2022-03-28,282,FOUND,173696,10613,1.0,6.0,17.0,22.0,20.0,21.0,14.0,2022,3,28,0,Monday,0,13,2.0,0.4,5.0,0.0,0.0,4.7,2.23,7.51,2.23,4.25,0.06110100405305822,4.76,14.0,Hard
2022-03-27,281,NYMPH,165468,9935,0.7936507936507936,1.5873015873015872,14.285714285714286,34.92063492063492,20.634920634920636,20.634920634920636,7.142857142857143,2022,3,27,6,Sunday,1,12,0.0,0.0,5.0,0.0,0.0,3.8299999999999996,1.93,6.75,6.75,6.09,0.0600418207750139,4.634920634920635,7.142857142857143,Hard
2022-03-26,280,EPOXY,149507,9376,0.0,2.0,13.0,31.0,33.0,18.0,3.0,2022,3,26,5,Saturday,1,12,2.0,0.4,5.0,0.0,0.0,4.851999999999999,0.15,12.7,12.7,1.97,0.06271278267907188,4.61,3.0,Hard
2022-03-25,279,DEPOT,150197,8562,0.0,5.0,29.0,36.0,20.0,7.0,1.0,2022,3,25,4,Friday,0,12,2.0,0.4,5.0,0.0,0.0,7.090000000000001,1.93,12.7,4.25,9.06,0.05700513325832074,3.9,1.0,Medium
2022-03-24,278,CHEST,169066,9318,1.0,14.0,35.0,31.0,14.0,5.0,1.0,2022,3,24,3,Thursday,0,12,1.0,0.2,5.0,0.0,0.0,7.392,2.78,12.7,2.78,9.06,0.05511457064105142,3.65,1.0,Easy
2022-03-23,277,PURGE,156785,8555,1.0,4.0,22.0,35.0,26.0,11.0,2.0,2022,3,23,2,Wednesday,0,12,2.0,0.4,5.0,0.0,0.0,5.08,1.93,12.7,1.93,12.7,0.054565168861817136,4.25,2.0,Hard
2022-03-22,276,SLOSH,160161,8807,0.0,2.0,19.0,36.0,27.0,13.0,2.0,2022,3,22,1,Tuesday,0,12,1.0,0.2,4.0,1.0,1.0,6.057999999999999,4.03,7.51,6.33,6.09,0.05498841790448361,4.32,2.0,Hard
2022-03-21,275,THEIR,173636,9200,2.0,14.0,36.0,30.0,13.0,4.0,0.0,2022,3,21,0,Monday,0,12,2.0,0.4,5.0,0.0,0.0,8.162,5.99,12.7,9.06,5.99,0.052984404155820224,3.47,0.0,Easy
2022-03-20,274,RENEW,154987,8417,0.0,4.0,20.0,33.0,27.0,13.0,2.0,2022,3,20,6,Sunday,1,11,2.0,0.4,4.0,1.0,1.0,8.1,2.36,12.7,5.99,2.36,0.05430778065257086,4.27,2.0,Hard
2022-03-19,273,ALLOW,156311,8515,0.0,5.0,21.0,32.0,26.0,14.0,3.0,2022,3,19,5,Saturday,1,11,2.0,0.4,4.0,1.0,1.0,5.220000000000001,2.36,8.17,8.17,2.36,0.05447473306421173,4.36,3.0,Hard
2022-03-18,272,SAUTE,179830,9304,1.0,8.0,31.0,34.0,19.0,6.0,1.0,2022,3,18,4,Friday,0,11,3.0,0.6,5.0,0.0,0.0,7.803999999999999,2.76,12.7,6.33,12.7,0.051737752321637104,3.84,1.0,Medium
2022-03-17,271,MOVIE,169071,8847,1.0,5.0,18.0,30.0,26.0,16.0,3.0,2022,3,17,3,Thursday,0,11,3.0,0.6,5.0,0.0,0.0,6.114,0.98,12.7,2.41,12.7,0.05232712883936334,4.32,3.0,Hard
2022-03-16,270,CATER,217856,11234,1.0,7.0,19.0,22.0,19.0,18.0,15.0,2022,3,16,2,Wednesday,0,11,2.0,0.4,5.0,0.0,0.0,7.739999999999999,2.78,12.7,2.78,5.99,0.05156617215041128,4.68,15.0,Hard
2022-03-15,269,TEASE,202855,10024,1.0,16.0,32.0,30.0,16.0,6.0,1.0,2022,3,15,1,Tuesday,0,11,3.0,0.6,4.0,1.0,1.0,9.791999999999998,6.33,12.7,9.06,12.7,0.0494146064923221,3.72,1.0,Medium
2022-03-14,268,SMELT,185406,9373,0.0,5.0,19.0,33.0,28.0,13.0,2.0,2022,3,14,0,Monday,0,11,1.0,0.2,5.0,0.0,0.0,6.906000000000001,2.41,12.7,6.33,9.06,0.05055391950638059,4.31,2.0,Hard
2022-03-13,267,FOCUS,179436,8937,1.0,4.0,23.0,36.0,24.0,10.0,1.0,2022,3,13,6,Sunday,1,10,2.0,0.4,5.0,0.0,0.0,4.322,2.23,7.51,2.23,6.33,0.0498060589848191,4.09,1.0,Medium
2022-03-12,266,TODAY,192049,9353,1.0,7.0,29.0,35.0,20.0,7.0,1.0,2022,3,12,5,Saturday,1,10,2.0,0.4,5.0,0.0,0.0,6.192,1.97,9.06,9.06,1.97,0.04870111273685362,3.91,1.0,Medium
2022-03-11,265,WATCH,226349,12400,1.0,6.0,14.0,18.0,17.0,24.0,20.0,2022,3,11,4,Friday,0,10,1.0,0.2,5.0,0.0,0.0,5.692,2.36,9.06,2.36,6.09,0.054782658637767344,4.96,20.0,Hard
2022-03-10,264,LAPSE,208884,9960,0.0,8.0,31.0,34.0,19.0,7.0,1.0,2022,3,10,3,Thursday,0,10,2.0,0.4,5.0,0.0,0.0,6.632,1.93,12.7,4.03,12.7,0.04768196702476015,3.89,1.0,Medium
2022-03-09,263,MONTH,201799,9435,1.0,5.0,26.0,37.0,22.0,8.0,1.0,2022,3,9,2,Wednesday,0,10,1.0,0.2,5.0,0.0,0.0,6.364000000000001,2.41,9.06,2.41,6.09,0.04675444377821496,4.02,1.0,Medium
2022-03-08,262,SWEET,207473,9767,1.0,5.0,18.0,31.0,28.0,15.0,2.0,2022,3,8,1,Tuesday,0,10,2.0,0.4,4.0,1.0,1.0,8.63,2.36,12.7,6.33,9.06,0.0470760050705393,4.33,2.0,Hard
2022-03-07,261,HOARD,218595,9823,1.0,9.0,30.0,34.0,19.0,7.0,1.0,2022,3,7,0,Monday,0,10,2.0,0.4,5.0,0.0,0.0,6.401999999999999,4.25,8.17,6.09,4.25,0.04493698392003477,3.89,1.0,Medium
2022-03-06,260,CLOTH,218595,9911,1.0,8.0,33.0,34.0,17.0,7.0,1.0,2022,3,6,6,Sunday,1,9,1.0,0.2,5.0,0.0,0.0,5.894,2.78,9.06,2.78,6.09,0.04533955488460395,3.86,1.0,Medium
2022-03-05,259,BRINE,229895,10405,1.0,9.0,25.0,29.0,22.0,12.0,3.0,2022,3,5,5,Saturday,1,9,2.0,0.4,5.0,0.0,0.0,6.779999999999999,1.49,12.7,1.49,12.7,0.04525979251397377,4.13,3.0,Medium
2022-03-04,258,AHEAD,203730,9396,1.0,5.0,20.0,35.0,26.0,12.0,2.0,2022,3,4,4,Friday,0,9,3.0,0.6,4.0,1.0,1.0,7.876,4.25,12.7,8.17,4.25,0.0461198645265793,4.27,2.0,Hard
2022-03-03,257,MOURN,240018,10465,1.0,8.0,29.0,34.0,19.0,8.0,1.0,2022,3,3,3,Thursday,0,9,2.0,0.4,5.0,0.0,0.0,5.0840000000000005,2.41,7.51,2.41,6.75,0.04360089659942171,3.9,1.0,Medium
2022-03-02,256,NASTY,257304,10813,1.0,7.0,26.0,31.0,21.0,11.0,2.0,2022,3,2,2,Wednesday,0,9,1.0,0.2,5.0,0.0,0.0,6.456,1.97,9.06,6.75,1.97,0.042024220377452355,4.02,2.0,Medium
2022-03-01,255,RUPEE,240137,10577,1.0,2.0,17.0,35.0,30.0,13.0,2.0,2022,3,1,1,Tuesday,0,9,3.0,0.6,4.0,1.0,1.0,7.215999999999999,1.93,12.7,5.99,12.7,0.044045690584957754,4.38,2.0,Hard
2022-02-28,254,CHOKE,251094,10521,1.0,8.0,30.0,36.0,18.0,6.0,1.0,2022,2,28,0,Monday,0,9,2.0,0.4,5.0,0.0,0.0,5.97,0.77,12.7,2.78,12.7,0.04190064278716337,3.84,1.0,Medium
2022-02-27,253,CHANT,250413,10438,1.0,9.0,33.0,33.0,16.0,7.0,1.0,2022,2,27,6,Sunday,1,8,1.0,0.2,5.0,0.0,0.0,6.57,2.78,9.06,2.78,9.06,0.04168313945362261,3.79,1.0,Medium
2022-02-26,252,SPILL,248363,10087,1.0,5.0,26.0,34.0,22.0,10.0,2.0,2022,2,26,5,Saturday,1,8,1.0,0.2,4.0,1.0,1.0,4.658,1.93,6.97,6.33,4.03,0.040613940079641496,4.09,2.0,Medium
2022-02-25,251,VIVID,255907,11687,1.0,2.0,10.0,29.0,33.0,21.0,4.0,2022,2,25,4,Friday,0,8,2.0,0.4,3.0,2.0,1.0,4.029999999999999,0.98,6.97,0.98,4.25,0.04566893441758139,4.7,4.0,Hard
2022-02-24,250,BLOKE,250674,10405,1.0,6.0,21.0,32.0,25.0,12.0,2.0,2022,2,24,3,Thursday,0,8,2.0,0.4,5.0,0.0,0.0,5.3,0.77,12.7,1.49,12.7,0.04150809417809585,4.15,2.0,Medium
2022-02-23,249,TROVE,277576,11411,1.0,5.0,16.0,24.0,25.0,22.0,8.0,2022,2,23,2,Wednesday,0,8,2.0,0.4,5.0,0.0,0.0,7.248,0.98,12.7,9.06,12.7,0.0411094619131337,4.68,8.0,Hard
2022-02-22,248,THORN,306356,11814,1.0,14.0,38.0,30.0,12.0,4.0,0.0,2022,2,22,1,Tuesday,0,8,1.0,0.2,5.0,0.0,0.0,7.08,5.99,9.06,9.06,6.75,0.03856297901787463,3.47,0.0,Easy
2022-02-21,247,OTHER,278731,10887,1.0,9.0,26.0,30.0,21.0,10.0,2.0,2022,2,21,0,Monday,0,8,2.0,0.4,5.0,0.0,0.0,8.27,5.99,12.7,7.51,5.99,0.03905916457085864,3.96,2.0,Medium
2022-02-20,246,TACIT,273306,11094,1.0,4.0,21.0,32.0,26.0,14.0,3.0,2022,2,20,6,Sunday,1,7,2.0,0.4,4.0,1.0,1.0,7.208,2.78,9.06,9.06,9.06,0.040591864064455224,4.35,3.0,Hard
2022-02-19,245,SWILL,282327,11241,1.0,1.0,8.0,19.0,31.0,30.0,10.0,2022,2,19,5,Saturday,1,7,1.0,0.2,4.0,1.0,1.0,4.744000000000001,2.36,6.97,6.33,4.03,0.03981553305209916,5.08,10.0,Hard
2022-02-18,244,DODGE,265238,10220,1.0,3.0,15.0,29.0,27.0,19.0,7.0,2022,2,18,4,Friday,0,7,2.0,0.4,4.0,1.0,1.0,6.145999999999999,2.02,12.7,4.25,12.7,0.03853143214773147,4.66,7.0,Hard
2022-02-17,243,SHAKE,342003,12767,1.0,6.0,16.0,23.0,24.0,21.0,9.0,2022,2,17,3,Thursday,0,7,2.0,0.4,5.0,0.0,0.0,6.812,0.77,12.7,6.33,12.7,0.03733008189986638,4.62,9.0,Hard
2022-02-16,242,CAULK,289721,10740,1.0,4.0,20.0,31.0,26.0,15.0,3.0,2022,2,16,2,Wednesday,0,7,2.0,0.4,5.0,0.0,0.0,3.7019999999999995,0.77,8.17,2.78,0.77,0.03707014679640067,4.34,3.0,Hard
2022-02-15,241,AROMA,287836,10343,1.0,6.0,25.0,33.0,22.0,11.0,2.0,2022,2,15,1,Tuesday,0,7,3.0,0.6,4.0,1.0,1.0,6.45,2.41,8.17,8.17,8.17,0.03593365666560124,4.1,2.0,Medium
2022-02-14,240,CYNIC,261521,10343,1.0,6.0,25.0,33.0,22.0,11.0,2.0,2022,2,14,0,Monday,0,7,1.0,0.2,4.0,1.0,1.0,4.25,1.97,6.97,2.78,2.78,0.03954940521028904,4.1,2.0,Medium
2022-02-13,239,ROBIN,277471,3249,1.0,6.0,29.0,34.0,21.0,8.0,1.0,2022,2,13,6,Sunday,1,6,2.0,0.4,5.0,0.0,0.0,5.742,1.49,7.51,5.99,6.75,0.011709331786024485,3.96,1.0,Medium
2022-02-12,238,ULTRA,269885,9310,1.0,7.0,23.0,34.0,24.0,10.0,1.0,2022,2,12,5,Saturday,1,6,2.0,0.4,5.0,0.0,0.0,6.002000000000001,2.76,9.06,2.76,8.17,0.034496174296459604,4.07,1.0,Medium
2022-02-11,237,ULCER,278826,10631,1.0,4.0,18.0,30.0,28.0,16.0,3.0,2022,2,11,4,Friday,0,6,2.0,0.4,5.0,0.0,0.0,5.651999999999999,2.76,12.7,2.76,5.99,0.038127721231162086,4.4,3.0,Hard
2022-02-10,236,PAUSE,304830,13480,1.0,8.0,26.0,32.0,21.0,10.0,2.0,2022,2,10,3,Thursday,0,6,3.0,0.6,5.0,0.0,0.0,6.377999999999999,1.93,12.7,1.93,12.7,0.04422136928779976,4.02,2.0,Medium
2022-02-09,235,HUMOR,305372,13846,1.0,5.0,22.0,34.0,25.0,11.0,2.0,2022,2,9,2,Wednesday,0,6,2.0,0.4,5.0,0.0,0.0,4.952,2.41,7.51,6.09,5.99,0.04534141964554707,4.18,2.0,Medium
2022-02-08,234,FRAME,336236,15369,1.0,10.0,20.0,24.0,24.0,17.0,3.0,2022,2,8,1,Tuesday,0,6,2.0,0.4,5.0,0.0,0.0,6.3,2.23,12.7,2.23,12.7,0.045708966321274344,4.2,3.0,Hard
2022-02-07,233,ELDER,288228,13340,1.0,3.0,13.0,24.0,30.0,24.0,5.0,2022,2,7,0,Monday,0,6,2.0,0.4,4.0,1.0,1.0,7.934,4.03,12.7,12.7,5.99,0.04628280389136378,4.71,5.0,Hard
2022-02-06,232,SKILL,311018,13716,1.0,3.0,17.0,33.0,27.0,16.0,3.0,2022,2,6,6,Sunday,1,5,1.0,0.2,4.0,1.0,1.0,4.426,0.77,6.97,6.33,4.03,0.04410034145933676,4.42,3.0,Hard
2022-02-05,231,ALOFT,319698,13708,1.0,4.0,22.0,36.0,25.0,11.0,2.0,2022,2,5,5,Saturday,1,5,2.0,0.4,5.0,0.0,0.0,6.2,2.23,9.06,8.17,9.06,0.04287796608048846,4.24,2.0,Hard
2022-02-04,230,PLEAT,359679,14813,1.0,10.0,28.0,31.0,19.0,9.0,2.0,2022,2,4,4,Friday,0,5,2.0,0.4,5.0,0.0,0.0,7.178,1.93,12.7,1.93,9.06,0.041183944572799634,3.92,2.0,Medium
2022-02-03,229,SHARD,358176,14609,1.0,7.0,22.0,28.0,25.0,14.0,4.0,2022,2,3,3,Thursday,0,5,1.0,0.2,5.0,0.0,0.0,6.1659999999999995,4.25,8.17,6.33,4.25,0.04078721075672295,4.3,4.0,Hard
2022-02-02,228,MOIST,361908,14205,3.0,13.0,32.0,29.0,16.0,7.0,1.0,2022,2,2,2,Wednesday,0,5,2.0,0.4,5.0,0.0,0.0,6.456,2.41,9.06,2.41,9.06,0.03925030670778209,3.7,1.0,Medium
2022-02-01,227,THOSE,351663,13606,1.0,13.0,34.0,30.0,15.0,6.0,1.0,2022,2,1,1,Tuesday,0,5,2.0,0.4,5.0,0.0,0.0,8.338,6.09,12.7,9.06,12.7,0.03869045080090883,3.67,1.0,Easy
2022-01-31,226,LIGHT,341314,13347,1.0,10.0,25.0,27.0,19.0,12.0,5.0,2022,1,31,0,Monday,0,5,1.0,0.2,5.0,0.0,0.0,5.634,2.02,9.06,4.03,9.06,0.03910475398020591,4.06,5.0,Medium
2022-01-30,225,WRUNG,294687,11524,0.0,2.0,18.0,39.0,27.0,12.0,2.0,2022,1,30,6,Sunday,1,4,1.0,0.2,5.0,0.0,0.0,3.976,2.02,6.75,2.36,2.02,0.03910589880110083,4.35,2.0,Hard
2022-01-29,224,COULD,313220,11592,1.0,7.0,29.0,35.0,20.0,8.0,1.0,2022,1,29,5,Saturday,1,4,2.0,0.4,5.0,0.0,0.0,4.266,2.76,7.51,2.78,4.25,0.037009130962262944,3.97,1.0,Medium
2022-01-28,223,PERKY,296968,11148,1.0,4.0,17.0,30.0,27.0,17.0,4.0,2022,1,28,4,Friday,0,4,1.0,0.2,5.0,0.0,0.0,4.671999999999999,0.77,12.7,1.93,1.97,0.037539398184316154,4.45,4.0,Hard
2022-01-27,222,MOUNT,331844,11451,1.0,9.0,29.0,33.0,19.0,7.0,1.0,2022,1,27,3,Thursday,0,4,2.0,0.4,5.0,0.0,0.0,5.698,2.41,9.06,2.41,9.06,0.03450717807162402,3.82,1.0,Medium
2022-01-26,221,WHACK,302348,10163,1.0,4.0,22.0,37.0,24.0,10.0,2.0,2022,1,26,2,Wednesday,0,4,1.0,0.2,5.0,0.0,0.0,4.034,0.77,8.17,2.36,0.77,0.03361358434651461,4.17,2.0,Medium
2022-01-25,220,SUGAR,276404,8708,1.0,6.0,25.0,34.0,23.0,9.0,1.0,2022,1,25,1,Tuesday,0,4,2.0,0.4,5.0,0.0,0.0,5.054,2.02,8.17,6.33,5.99,0.03150460919523596,4.0,1.0,Medium
2022-01-24,219,KNOLL,258038,8317,1.0,1.0,11.0,29.0,33.0,21.0,4.0,2022,1,24,0,Monday,0,4,1.0,0.2,4.0,1.0,1.0,4.618,0.77,7.51,0.77,4.03,0.032231686805819296,4.71,4.0,Hard
2022-01-23,218,CRIMP,269929,7630,1.0,5.0,28.0,38.0,20.0,7.0,1.0,2022,1,23,6,Sunday,1,3,1.0,0.2,5.0,0.0,0.0,4.016,1.93,6.97,2.78,1.93,0.02826669235243342,3.96,1.0,Medium
2022-01-22,217,WINCE,241489,6850,1.0,3.0,17.0,33.0,29.0,15.0,3.0,2022,1,22,5,Saturday,1,3,2.0,0.4,5.0,0.0,0.0,6.311999999999999,2.36,12.7,2.36,12.7,0.02836568125256223,4.46,3.0,Hard
2022-01-21,216,PRICK,273727,7409,1.0,8.0,30.0,33.0,19.0,7.0,1.0,2022,1,21,4,Friday,0,3,1.0,0.2,5.0,0.0,0.0,3.688,0.77,6.97,1.93,0.77,0.027067114314627348,3.83,1.0,Medium
2022-01-20,215,ROBOT,243964,6589,1.0,8.0,29.0,34.0,20.0,8.0,1.0,2022,1,20,3,Thursday,0,3,2.0,0.4,4.0,1.0,1.0,6.312,1.49,9.06,5.99,9.06,0.027008083159810462,3.95,1.0,Medium
2022-01-19,214,POINT,280622,7094,1.0,16.0,37.0,28.0,12.0,4.0,1.0,2022,1,19,2,Wednesday,0,3,2.0,0.4,5.0,0.0,0.0,6.444,1.93,9.06,1.93,9.06,0.02527955755429011,3.47,1.0,Easy
2022-01-18,213,PROXY,220950,6206,1.0,2.0,11.0,24.0,31.0,26.0,6.0,2022,1,18,1,Tuesday,0,3,1.0,0.2,5.0,0.0,0.0,3.5100000000000002,0.15,7.51,1.93,1.97,0.028087802670287397,4.87,6.0,Hard
2022-01-17,212,SHIRE,222197,5640,1.0,8.0,32.0,32.0,18.0,8.0,2.0,2022,1,17,0,Monday,0,3,2.0,0.4,5.0,0.0,0.0,7.616,5.99,12.7,6.33,12.7,0.025382880956988617,3.93,2.0,Medium
2022-01-16,211,SOLAR,209609,4955,1.0,9.0,32.0,32.0,18.0,7.0,1.0,2022,1,16,6,Sunday,1,2,2.0,0.4,5.0,0.0,0.0,6.406000000000001,4.03,8.17,6.33,5.99,0.023639252131349323,3.82,1.0,Medium
2022-01-15,210,PANIC,205880,4655,1.0,9.0,35.0,34.0,16.0,5.0,1.0,2022,1,15,5,Saturday,1,2,2.0,0.4,5.0,0.0,0.0,5.32,1.93,8.17,1.93,2.78,0.022610258402953175,3.77,1.0,Medium
2022-01-14,209,TANGY,169484,3985,1.0,4.0,21.0,30.0,24.0,15.0,5.0,2022,1,14,4,Friday,0,2,1.0,0.2,5.0,0.0,0.0,5.593999999999999,1.97,9.06,9.06,1.97,0.02351254395695169,4.37,5.0,Hard
2022-01-13,208,ABBEY,132726,3345,1.0,2.0,13.0,29.0,31.0,20.0,3.0,2022,1,13,3,Thursday,0,2,2.0,0.4,4.0,1.0,1.0,5.164,1.49,12.7,8.17,1.97,0.025202296460377017,4.56,3.0,Hard
2022-01-12,207,FAVOR ,137586,3073,1.0,4.0,15.0,26.0,29.0,21.0,4.0,2022,1,12,2,Wednesday,0,2,2.0,0.3333333333333333,6.0,0.0,0.0,4.146666666666667,0.0,8.17,2.23,0.0,0.022335121305946826,4.57,4.0,Hard
2022-01-11,206,DRINK,153880,3017,1.0,9.0,35.0,34.0,16.0,5.0,1.0,2022,1,11,1,Tuesday,0,2,1.0,0.2,5.0,0.0,0.0,4.946,0.77,6.97,4.25,0.77,0.019606186638939434,3.77,1.0,Medium
2022-01-10,205,QUERY,107134,2242,1.0,4.0,16.0,30.0,30.0,17.0,2.0,2022,1,10,0,Monday,0,2,2.0,0.4,5.0,0.0,0.0,4.703999999999999,0.1,12.7,0.1,1.97,0.02092706330389979,4.43,2.0,Hard
2022-01-09,204,GORGE,91477,1913,1.0,3.0,13.0,27.0,30.0,22.0,4.0,2022,1,9,6,Sunday,1,1,2.0,0.4,4.0,1.0,1.0,6.048,2.02,12.7,2.02,12.7,0.020912360484056102,4.64,4.0,Hard
2022-01-08,203,CRANK,101503,1763,1.0,5.0,23.0,31.0,24.0,14.0,2.0,2022,1,8,5,Saturday,1,1,1.0,0.2,5.0,0.0,0.0,4.8919999999999995,0.77,8.17,2.78,0.77,0.017368944760253392,4.22,2.0,Hard
2022-01-07,202,SLUMP,80630,1362,1.0,3.0,23.0,39.0,24.0,9.0,1.0,2022,1,7,4,Friday,0,1,1.0,0.2,5.0,0.0,0.0,3.492,1.93,6.33,6.33,1.93,0.01689197569142999,4.13,1.0,Medium
